id,estructura,codigo_material,descripcion,cantidad,total_uso
1,HAV-300-09,1005404,POSTE HORMIGON ARMADO VIB 300DAN 9M,1.0,0.0
2,HAV-300-10,1005403,POSTE HORMIGON ARMADO VIB 300DAN 10.5M,1.0,0.0
3,HAV-500-10,1005405,POSTE HORMIGON ARMADO VIB 500DAN 10.5M,1.0,0.0
4,HAV-500-12,1005406,POSTE HORMIGON ARMADO VIB 500DAN 12M,1.0,0.0
5,HAV-500-14,1005407,POSTE HORMIGON ARMADO VIB 500DAN 14M,1.0,0.0
6,HAV-800-12,1005410,POSTE HORMIGON ARMADO VIB 800DAN 12M,1.0,0.0
7,HAV-800-14,1005411,POSTE HORMIGON ARMADO VIB 800DAN 14M,1.0,0.0
8,HAV-800-10,1005409,POSTE HORMIGON ARMADO VIB 800DAN 10.5M,1.0,0.0
9,HAV-800-15,1005763,POSTE HORMIGON ARMADO VIB 800DAN 15M,1.0,0.0
10,M - 9 - CL5,1005401,POSTE MADERA 9M CLASE 5,1.0,0.0
11,M - 10 - CL5,1005414,POSTE MADERA 10.5M CLASE 5,1.0,0.0
12,M - 10 - CL3,1005413,POSTE MADERA 10.5M CLASE 3,1.0,0.0
13,M - 12 - CL3,1005415,POSTE MADERA 12M CLASE 3,1.0,0.0
14,M - 18 - CL5,1005746,POSTE 60 CLASE III,1.0,0.0
15,MCH-300-10,1005754,"POSTE METALICO CHAPA 300 DAN 10,5 M",1.0,0.0
16,MCH-300-9,1005753,POSTE METALICO CHAPA 300 DAN 9 M,1.0,0.0
17,MCH-500-10,1008122,POSTE METALICO METAL 500 DAN 10  M.,1.0,0.0
18,MCH-500-12,1008121,POSTE METALICO CHAPA 500 DAN 12 M,1.0,0.0
19,MCH-500-14,1005757,POSTE METALICO CHAPA 500 DAN 14  M.,1.0,0.0
20,MCH-800-12,1008123,POSTE METALICO CHAPA 800-12,1.0,0.0
21,MCH-800-14,1008124,POSTE METALICO CHAPA 800-14,1.0,0.0
22,MTA-101 (55-5),1007039,"TORNILLOCABEZA HEXAGONAL 5/8"" X 3""",0.0,0.0
23,MTA-101 (55-5),1006579,"ESPIGA ACERO GAL VASTAGO 3/4"" X 7 3/4""",2.0,0.0
24,MTA-101 (55-5),1006696,GRAPA CONEXION DOBLE S/TOR,0.0,0.0
25,MTA-101 (55-5),1005947,ALAMBRE LIGADURAALUMINIO,2.0,0.0
26,MTA-101 (55-5),1006250,"ARAN PLAN CUA AC GALV 21/4""X21/4"" D 5/8""",2.0,0.0
27,MTA-101 (55-5),1006262,"ARANDELA PRESION ACERO GALV P/TORN 1/2""",1.0,0.0
28,MTA-101 (55-5),1006238,AISLADOR PORC.TIPO ESPIGA ANSI 55-5,2.0,0.0
29,MTA-101 (55-5),1006506,"CRUCETA ACERO GALV 5'-7"" 3"" X 3""",1.0,0.0
30,MTA-101 (55-5),1006602,"FLEJE GALV 13/4""X13/4""X3/16""X60""ORF9/16""",1.0,0.0
31,MTA-101 (55-5),1007057,"TORNILLO HEX PAS AC GALV 5/8"" X 12""",2.0,0.0
32,MTA-101 (55-5),1007200,"TORNILLO MAQUINA 1/2"" X 2""",1.0,0.0
33,MTA-101 (55-5),1006264,"ARANDELA PRESION ACERO GALV P/TORN 5/8""",2.0,0.0
34,MTA-101 (57-1),1007039,"TORNILLOCABEZA HEXAGONAL 5/8"" X 3""",0.0,0.0
35,MTA-101 (57-1),1006838,PERNO CORTO GALVANIZADO ANSI 57-1/3,2.0,0.0
36,MTA-101 (57-1),1006696,GRAPA CONEXION DOBLE S/TOR,0.0,0.0
37,MTA-101 (57-1),1005947,ALAMBRE LIGADURAALUMINIO,2.0,0.0
38,MTA-101 (57-1),1006250,"ARAN PLAN CUA AC GALV 21/4""X21/4"" D 5/8""",2.0,0.0
39,MTA-101 (57-1),1006262,"ARANDELA PRESION ACERO GALV P/TORN 1/2""",1.0,0.0
40,MTA-101 (57-1),1006241,AISLADOR PORC.TIPO LINE POST ANSI 57-1,2.0,0.0
41,MTA-101 (57-1),1006506,"CRUCETA ACERO GALV 5'-7"" 3"" X 3""",1.0,0.0
42,MTA-101 (57-1),1006602,"FLEJE GALV 13/4""X13/4""X3/16""X60""ORF9/16""",1.0,0.0
43,MTA-101 (57-1),1007057,"TORNILLO HEX PAS AC GALV 5/8"" X 12""",2.0,0.0
44,MTA-101 (57-1),1007200,"TORNILLO MAQUINA 1/2"" X 2""",1.0,0.0
45,MTA-101 (57-1),1006264,"ARANDELA PRESION ACERO GALV P/TORN 5/8""",2.0,0.0
46,MTA-102 (55-5),1007094,"TUERCA CAB HEX AC GALV P/TORNILLO 5/8""",0.0,0.0
47,MTA-102 (55-5),1006840,"PERNO ROSCA CORRIDA AC GALV 5/8"" X12""",2.0,0.0
48,MTA-102 (55-5),1005947,ALAMBRE LIGADURAALUMINIO,4.0,0.0
49,MTA-102 (55-5),1006262,"ARANDELA PRESION ACERO GALV P/TORN 1/2""",6.0,0.0
50,MTA-102 (55-5),1007057,"TORNILLO HEX PAS AC GALV 5/8"" X 12""",1.0,0.0
51,MTA-102 (55-5),1006264,"ARANDELA PRESION ACERO GALV P/TORN 5/8""",7.0,0.0
52,MTA-102 (55-5),1006602,"FLEJE GALV 13/4""X13/4""X3/16""X60""ORF9/16""",1.0,0.0
53,MTA-102 (55-5),1006506,"CRUCETA ACERO GALV 5'-7"" 3"" X 3""",2.0,0.0
54,MTA-102 (55-5),1007282,"TORNILLO ESP ROSCA CORRIDA 1/2"" X12""",1.0,0.0
55,MTA-102 (55-5),1006250,"ARAN PLAN CUA AC GALV 21/4""X21/4"" D 5/8""",1.0,0.0
56,MTA-102 (55-5),1006579,"ESPIGA ACERO GAL VASTAGO 3/4"" X 7 3/4""",4.0,0.0
57,MTA-102 (55-5),1006238,AISLADOR PORC.TIPO ESPIGA ANSI 55-5,4.0,0.0
58,MTA-102 (57-1),1007094,"TUERCA CAB HEX AC GALV P/TORNILLO 5/8""",0.0,0.0
59,MTA-102 (57-1),1006840,"PERNO ROSCA CORRIDA AC GALV 5/8"" X12""",2.0,0.0
60,MTA-102 (57-1),1005947,ALAMBRE LIGADURAALUMINIO,4.0,0.0
61,MTA-102 (57-1),1006262,"ARANDELA PRESION ACERO GALV P/TORN 1/2""",6.0,0.0
62,MTA-102 (57-1),1006264,"ARANDELA PRESION ACERO GALV P/TORN 5/8""",7.0,0.0
63,MTA-102 (57-1),1006602,"FLEJE GALV 13/4""X13/4""X3/16""X60""ORF9/16""",1.0,0.0
64,MTA-102 (57-1),1007057,"TORNILLO HEX PAS AC GALV 5/8"" X 12""",1.0,0.0
65,MTA-102 (57-1),1006506,"CRUCETA ACERO GALV 5'-7"" 3"" X 3""",2.0,0.0
66,MTA-102 (57-1),1007282,"TORNILLO ESP ROSCA CORRIDA 1/2"" X12""",1.0,0.0
67,MTA-102 (57-1),1006250,"ARAN PLAN CUA AC GALV 21/4""X21/4"" D 5/8""",1.0,0.0
68,MTA-102 (57-1),1006838,PERNO CORTO GALVANIZADO ANSI 57-1/3,4.0,0.0
69,MTA-102 (57-1),1006241,AISLADOR PORC.TIPO LINE POST ANSI 57-1,4.0,0.0
70,MTA-103 (55-5),1006694,GRAPA RETENCION 2/0 AWG A 4/0 AWG,4.0,0.0
71,MTA-103 (55-5),1006262,"ARANDELA PRESION ACERO GALV P/TORN 1/2""",1.0,0.0
72,MTA-103 (55-5),1007094,"TUERCA CAB HEX AC GALV P/TORNILLO 5/8""",0.0,0.0
73,MTA-103 (55-5),1006696,GRAPA CONEXION DOBLE S/TOR,0.0,0.0
74,MTA-103 (55-5),1006238,AISLADOR PORC.TIPO ESPIGA ANSI 55-5,2.0,0.0
75,MTA-103 (55-5),1006579,"ESPIGA ACERO GAL VASTAGO 3/4"" X 7 3/4""",2.0,0.0
76,MTA-103 (55-5),1006234,AISLADOR PORC.TIPO SUSPENSION ANSI 52-1,4.0,0.0
77,MTA-103 (55-5),1007099,"TUERCA D/OJO AC GALV P/TORNILLO 5/8""",4.0,0.0
78,MTA-103 (55-5),1007057,"TORNILLO HEX PAS AC GALV 5/8"" X 12""",0.0,0.0
79,MTA-103 (55-5),1006840,"PERNO ROSCA CORRIDA AC GALV 5/8"" X12""",3.0,0.0
80,MTA-103 (55-5),1006264,"ARANDELA PRESION ACERO GALV P/TORN 5/8""",10.0,0.0
81,MTA-103 (55-5),1006506,"CRUCETA ACERO GALV 5'-7"" 3"" X 3""",2.0,0.0
82,MTA-103 (55-5),1006601,"FLEJE GALV 1-1/4"" X 1/4"" X 28'ORIF 9/16""",4.0,0.0
83,MTA-103 (55-5),1006265,"ARANDELA PRESION ACERO GALV P/TORN 3/8""",4.0,0.0
84,MTA-103 (55-5),1007052,"TORNILLO HEX PAS AC GALV 3/8"" X 2""",4.0,0.0
85,MTA-103 (55-5),1008251,"TORNILLO MAQUINA AC GALV 1/2"" X 12""",1.0,0.0
86,MTA-103 (55-5),1005947,ALAMBRE LIGADURAALUMINIO,2.0,0.0
87,MTA-103 (57-1),1006694,GRAPA RETENCION 2/0 AWG A 4/0 AWG,4.0,0.0
88,MTA-103 (57-1),1006262,"ARANDELA PRESION ACERO GALV P/TORN 1/2""",1.0,0.0
89,MTA-103 (57-1),1007094,"TUERCA CAB HEX AC GALV P/TORNILLO 5/8""",0.0,0.0
90,MTA-103 (57-1),1006696,GRAPA CONEXION DOBLE S/TOR,0.0,0.0
91,MTA-103 (57-1),1006241,AISLADOR PORC.TIPO LINE POST ANSI 57-1,2.0,0.0
92,MTA-103 (57-1),1006838,PERNO CORTO GALVANIZADO ANSI 57-1/3,2.0,0.0
93,MTA-103 (57-1),1006230,AISLADOR COMPOSITE T/SUSPENSION 13.2KV,2.0,0.0
94,MTA-103 (57-1),1007099,"TUERCA D/OJO AC GALV P/TORNILLO 5/8""",4.0,0.0
95,MTA-103 (57-1),1007057,"TORNILLO HEX PAS AC GALV 5/8"" X 12""",0.0,0.0
96,MTA-103 (57-1),1006840,"PERNO ROSCA CORRIDA AC GALV 5/8"" X12""",3.0,0.0
97,MTA-103 (57-1),1006264,"ARANDELA PRESION ACERO GALV P/TORN 5/8""",10.0,0.0
98,MTA-103 (57-1),1006506,"CRUCETA ACERO GALV 5'-7"" 3"" X 3""",2.0,0.0
99,MTA-103 (57-1),1006601,"FLEJE GALV 1-1/4"" X 1/4"" X 28'ORIF 9/16""",4.0,0.0
100,MTA-103 (57-1),1006265,"ARANDELA PRESION ACERO GALV P/TORN 3/8""",4.0,0.0
101,MTA-103 (57-1),1007052,"TORNILLO HEX PAS AC GALV 3/8"" X 2""",4.0,0.0
102,MTA-103 (57-1),1008251,"TORNILLO MAQUINA AC GALV 1/2"" X 12""",1.0,0.0
103,MTA-103 (57-1),1005947,ALAMBRE LIGADURAALUMINIO,2.0,0.0
104,MTA-103 CC (55-5),1006694,GRAPA RETENCION 2/0 AWG A 4/0 AWG,4.0,0.0
105,MTA-103 CC (55-5),1006262,"ARANDELA PRESION ACERO GALV P/TORN 1/2""",1.0,0.0
106,MTA-103 CC (55-5),1007094,"TUERCA CAB HEX AC GALV P/TORNILLO 5/8""",0.0,0.0
107,MTA-103 CC (55-5),1006696,GRAPA CONEXION DOBLE S/TOR,0.0,0.0
108,MTA-103 CC (55-5),1006580,"ESPIGA ACERO GALV 20"" P/INST CZA POSTE",1.0,0.0
109,MTA-103 CC (55-5),1006250,"ARAN PLAN CUA AC GALV 21/4""X21/4"" D 5/8""",2.0,0.0
110,MTA-103 CC (55-5),1006238,AISLADOR PORC.TIPO ESPIGA ANSI 55-5,1.0,0.0
111,MTA-103 CC (55-5),1006234,AISLADOR PORC.TIPO SUSPENSION ANSI 52-1,4.0,0.0
112,MTA-103 CC (55-5),1007099,"TUERCA D/OJO AC GALV P/TORNILLO 5/8""",4.0,0.0
113,MTA-103 CC (55-5),1007057,"TORNILLO HEX PAS AC GALV 5/8"" X 12""",2.0,0.0
114,MTA-103 CC (55-5),1006840,"PERNO ROSCA CORRIDA AC GALV 5/8"" X12""",3.0,0.0
115,MTA-103 CC (55-5),1006264,"ARANDELA PRESION ACERO GALV P/TORN 5/8""",12.0,0.0
116,MTA-103 CC (55-5),1006506,"CRUCETA ACERO GALV 5'-7"" 3"" X 3""",2.0,0.0
117,MTA-103 CC (55-5),1006601,"FLEJE GALV 1-1/4"" X 1/4"" X 28'ORIF 9/16""",4.0,0.0
118,MTA-103 CC (55-5),1006265,"ARANDELA PRESION ACERO GALV P/TORN 3/8""",4.0,0.0
119,MTA-103 CC (55-5),1007052,"TORNILLO HEX PAS AC GALV 3/8"" X 2""",4.0,0.0
120,MTA-103 CC (55-5),1008251,"TORNILLO MAQUINA AC GALV 1/2"" X 12""",1.0,0.0
121,MTA-103 CC (55-5),1005947,ALAMBRE LIGADURAALUMINIO,1.0,0.0
122,MTA-103 CC (57-1),1006694,GRAPA RETENCION 2/0 AWG A 4/0 AWG,4.0,0.0
123,MTA-103 CC (57-1),1006262,"ARANDELA PRESION ACERO GALV P/TORN 1/2""",1.0,0.0
124,MTA-103 CC (57-1),1007094,"TUERCA CAB HEX AC GALV P/TORNILLO 5/8""",0.0,0.0
125,MTA-103 CC (57-1),1006696,GRAPA CONEXION DOBLE S/TOR,0.0,0.0
126,MTA-103 CC (57-1),1006940,SOPORTE DE ACERO PARA AISLADOR RIGIDO EN CABEZA DE POSTE,1.0,0.0
127,MTA-103 CC (57-1),1006250,"ARAN PLAN CUA AC GALV 21/4""X21/4"" D 5/8""",2.0,0.0
128,MTA-103 CC (57-1),1006241,AISLADOR PORC.TIPO LINE POST ANSI 57-1,1.0,0.0
129,MTA-103 CC (57-1),1006230,AISLADOR COMPOSITE T/SUSPENSION 13.2KV,2.0,0.0
130,MTA-103 CC (57-1),1006838,PERNO CORTO GALVANIZADO ANSI 57-1/3,1.0,0.0
131,MTA-103 CC (57-1),1007099,"TUERCA D/OJO AC GALV P/TORNILLO 5/8""",4.0,0.0
132,MTA-103 CC (57-1),1007057,"TORNILLO HEX PAS AC GALV 5/8"" X 12""",2.0,0.0
133,MTA-103 CC (57-1),1006840,"PERNO ROSCA CORRIDA AC GALV 5/8"" X12""",3.0,0.0
134,MTA-103 CC (57-1),1006264,"ARANDELA PRESION ACERO GALV P/TORN 5/8""",12.0,0.0
135,MTA-103 CC (57-1),1006506,"CRUCETA ACERO GALV 5'-7"" 3"" X 3""",2.0,0.0
136,MTA-103 CC (57-1),1006601,"FLEJE GALV 1-1/4"" X 1/4"" X 28'ORIF 9/16""",4.0,0.0
137,MTA-103 CC (57-1),1006265,"ARANDELA PRESION ACERO GALV P/TORN 3/8""",4.0,0.0
138,MTA-103 CC (57-1),1007052,"TORNILLO HEX PAS AC GALV 3/8"" X 2""",4.0,0.0
139,MTA-103 CC (57-1),1008251,"TORNILLO MAQUINA AC GALV 1/2"" X 12""",1.0,0.0
140,MTA-103 CC (57-1),1005947,ALAMBRE LIGADURAALUMINIO,1.0,0.0
141,MTA-104 (55-5),1006696,GRAPA CONEXION DOBLE S/TOR,0.0,0.0
142,MTA-104 (55-5),1005947,ALAMBRE LIGADURAALUMINIO,2.0,0.0
143,MTA-104 (55-5),1006234,AISLADOR PORC.TIPO SUSPENSION ANSI 52-1,4.0,0.0
144,MTA-104 (55-5),1007099,"TUERCA D/OJO AC GALV P/TORNILLO 5/8""",4.0,0.0
145,MTA-104 (55-5),1006694,GRAPA RETENCION 2/0 AWG A 4/0 AWG,4.0,0.0
146,MTA-104 (55-5),1006579,"ESPIGA ACERO GAL VASTAGO 3/4"" X 7 3/4""",2.0,0.0
147,MTA-104 (55-5),1006238,AISLADOR PORC.TIPO ESPIGA ANSI 55-5,2.0,0.0
148,MTA-104 (55-5),1008251,"TORNILLO MAQUINA AC GALV 1/2"" X 12""",2.0,0.0
149,MTA-104 (55-5),1007052,"TORNILLO HEX PAS AC GALV 3/8"" X 2""",8.0,0.0
150,MTA-104 (55-5),1006262,"ARANDELA PRESION ACERO GALV P/TORN 1/2""",2.0,0.0
151,MTA-104 (55-5),1006265,"ARANDELA PRESION ACERO GALV P/TORN 3/8""",8.0,0.0
152,MTA-104 (55-5),1006601,"FLEJE GALV 1-1/4"" X 1/4"" X 28'ORIF 9/16""",8.0,0.0
153,MTA-104 (55-5),1006264,"ARANDELA PRESION ACERO GALV P/TORN 5/8""",20.0,0.0
154,MTA-104 (55-5),1006840,"PERNO ROSCA CORRIDA AC GALV 5/8"" X12""",6.0,0.0
155,MTA-104 (55-5),1007094,"TUERCA CAB HEX AC GALV P/TORNILLO 5/8""",0.0,0.0
156,MTA-104 (55-5),1006506,"CRUCETA ACERO GALV 5'-7"" 3"" X 3""",4.0,0.0
157,MTA-104 (57-1),1006696,GRAPA CONEXION DOBLE S/TOR,0.0,0.0
158,MTA-104 (57-1),1005947,ALAMBRE LIGADURAALUMINIO,2.0,0.0
159,MTA-104 (57-1),1006230,AISLADOR COMPOSITE T/SUSPENSION 13.2KV,2.0,0.0
160,MTA-104 (57-1),1007099,"TUERCA D/OJO AC GALV P/TORNILLO 5/8""",4.0,0.0
161,MTA-104 (57-1),1006694,GRAPA RETENCION 2/0 AWG A 4/0 AWG,4.0,0.0
162,MTA-104 (57-1),1006579,"ESPIGA ACERO GAL VASTAGO 3/4"" X 7 3/4""",0.0,0.0
163,MTA-104 (57-1),1006241,AISLADOR PORC.TIPO LINE POST ANSI 57-1,2.0,0.0
164,MTA-104 (57-1),1006838,PERNO CORTO GALVANIZADO ANSI 57-1/3,2.0,0.0
165,MTA-104 (57-1),1008251,"TORNILLO MAQUINA AC GALV 1/2"" X 12""",2.0,0.0
166,MTA-104 (57-1),1007052,"TORNILLO HEX PAS AC GALV 3/8"" X 2""",8.0,0.0
167,MTA-104 (57-1),1006262,"ARANDELA PRESION ACERO GALV P/TORN 1/2""",2.0,0.0
168,MTA-104 (57-1),1006265,"ARANDELA PRESION ACERO GALV P/TORN 3/8""",8.0,0.0
169,MTA-104 (57-1),1006601,"FLEJE GALV 1-1/4"" X 1/4"" X 28'ORIF 9/16""",8.0,0.0
170,MTA-104 (57-1),1006264,"ARANDELA PRESION ACERO GALV P/TORN 5/8""",20.0,0.0
171,MTA-104 (57-1),1006840,"PERNO ROSCA CORRIDA AC GALV 5/8"" X12""",6.0,0.0
172,MTA-104 (57-1),1007094,"TUERCA CAB HEX AC GALV P/TORNILLO 5/8""",0.0,0.0
173,MTA-104 (57-1),1006506,"CRUCETA ACERO GALV 5'-7"" 3"" X 3""",4.0,0.0
174,MTA-105 (55-5),1006696,GRAPA CONEXION DOBLE S/TOR,0.0,0.0
175,MTA-105 (55-5),1007094,"TUERCA CAB HEX AC GALV P/TORNILLO 5/8""",0.0,0.0
176,MTA-105 (55-5),1007099,"TUERCA D/OJO AC GALV P/TORNILLO 5/8""",2.0,0.0
177,MTA-105 (55-5),1006694,GRAPA RETENCION 2/0 AWG A 4/0 AWG,2.0,0.0
178,MTA-105 (55-5),1006234,AISLADOR PORC.TIPO SUSPENSION ANSI 52-1,2.0,0.0
179,MTA-105 (55-5),1006264,"ARANDELA PRESION ACERO GALV P/TORN 5/8""",10.0,0.0
180,MTA-105 (55-5),1006262,"ARANDELA PRESION ACERO GALV P/TORN 1/2""",1.0,0.0
181,MTA-105 (55-5),1006506,"CRUCETA ACERO GALV 5'-7"" 3"" X 3""",2.0,0.0
182,MTA-105 (55-5),1006840,"PERNO ROSCA CORRIDA AC GALV 5/8"" X12""",3.0,0.0
183,MTA-105 (55-5),1006601,"FLEJE GALV 1-1/4"" X 1/4"" X 28'ORIF 9/16""",4.0,0.0
184,MTA-105 (55-5),1006265,"ARANDELA PRESION ACERO GALV P/TORN 3/8""",4.0,0.0
185,MTA-105 (55-5),1008251,"TORNILLO MAQUINA AC GALV 1/2"" X 12""",1.0,0.0
186,MTA-105 (55-5),1007052,"TORNILLO HEX PAS AC GALV 3/8"" X 2""",4.0,0.0
187,MTA-105 (57-1),1006696,GRAPA CONEXION DOBLE S/TOR,0.0,0.0
188,MTA-105 (57-1),1007094,"TUERCA CAB HEX AC GALV P/TORNILLO 5/8""",0.0,0.0
189,MTA-105 (57-1),1007099,"TUERCA D/OJO AC GALV P/TORNILLO 5/8""",2.0,0.0
190,MTA-105 (57-1),1006694,GRAPA RETENCION 2/0 AWG A 4/0 AWG,2.0,0.0
191,MTA-105 (57-1),1006230,AISLADOR COMPOSITE T/SUSPENSION 13.2KV,1.0,0.0
192,MTA-105 (57-1),1006264,"ARANDELA PRESION ACERO GALV P/TORN 5/8""",10.0,0.0
193,MTA-105 (57-1),1006262,"ARANDELA PRESION ACERO GALV P/TORN 1/2""",1.0,0.0
194,MTA-105 (57-1),1006506,"CRUCETA ACERO GALV 5'-7"" 3"" X 3""",2.0,0.0
195,MTA-105 (57-1),1006840,"PERNO ROSCA CORRIDA AC GALV 5/8"" X12""",3.0,0.0
196,MTA-105 (57-1),1006601,"FLEJE GALV 1-1/4"" X 1/4"" X 28'ORIF 9/16""",4.0,0.0
197,MTA-105 (57-1),1006265,"ARANDELA PRESION ACERO GALV P/TORN 3/8""",4.0,0.0
198,MTA-105 (57-1),1008251,"TORNILLO MAQUINA AC GALV 1/2"" X 12""",1.0,0.0
199,MTA-105 (57-1),1007052,"TORNILLO HEX PAS AC GALV 3/8"" X 2""",4.0,0.0
200,MTA-106 (55-5),1006250,"ARAN PLAN CUA AC GALV 21/4""X21/4"" D 5/8""",2.0,0.0
201,MTA-106 (55-5),1005947,ALAMBRE LIGADURAALUMINIO,2.0,0.0
202,MTA-106 (55-5),1006696,GRAPA CONEXION DOBLE S/TOR,0.0,0.0
203,MTA-106 (55-5),1006579,"ESPIGA ACERO GAL VASTAGO 3/4"" X 7 3/4""",2.0,0.0
204,MTA-106 (55-5),1007094,"TUERCA CAB HEX AC GALV P/TORNILLO 5/8""",0.0,0.0
205,MTA-106 (55-5),1006602,"FLEJE GALV 13/4""X13/4""X3/16""X60""ORF9/16""",1.0,0.0
206,MTA-106 (55-5),1006840,"PERNO ROSCA CORRIDA AC GALV 5/8"" X12""",3.0,0.0
207,MTA-106 (55-5),1007099,"TUERCA D/OJO AC GALV P/TORNILLO 5/8""",2.0,0.0
208,MTA-106 (55-5),1006694,GRAPA RETENCION 2/0 AWG A 4/0 AWG,2.0,0.0
209,MTA-106 (55-5),1006262,"ARANDELA PRESION ACERO GALV P/TORN 1/2""",2.0,0.0
210,MTA-106 (55-5),1006601,"FLEJE GALV 1-1/4"" X 1/4"" X 28'ORIF 9/16""",4.0,0.0
211,MTA-106 (55-5),1007052,"TORNILLO HEX PAS AC GALV 3/8"" X 2""",4.0,0.0
212,MTA-101 (55-5),1007057,"TORNILLO HEX PAS AC GALV 5/8"" X 12""",2.0,0.0
213,MTA-106 (55-5),1007200,"TORNILLO MAQUINA 1/2"" X 2""",1.0,0.0
214,MTA-106 (55-5),1006265,"ARANDELA PRESION ACERO GALV P/TORN 3/8""",4.0,0.0
215,MTA-106 (55-5),1008251,"TORNILLO MAQUINA AC GALV 1/2"" X 12""",1.0,0.0
216,MTA-106 (55-5),1006506,"CRUCETA ACERO GALV 5'-7"" 3"" X 3""",3.0,0.0
217,MTA-106 (55-5),1006234,AISLADOR PORC.TIPO SUSPENSION ANSI 52-1,2.0,0.0
218,MTA-106 (55-5),1006238,AISLADOR PORC.TIPO ESPIGA ANSI 55-5,2.0,0.0
219,MTA-106 (57-1),1006250,"ARAN PLAN CUA AC GALV 21/4""X21/4"" D 5/8""",2.0,0.0
220,MTA-106 (57-1),1005947,ALAMBRE LIGADURAALUMINIO,2.0,0.0
221,MTA-106 (57-1),1006696,GRAPA CONEXION DOBLE S/TOR,0.0,0.0
222,MTA-106 (57-1),1006838,PERNO CORTO GALVANIZADO ANSI 57-1/3,2.0,0.0
223,MTA-106 (57-1),1007094,"TUERCA CAB HEX AC GALV P/TORNILLO 5/8""",0.0,0.0
224,MTA-106 (57-1),1006602,"FLEJE GALV 13/4""X13/4""X3/16""X60""ORF9/16""",1.0,0.0
225,MTA-106 (57-1),1006840,"PERNO ROSCA CORRIDA AC GALV 5/8"" X12""",3.0,0.0
226,MTA-106 (57-1),1007099,"TUERCA D/OJO AC GALV P/TORNILLO 5/8""",2.0,0.0
227,MTA-106 (57-1),1006694,GRAPA RETENCION 2/0 AWG A 4/0 AWG,2.0,0.0
228,MTA-106 (57-1),1006262,"ARANDELA PRESION ACERO GALV P/TORN 1/2""",2.0,0.0
229,MTA-106 (57-1),1006601,"FLEJE GALV 1-1/4"" X 1/4"" X 28'ORIF 9/16""",4.0,0.0
230,MTA-106 (57-1),1007052,"TORNILLO HEX PAS AC GALV 3/8"" X 2""",4.0,0.0
231,MTA-106 (57-1),1007057,"TORNILLO HEX PAS AC GALV 5/8"" X 12""",2.0,0.0
232,MTA-106 (57-1),1007200,"TORNILLO MAQUINA 1/2"" X 2""",1.0,0.0
233,MTA-106 (57-1),1006265,"ARANDELA PRESION ACERO GALV P/TORN 3/8""",4.0,0.0
234,MTA-106 (57-1),1008251,"TORNILLO MAQUINA AC GALV 1/2"" X 12""",1.0,0.0
235,MTA-106 (57-1),1006506,"CRUCETA ACERO GALV 5'-7"" 3"" X 3""",3.0,0.0
236,MTA-106 (57-1),1006230,AISLADOR COMPOSITE T/SUSPENSION 13.2KV,1.0,0.0
237,MTA-106 (57-1),1006241,AISLADOR PORC.TIPO LINE POST ANSI 57-1,2.0,0.0
238,MTA-107 (55-5),1006696,GRAPA CONEXION DOBLE S/TOR,0.0,0.0
239,MTA-107 (55-5),1007094,"TUERCA CAB HEX AC GALV P/TORNILLO 5/8""",0.0,0.0
240,MTA-107 (55-5),1005947,ALAMBRE LIGADURAALUMINIO,2.0,0.0
241,MTA-107 (55-5),1006579,"ESPIGA ACERO GAL VASTAGO 3/4"" X 7 3/4""",2.0,0.0
242,MTA-107 (55-5),1006238,AISLADOR PORC.TIPO ESPIGA ANSI 55-5,2.0,0.0
243,MTA-107 (55-5),1007200,"TORNILLO MAQUINA 1/2"" X 2""",1.0,0.0
244,MTA-107 (55-5),1006262,"ARANDELA PRESION ACERO GALV P/TORN 1/2""",1.0,0.0
245,MTA-107 (55-5),1006264,"ARANDELA PRESION ACERO GALV P/TORN 5/8""",2.0,0.0
246,MTA-107 (55-5),1006595,"FLEJE AC GALV 1-3/4""X1-3/4""X3/16""X84""",1.0,0.0
247,MTA-107 (55-5),1007057,"TORNILLO HEX PAS AC GALV 5/8"" X 12""",2.0,0.0
248,MTA-107 (55-5),1006508,"CRUCETA ACERO GALV 8'-0""3"" X 3""",1.0,0.0
249,MTA-107 (55-5),1006250,"ARAN PLAN CUA AC GALV 21/4""X21/4"" D 5/8""",2.0,0.0
250,MTA-107 (57-1),1006696,GRAPA CONEXION DOBLE S/TOR,0.0,0.0
251,MTA-107 (57-1),1007094,"TUERCA CAB HEX AC GALV P/TORNILLO 5/8""",0.0,0.0
252,MTA-107 (57-1),1005947,ALAMBRE LIGADURAALUMINIO,2.0,0.0
253,MTA-107 (57-1),1006838,PERNO CORTO GALVANIZADO ANSI 57-1/3,2.0,0.0
254,MTA-107 (57-1),1006241,AISLADOR PORC.TIPO LINE POST ANSI 57-1,2.0,0.0
255,MTA-107 (57-1),1007200,"TORNILLO MAQUINA 1/2"" X 2""",1.0,0.0
256,MTA-107 (57-1),1006262,"ARANDELA PRESION ACERO GALV P/TORN 1/2""",1.0,0.0
257,MTA-107 (57-1),1006264,"ARANDELA PRESION ACERO GALV P/TORN 5/8""",2.0,0.0
258,MTA-107 (57-1),1006595,"FLEJE AC GALV 1-3/4""X1-3/4""X3/16""X84""",1.0,0.0
259,MTA-107 (57-1),1007057,"TORNILLO HEX PAS AC GALV 5/8"" X 12""",2.0,0.0
260,MTA-107 (57-1),1006508,"CRUCETA ACERO GALV 8'-0""3"" X 3""",1.0,0.0
261,MTA-107 (57-1),1006250,"ARAN PLAN CUA AC GALV 21/4""X21/4"" D 5/8""",2.0,0.0
262,MTA-108 (55-5),1006696,GRAPA CONEXION DOBLE S/TOR,0.0,0.0
263,MTA-108 (55-5),1007094,"TUERCA CAB HEX AC GALV P/TORNILLO 5/8""",0.0,0.0
264,MTA-108 (55-5),1005947,ALAMBRE LIGADURAALUMINIO,4.0,0.0
265,MTA-108 (55-5),1006579,"ESPIGA ACERO GAL VASTAGO 3/4"" X 7 3/4""",4.0,0.0
266,MTA-108 (55-5),1006238,AISLADOR PORC.TIPO ESPIGA ANSI 55-5,4.0,0.0
267,MTA-108 (55-5),1006262,"ARANDELA PRESION ACERO GALV P/TORN 1/2""",6.0,0.0
268,MTA-108 (55-5),1007282,"TORNILLO ESP ROSCA CORRIDA 1/2"" X12""",1.0,0.0
269,MTA-108 (55-5),1007057,"TORNILLO HEX PAS AC GALV 5/8"" X 12""",1.0,0.0
270,MTA-108 (55-5),1006250,"ARAN PLAN CUA AC GALV 21/4""X21/4"" D 5/8""",1.0,0.0
271,MTA-108 (55-5),1007200,"TORNILLO MAQUINA 1/2"" X 2""",0.0,0.0
272,MTA-108 (55-5),1006264,"ARANDELA PRESION ACERO GALV P/TORN 5/8""",11.0,0.0
273,MTA-108 (55-5),1006840,"PERNO ROSCA CORRIDA AC GALV 5/8"" X12""",3.0,0.0
274,MTA-108 (55-5),1006595,"FLEJE AC GALV 1-3/4""X1-3/4""X3/16""X84""",1.0,0.0
275,MTA-108 (55-5),1006508,"CRUCETA ACERO GALV 8'-0""3"" X 3""",2.0,0.0
276,MTA-108 (57-1),1006696,GRAPA CONEXION DOBLE S/TOR,0.0,0.0
277,MTA-108 (57-1),1007094,"TUERCA CAB HEX AC GALV P/TORNILLO 5/8""",0.0,0.0
278,MTA-108 (57-1),1005947,ALAMBRE LIGADURAALUMINIO,4.0,0.0
279,MTA-108 (57-1),1006838,PERNO CORTO GALVANIZADO ANSI 57-1/3,4.0,0.0
280,MTA-108 (57-1),1006241,AISLADOR PORC.TIPO LINE POST ANSI 57-1,4.0,0.0
281,MTA-108 (57-1),1006262,"ARANDELA PRESION ACERO GALV P/TORN 1/2""",6.0,0.0
282,MTA-108 (57-1),1007282,"TORNILLO ESP ROSCA CORRIDA 1/2"" X12""",1.0,0.0
283,MTA-108 (57-1),1007057,"TORNILLO HEX PAS AC GALV 5/8"" X 12""",1.0,0.0
284,MTA-108 (57-1),1006250,"ARAN PLAN CUA AC GALV 21/4""X21/4"" D 5/8""",1.0,0.0
285,MTA-108 (57-1),1007200,"TORNILLO MAQUINA 1/2"" X 2""",0.0,0.0
286,MTA-108 (57-1),1006264,"ARANDELA PRESION ACERO GALV P/TORN 5/8""",11.0,0.0
287,MTA-108 (57-1),1006840,"PERNO ROSCA CORRIDA AC GALV 5/8"" X12""",3.0,0.0
288,MTA-108 (57-1),1006595,"FLEJE AC GALV 1-3/4""X1-3/4""X3/16""X84""",1.0,0.0
289,MTA-108 (57-1),1006508,"CRUCETA ACERO GALV 8'-0""3"" X 3""",2.0,0.0
290,MTA-301 (55-5),1006238,AISLADOR PORC.TIPO ESPIGA ANSI 55-5,4.0,0.0
291,MTA-301 (55-5),1006580,"ESPIGA ACERO GALV 20"" P/INST CZA POSTE",1.0,0.0
292,MTA-301 (55-5),1006579,"ESPIGA ACERO GAL VASTAGO 3/4"" X 7 3/4""",3.0,0.0
293,MTA-301 (55-5),1005947,ALAMBRE LIGADURAALUMINIO,4.0,0.0
294,MTA-301 (55-5),1006696,GRAPA CONEXION DOBLE S/TOR,0.0,0.0
295,MTA-301 (55-5),1007094,"TUERCA CAB HEX AC GALV P/TORNILLO 5/8""",0.0,0.0
296,MTA-301 (55-5),1007200,"TORNILLO MAQUINA 1/2"" X 2""",1.0,0.0
297,MTA-301 (55-5),1006262,"ARANDELA PRESION ACERO GALV P/TORN 1/2""",1.0,0.0
298,MTA-301 (55-5),1006250,"ARAN PLAN CUA AC GALV 21/4""X21/4"" D 5/8""",4.0,0.0
299,MTA-301 (55-5),1006264,"ARANDELA PRESION ACERO GALV P/TORN 5/8""",4.0,0.0
300,MTA-301 (55-5),1007057,"TORNILLO HEX PAS AC GALV 5/8"" X 12""",4.0,0.0
301,MTA-301 (55-5),1006595,"FLEJE AC GALV 1-3/4""X1-3/4""X3/16""X84""",1.0,0.0
302,MTA-301 (55-5),1006508,"CRUCETA ACERO GALV 8'-0""3"" X 3""",1.0,0.0
303,MTA-301 (57-1),1006241,AISLADOR PORC.TIPO LINE POST ANSI 57-1,4.0,0.0
304,MTA-301 (57-1),1006940,SOPORTE DE ACERO PARA AISLADOR RIGIDO EN CABEZA DE POSTE,1.0,0.0
305,MTA-301 (57-1),1006838,PERNO CORTO GALVANIZADO ANSI 57-1/3,4.0,0.0
306,MTA-301 (57-1),1005947,ALAMBRE LIGADURAALUMINIO,4.0,0.0
307,MTA-301 (57-1),1006696,GRAPA CONEXION DOBLE S/TOR,0.0,0.0
308,MTA-301 (57-1),1007094,"TUERCA CAB HEX AC GALV P/TORNILLO 5/8""",0.0,0.0
309,MTA-301 (57-1),1007200,"TORNILLO MAQUINA 1/2"" X 2""",1.0,0.0
310,MTA-301 (57-1),1006262,"ARANDELA PRESION ACERO GALV P/TORN 1/2""",1.0,0.0
311,MTA-301 (57-1),1006250,"ARAN PLAN CUA AC GALV 21/4""X21/4"" D 5/8""",4.0,0.0
312,MTA-301 (57-1),1006264,"ARANDELA PRESION ACERO GALV P/TORN 5/8""",4.0,0.0
313,MTA-301 (57-1),1007057,"TORNILLO HEX PAS AC GALV 5/8"" X 12""",4.0,0.0
314,MTA-301 (57-1),1006595,"FLEJE AC GALV 1-3/4""X1-3/4""X3/16""X84""",1.0,0.0
315,MTA-301 (57-1),1006508,"CRUCETA ACERO GALV 8'-0""3"" X 3""",1.0,0.0
316,MTA-302 (2/0-4/0) (55-5),1007057,"TORNILLO HEX PAS AC GALV 5/8"" X 12""",3.0,0.0
317,MTA-302 (2/0-4/0) (55-5),1007099,"TUERCA D/OJO AC GALV P/TORNILLO 5/8""",4.0,0.0
318,MTA-302 (2/0-4/0) (55-5),1006694,GRAPA RETENCION 2/0 AWG A 4/0 AWG,2.0,0.0
319,MTA-302 (2/0-4/0) (55-5),1006264,"ARANDELA PRESION ACERO GALV P/TORN 5/8""",15.0,0.0
320,MTA-302 (2/0-4/0) (55-5),1006262,"ARANDELA PRESION ACERO GALV P/TORN 1/2""",6.0,0.0
321,MTA-302 (2/0-4/0) (55-5),1006840,"PERNO ROSCA CORRIDA AC GALV 5/8"" X12""",5.0,0.0
322,MTA-302 (2/0-4/0) (55-5),1005947,ALAMBRE LIGADURAALUMINIO,7.0,0.0
323,MTA-302 (2/0-4/0) (55-5),1007094,"TUERCA CAB HEX AC GALV P/TORNILLO 5/8""",0.0,0.0
324,MTA-302 (2/0-4/0) (55-5),1006696,GRAPA CONEXION DOBLE S/TOR,0.0,0.0
325,MTA-302 (2/0-4/0) (55-5),1006508,"CRUCETA ACERO GALV 8'-0""3"" X 3""",2.0,0.0
326,MTA-302 (2/0-4/0) (55-5),1006595,"FLEJE AC GALV 1-3/4""X1-3/4""X3/16""X84""",1.0,0.0
327,MTA-302 (2/0-4/0) (55-5),1007282,"TORNILLO ESP ROSCA CORRIDA 1/2"" X12""",1.0,0.0
328,MTA-302 (2/0-4/0) (55-5),1007200,"TORNILLO MAQUINA 1/2"" X 2""",0.0,0.0
329,MTA-302 (2/0-4/0) (55-5),1006579,"ESPIGA ACERO GAL VASTAGO 3/4"" X 7 3/4""",6.0,0.0
330,MTA-302 (2/0-4/0) (55-5),1006580,"ESPIGA ACERO GALV 20"" P/INST CZA POSTE",1.0,0.0
331,MTA-302 (2/0-4/0) (55-5),1006238,AISLADOR PORC.TIPO ESPIGA ANSI 55-5,7.0,0.0
332,MTA-302 (2/0-4/0) (55-5),1006234,AISLADOR PORC.TIPO SUSPENSION ANSI 52-1,4.0,0.0
333,MTA-302 (2/0-4/0) (55-5),1007225,"ABRAZADERA PERNO P/TORNILLO 5/8""",2.0,0.0
334,MTA-302 (2/0-4/0) (55-5),1006250,"ARAN PLAN CUA AC GALV 21/4""X21/4"" D 5/8""",3.0,0.0
335,MTA-302 (2/0-4/0) (57-1),1007057,"TORNILLO HEX PAS AC GALV 5/8"" X 12""",3.0,0.0
336,MTA-302 (2/0-4/0) (57-1),1007099,"TUERCA D/OJO AC GALV P/TORNILLO 5/8""",4.0,0.0
337,MTA-302 (2/0-4/0) (57-1),1006694,GRAPA RETENCION 2/0 AWG A 4/0 AWG,2.0,0.0
338,MTA-302 (2/0-4/0) (57-1),1006264,"ARANDELA PRESION ACERO GALV P/TORN 5/8""",15.0,0.0
339,MTA-302 (2/0-4/0) (57-1),1006262,"ARANDELA PRESION ACERO GALV P/TORN 1/2""",6.0,0.0
340,MTA-302 (2/0-4/0) (57-1),1006840,"PERNO ROSCA CORRIDA AC GALV 5/8"" X12""",5.0,0.0
341,MTA-302 (2/0-4/0) (57-1),1005947,ALAMBRE LIGADURAALUMINIO,7.0,0.0
342,MTA-302 (2/0-4/0) (57-1),1007094,"TUERCA CAB HEX AC GALV P/TORNILLO 5/8""",0.0,0.0
343,MTA-302 (2/0-4/0) (57-1),1006696,GRAPA CONEXION DOBLE S/TOR,0.0,0.0
344,MTA-302 (2/0-4/0) (57-1),1006508,"CRUCETA ACERO GALV 8'-0""3"" X 3""",2.0,0.0
345,MTA-302 (2/0-4/0) (57-1),1006595,"FLEJE AC GALV 1-3/4""X1-3/4""X3/16""X84""",1.0,0.0
346,MTA-302 (2/0-4/0) (57-1),1007282,"TORNILLO ESP ROSCA CORRIDA 1/2"" X12""",1.0,0.0
347,MTA-302 (2/0-4/0) (57-1),1007200,"TORNILLO MAQUINA 1/2"" X 2""",0.0,0.0
348,MTA-302 (2/0-4/0) (57-1),1006838,PERNO CORTO GALVANIZADO ANSI 57-1/3,7.0,0.0
349,MTA-302 (2/0-4/0) (57-1),1006940,SOPORTE DE ACERO PARA AISLADOR RIGIDO EN CABEZA DE POSTE,1.0,0.0
350,MTA-302 (2/0-4/0) (57-1),1006241,AISLADOR PORC.TIPO LINE POST ANSI 57-1,7.0,0.0
351,MTA-302 (2/0-4/0) (57-1),1006230,AISLADOR COMPOSITE T/SUSPENSION 13.2KV,2.0,0.0
352,MTA-302 (2/0-4/0) (57-1),1007225,"ABRAZADERA PERNO P/TORNILLO 5/8""",2.0,0.0
353,MTA-302 (2/0-4/0) (57-1),1006250,"ARAN PLAN CUA AC GALV 21/4""X21/4"" D 5/8""",3.0,0.0
354,MTA-302 (366/477) (55-5),1007057,"TORNILLO HEX PAS AC GALV 5/8"" X 12""",3.0,0.0
355,MTA-302 (366/477) (55-5),1007099,"TUERCA D/OJO AC GALV P/TORNILLO 5/8""",4.0,0.0
356,MTA-302 (366/477) (55-5),1006695,GRAPA RETENCION 336 MCM A 477 MCM,2.0,0.0
357,MTA-302 (366/477) (55-5),1006264,"ARANDELA PRESION ACERO GALV P/TORN 5/8""",15.0,0.0
358,MTA-302 (366/477) (55-5),1006262,"ARANDELA PRESION ACERO GALV P/TORN 1/2""",6.0,0.0
359,MTA-302 (366/477) (55-5),1006840,"PERNO ROSCA CORRIDA AC GALV 5/8"" X12""",5.0,0.0
360,MTA-302 (366/477) (55-5),1005947,ALAMBRE LIGADURAALUMINIO,7.0,0.0
361,MTA-302 (366/477) (55-5),1007094,"TUERCA CAB HEX AC GALV P/TORNILLO 5/8""",0.0,0.0
362,MTA-302 (366/477) (55-5),1006696,GRAPA CONEXION DOBLE S/TOR,0.0,0.0
363,MTA-302 (366/477) (55-5),1006508,"CRUCETA ACERO GALV 8'-0""3"" X 3""",2.0,0.0
364,MTA-302 (366/477) (55-5),1006595,"FLEJE AC GALV 1-3/4""X1-3/4""X3/16""X84""",1.0,0.0
365,MTA-302 (366/477) (55-5),1007282,"TORNILLO ESP ROSCA CORRIDA 1/2"" X12""",1.0,0.0
366,MTA-302 (366/477) (55-5),1007200,"TORNILLO MAQUINA 1/2"" X 2""",0.0,0.0
367,MTA-302 (366/477) (55-5),1006579,"ESPIGA ACERO GAL VASTAGO 3/4"" X 7 3/4""",6.0,0.0
368,MTA-302 (366/477) (55-5),1006580,"ESPIGA ACERO GALV 20"" P/INST CZA POSTE",1.0,0.0
369,MTA-302 (366/477) (55-5),1006238,AISLADOR PORC.TIPO ESPIGA ANSI 55-5,7.0,0.0
370,MTA-302 (366/477) (55-5),1006234,AISLADOR PORC.TIPO SUSPENSION ANSI 52-1,4.0,0.0
371,MTA-302 (366/477) (55-5),1007225,"ABRAZADERA PERNO P/TORNILLO 5/8""",2.0,0.0
372,MTA-302 (366/477) (55-5),1006250,"ARAN PLAN CUA AC GALV 21/4""X21/4"" D 5/8""",3.0,0.0
373,MTA-302 (366/477) (57-1),1007057,"TORNILLO HEX PAS AC GALV 5/8"" X 12""",3.0,0.0
374,MTA-302 (366/477) (57-1),1007099,"TUERCA D/OJO AC GALV P/TORNILLO 5/8""",4.0,0.0
375,MTA-302 (366/477) (57-1),1006695,GRAPA RETENCION 336 MCM A 477 MCM,2.0,0.0
376,MTA-302 (366/477) (57-1),1006264,"ARANDELA PRESION ACERO GALV P/TORN 5/8""",15.0,0.0
377,MTA-302 (366/477) (57-1),1006262,"ARANDELA PRESION ACERO GALV P/TORN 1/2""",6.0,0.0
378,MTA-302 (366/477) (57-1),1006840,"PERNO ROSCA CORRIDA AC GALV 5/8"" X12""",5.0,0.0
379,MTA-302 (366/477) (57-1),1005947,ALAMBRE LIGADURAALUMINIO,7.0,0.0
380,MTA-302 (366/477) (57-1),1007094,"TUERCA CAB HEX AC GALV P/TORNILLO 5/8""",0.0,0.0
381,MTA-302 (366/477) (57-1),1006696,GRAPA CONEXION DOBLE S/TOR,0.0,0.0
382,MTA-302 (366/477) (57-1),1006508,"CRUCETA ACERO GALV 8'-0""3"" X 3""",2.0,0.0
383,MTA-302 (366/477) (57-1),1006595,"FLEJE AC GALV 1-3/4""X1-3/4""X3/16""X84""",1.0,0.0
384,MTA-302 (366/477) (57-1),1007282,"TORNILLO ESP ROSCA CORRIDA 1/2"" X12""",1.0,0.0
385,MTA-302 (366/477) (57-1),1007200,"TORNILLO MAQUINA 1/2"" X 2""",0.0,0.0
386,MTA-302 (366/477) (57-1),1006838,PERNO CORTO GALVANIZADO ANSI 57-1/3,7.0,0.0
387,MTA-302 (366/477) (57-1),1006940,SOPORTE DE ACERO PARA AISLADOR RIGIDO EN CABEZA DE POSTE,1.0,0.0
388,MTA-302 (366/477) (57-1),1006241,AISLADOR PORC.TIPO LINE POST ANSI 57-1,7.0,0.0
389,MTA-302 (366/477) (57-1),1006230,AISLADOR COMPOSITE T/SUSPENSION 13.2KV,2.0,0.0
390,MTA-302 (366/477) (57-1),1007225,"ABRAZADERA PERNO P/TORNILLO 5/8""",2.0,0.0
391,MTA-302 (366/477) (57-1),1006250,"ARAN PLAN CUA AC GALV 21/4""X21/4"" D 5/8""",3.0,0.0
392,MTA-303 (2/0-4/0) (55-5),1007099,"TUERCA D/OJO AC GALV P/TORNILLO 5/8""",8.0,0.0
393,MTA-303 (2/0-4/0) (55-5),1006694,GRAPA RETENCION 2/0 AWG A 4/0 AWG,8.0,0.0
394,MTA-303 (2/0-4/0) (55-5),1006264,"ARANDELA PRESION ACERO GALV P/TORN 5/8""",18.0,0.0
395,MTA-303 (2/0-4/0) (55-5),1006262,"ARANDELA PRESION ACERO GALV P/TORN 1/2""",1.0,0.0
396,MTA-303 (2/0-4/0) (55-5),1007052,"TORNILLO HEX PAS AC GALV 3/8"" X 2""",4.0,0.0
397,MTA-303 (2/0-4/0) (55-5),1007094,"TUERCA CAB HEX AC GALV P/TORNILLO 5/8""",0.0,0.0
398,MTA-303 (2/0-4/0) (55-5),1006696,GRAPA CONEXION DOBLE S/TOR,0.0,0.0
399,MTA-303 (2/0-4/0) (55-5),1006840,"PERNO ROSCA CORRIDA AC GALV 5/8"" X12""",5.0,0.0
400,MTA-303 (2/0-4/0) (55-5),1006508,"CRUCETA ACERO GALV 8'-0""3"" X 3""",2.0,0.0
401,MTA-303 (2/0-4/0) (55-5),1006601,"FLEJE GALV 1-1/4"" X 1/4"" X 28'ORIF 9/16""",4.0,0.0
402,MTA-303 (2/0-4/0) (55-5),1008251,"TORNILLO MAQUINA AC GALV 1/2"" X 12""",1.0,0.0
403,MTA-303 (2/0-4/0) (55-5),1006265,"ARANDELA PRESION ACERO GALV P/TORN 3/8""",4.0,0.0
404,MTA-303 (2/0-4/0) (55-5),1006579,"ESPIGA ACERO GAL VASTAGO 3/4"" X 7 3/4""",4.0,0.0
405,MTA-303 (2/0-4/0) (55-5),1006238,AISLADOR PORC.TIPO ESPIGA ANSI 55-5,4.0,0.0
406,MTA-303 (2/0-4/0) (55-5),1006234,AISLADOR PORC.TIPO SUSPENSION ANSI 52-1,12.0,0.0
407,MTA-303 (2/0-4/0) (55-5),1005947,ALAMBRE LIGADURAALUMINIO,4.0,0.0
408,MTA-303 (2/0-4/0) (57-1),1007099,"TUERCA D/OJO AC GALV P/TORNILLO 5/8""",8.0,0.0
409,MTA-303 (2/0-4/0) (57-1),1006694,GRAPA RETENCION 2/0 AWG A 4/0 AWG,8.0,0.0
410,MTA-303 (2/0-4/0) (57-1),1006264,"ARANDELA PRESION ACERO GALV P/TORN 5/8""",18.0,0.0
411,MTA-303 (2/0-4/0) (57-1),1006262,"ARANDELA PRESION ACERO GALV P/TORN 1/2""",1.0,0.0
412,MTA-303 (2/0-4/0) (57-1),1007052,"TORNILLO HEX PAS AC GALV 3/8"" X 2""",4.0,0.0
413,MTA-303 (2/0-4/0) (57-1),1007094,"TUERCA CAB HEX AC GALV P/TORNILLO 5/8""",0.0,0.0
414,MTA-303 (2/0-4/0) (57-1),1006696,GRAPA CONEXION DOBLE S/TOR,0.0,0.0
415,MTA-303 (2/0-4/0) (57-1),1006840,"PERNO ROSCA CORRIDA AC GALV 5/8"" X12""",5.0,0.0
416,MTA-303 (2/0-4/0) (57-1),1006508,"CRUCETA ACERO GALV 8'-0""3"" X 3""",2.0,0.0
417,MTA-303 (2/0-4/0) (57-1),1006601,"FLEJE GALV 1-1/4"" X 1/4"" X 28'ORIF 9/16""",4.0,0.0
418,MTA-303 (2/0-4/0) (57-1),1008251,"TORNILLO MAQUINA AC GALV 1/2"" X 12""",1.0,0.0
419,MTA-303 (2/0-4/0) (57-1),1006265,"ARANDELA PRESION ACERO GALV P/TORN 3/8""",4.0,0.0
420,MTA-303 (2/0-4/0) (57-1),1006838,PERNO CORTO GALVANIZADO ANSI 57-1/3,4.0,0.0
421,MTA-303 (2/0-4/0) (57-1),1006241,AISLADOR PORC.TIPO LINE POST ANSI 57-1,4.0,0.0
422,MTA-303 (2/0-4/0) (57-1),1006230,AISLADOR COMPOSITE T/SUSPENSION 13.2KV,6.0,0.0
423,MTA-303 (2/0-4/0) (57-1),1005947,ALAMBRE LIGADURAALUMINIO,4.0,0.0
424,MTA-303 (336-477) (55-5),1007099,"TUERCA D/OJO AC GALV P/TORNILLO 5/8""",8.0,0.0
425,MTA-303 (336-477) (55-5),1006695,GRAPA RETENCION 336 MCM A 477 MCM,8.0,0.0
426,MTA-303 (336-477) (55-5),1006264,"ARANDELA PRESION ACERO GALV P/TORN 5/8""",18.0,0.0
427,MTA-303 (336-477) (55-5),1006262,"ARANDELA PRESION ACERO GALV P/TORN 1/2""",1.0,0.0
428,MTA-303 (336-477) (55-5),1007052,"TORNILLO HEX PAS AC GALV 3/8"" X 2""",4.0,0.0
429,MTA-303 (336-477) (55-5),1007094,"TUERCA CAB HEX AC GALV P/TORNILLO 5/8""",0.0,0.0
430,MTA-303 (336-477) (55-5),1006696,GRAPA CONEXION DOBLE S/TOR,0.0,0.0
431,MTA-303 (336-477) (55-5),1006840,"PERNO ROSCA CORRIDA AC GALV 5/8"" X12""",5.0,0.0
432,MTA-303 (336-477) (55-5),1006508,"CRUCETA ACERO GALV 8'-0""3"" X 3""",2.0,0.0
433,MTA-303 (336-477) (55-5),1006601,"FLEJE GALV 1-1/4"" X 1/4"" X 28'ORIF 9/16""",4.0,0.0
434,MTA-303 (336-477) (55-5),1008251,"TORNILLO MAQUINA AC GALV 1/2"" X 12""",1.0,0.0
435,MTA-303 (336-477) (55-5),1006265,"ARANDELA PRESION ACERO GALV P/TORN 3/8""",4.0,0.0
436,MTA-303 (336-477) (55-5),1006579,"ESPIGA ACERO GAL VASTAGO 3/4"" X 7 3/4""",4.0,0.0
437,MTA-303 (336-477) (55-5),1006238,AISLADOR PORC.TIPO ESPIGA ANSI 55-5,4.0,0.0
438,MTA-303 (336-477) (55-5),1006234,AISLADOR PORC.TIPO SUSPENSION ANSI 52-1,12.0,0.0
439,MTA-303 (336-477) (55-5),1005947,ALAMBRE LIGADURAALUMINIO,4.0,0.0
440,MTA-303 (336-477) (57-1),1007099,"TUERCA D/OJO AC GALV P/TORNILLO 5/8""",8.0,0.0
441,MTA-303 (336-477) (57-1),1006695,GRAPA RETENCION 336 MCM A 477 MCM,8.0,0.0
442,MTA-303 (336-477) (57-1),1006264,"ARANDELA PRESION ACERO GALV P/TORN 5/8""",18.0,0.0
443,MTA-303 (336-477) (57-1),1006262,"ARANDELA PRESION ACERO GALV P/TORN 1/2""",1.0,0.0
444,MTA-303 (336-477) (57-1),1007052,"TORNILLO HEX PAS AC GALV 3/8"" X 2""",4.0,0.0
445,MTA-303 (336-477) (57-1),1007094,"TUERCA CAB HEX AC GALV P/TORNILLO 5/8""",0.0,0.0
446,MTA-303 (336-477) (57-1),1006696,GRAPA CONEXION DOBLE S/TOR,0.0,0.0
447,MTA-303 (336-477) (57-1),1006840,"PERNO ROSCA CORRIDA AC GALV 5/8"" X12""",5.0,0.0
448,MTA-303 (336-477) (57-1),1006508,"CRUCETA ACERO GALV 8'-0""3"" X 3""",2.0,0.0
449,MTA-303 (336-477) (57-1),1006601,"FLEJE GALV 1-1/4"" X 1/4"" X 28'ORIF 9/16""",4.0,0.0
450,MTA-303 (336-477) (57-1),1008251,"TORNILLO MAQUINA AC GALV 1/2"" X 12""",1.0,0.0
451,MTA-303 (336-477) (57-1),1006265,"ARANDELA PRESION ACERO GALV P/TORN 3/8""",4.0,0.0
452,MTA-303 (336-477) (57-1),1006838,PERNO CORTO GALVANIZADO ANSI 57-1/3,4.0,0.0
453,MTA-303 (336-477) (57-1),1006241,AISLADOR PORC.TIPO LINE POST ANSI 57-1,4.0,0.0
454,MTA-303 (336-477) (57-1),1006230,AISLADOR COMPOSITE T/SUSPENSION 13.2KV,6.0,0.0
455,MTA-303 (336-477) (57-1),1005947,ALAMBRE LIGADURAALUMINIO,4.0,0.0
456,MTA-303 CC (2/0-4/0) (55-5),1007099,"TUERCA D/OJO AC GALV P/TORNILLO 5/8""",8.0,0.0
457,MTA-303 CC (2/0-4/0) (55-5),1006694,GRAPA RETENCION 2/0 AWG A 4/0 AWG,8.0,0.0
458,MTA-303 CC (2/0-4/0) (55-5),1006264,"ARANDELA PRESION ACERO GALV P/TORN 5/8""",20.0,0.0
459,MTA-303 CC (2/0-4/0) (55-5),1006262,"ARANDELA PRESION ACERO GALV P/TORN 1/2""",1.0,0.0
460,MTA-303 CC (2/0-4/0) (55-5),1007052,"TORNILLO HEX PAS AC GALV 3/8"" X 2""",4.0,0.0
461,MTA-303 CC (2/0-4/0) (55-5),1007094,"TUERCA CAB HEX AC GALV P/TORNILLO 5/8""",0.0,0.0
462,MTA-303 CC (2/0-4/0) (55-5),1006696,GRAPA CONEXION DOBLE S/TOR,0.0,0.0
463,MTA-303 CC (2/0-4/0) (55-5),1006840,"PERNO ROSCA CORRIDA AC GALV 5/8"" X12""",5.0,0.0
464,MTA-303 CC (2/0-4/0) (55-5),1006508,"CRUCETA ACERO GALV 8'-0""3"" X 3""",2.0,0.0
465,MTA-303 CC (2/0-4/0) (55-5),1007057,"TORNILLO HEX PAS AC GALV 5/8"" X 12""",2.0,0.0
466,MTA-303 CC (2/0-4/0) (55-5),1006250,"ARAN PLAN CUA AC GALV 21/4""X21/4"" D 5/8""",2.0,0.0
467,MTA-303 CC (2/0-4/0) (55-5),1006580,"ESPIGA ACERO GALV 20"" P/INST CZA POSTE",1.0,0.0
468,MTA-303 CC (2/0-4/0) (55-5),1006601,"FLEJE GALV 1-1/4"" X 1/4"" X 28'ORIF 9/16""",4.0,0.0
469,MTA-303 CC (2/0-4/0) (55-5),1008251,"TORNILLO MAQUINA AC GALV 1/2"" X 12""",1.0,0.0
470,MTA-303 CC (2/0-4/0) (55-5),1006265,"ARANDELA PRESION ACERO GALV P/TORN 3/8""",4.0,0.0
471,MTA-303 CC (2/0-4/0) (55-5),1006579,"ESPIGA ACERO GAL VASTAGO 3/4"" X 7 3/4""",2.0,0.0
472,MTA-303 CC (2/0-4/0) (55-5),1006238,AISLADOR PORC.TIPO ESPIGA ANSI 55-5,3.0,0.0
473,MTA-303 CC (2/0-4/0) (55-5),1006234,AISLADOR PORC.TIPO SUSPENSION ANSI 52-1,12.0,0.0
474,MTA-303 CC (2/0-4/0) (55-5),1005947,ALAMBRE LIGADURAALUMINIO,4.0,0.0
475,MTA-303 CC (2/0-4/0) (57-1),1007099,"TUERCA D/OJO AC GALV P/TORNILLO 5/8""",8.0,0.0
476,MTA-303 CC (2/0-4/0) (57-1),1006694,GRAPA RETENCION 2/0 AWG A 4/0 AWG,8.0,0.0
477,MTA-303 CC (2/0-4/0) (57-1),1006264,"ARANDELA PRESION ACERO GALV P/TORN 5/8""",20.0,0.0
478,MTA-303 CC (2/0-4/0) (57-1),1006262,"ARANDELA PRESION ACERO GALV P/TORN 1/2""",1.0,0.0
479,MTA-303 CC (2/0-4/0) (57-1),1007052,"TORNILLO HEX PAS AC GALV 3/8"" X 2""",4.0,0.0
480,MTA-303 CC (2/0-4/0) (57-1),1007094,"TUERCA CAB HEX AC GALV P/TORNILLO 5/8""",0.0,0.0
481,MTA-303 CC (2/0-4/0) (57-1),1006696,GRAPA CONEXION DOBLE S/TOR,0.0,0.0
482,MTA-303 CC (2/0-4/0) (57-1),1006840,"PERNO ROSCA CORRIDA AC GALV 5/8"" X12""",5.0,0.0
483,MTA-303 CC (2/0-4/0) (57-1),1006508,"CRUCETA ACERO GALV 8'-0""3"" X 3""",2.0,0.0
484,MTA-303 CC (2/0-4/0) (57-1),1007057,"TORNILLO HEX PAS AC GALV 5/8"" X 12""",2.0,0.0
485,MTA-303 CC (2/0-4/0) (57-1),1006250,"ARAN PLAN CUA AC GALV 21/4""X21/4"" D 5/8""",2.0,0.0
486,MTA-303 CC (2/0-4/0) (57-1),1006940,SOPORTE DE ACERO PARA AISLADOR RIGIDO EN CABEZA DE POSTE,1.0,0.0
487,MTA-303 CC (2/0-4/0) (57-1),1006601,"FLEJE GALV 1-1/4"" X 1/4"" X 28'ORIF 9/16""",4.0,0.0
488,MTA-303 CC (2/0-4/0) (57-1),1008251,"TORNILLO MAQUINA AC GALV 1/2"" X 12""",1.0,0.0
489,MTA-303 CC (2/0-4/0) (57-1),1006265,"ARANDELA PRESION ACERO GALV P/TORN 3/8""",4.0,0.0
490,MTA-303 CC (2/0-4/0) (57-1),1006838,PERNO CORTO GALVANIZADO ANSI 57-1/3,3.0,0.0
491,MTA-303 CC (2/0-4/0) (57-1),1006241,AISLADOR PORC.TIPO LINE POST ANSI 57-1,3.0,0.0
492,MTA-303 CC (2/0-4/0) (57-1),1006230,AISLADOR COMPOSITE T/SUSPENSION 13.2KV,12.0,0.0
493,MTA-303 CC (2/0-4/0) (57-1),1005947,ALAMBRE LIGADURAALUMINIO,4.0,0.0
494,MTA-304 (2/0-4/0) (55-5),1006265,"ARANDELA PRESION ACERO GALV P/TORN 3/8""",8.0,0.0
495,MTA-304 (2/0-4/0) (55-5),1008251,"TORNILLO MAQUINA AC GALV 1/2"" X 12""",2.0,0.0
496,MTA-304 (2/0-4/0) (55-5),1006579,"ESPIGA ACERO GAL VASTAGO 3/4"" X 7 3/4""",4.0,0.0
497,MTA-304 (2/0-4/0) (55-5),1006238,AISLADOR PORC.TIPO ESPIGA ANSI 55-5,4.0,0.0
498,MTA-304 (2/0-4/0) (55-5),1006234,AISLADOR PORC.TIPO SUSPENSION ANSI 52-1,12.0,0.0
499,MTA-304 (2/0-4/0) (55-5),1007099,"TUERCA D/OJO AC GALV P/TORNILLO 5/8""",8.0,0.0
500,MTA-304 (2/0-4/0) (55-5),1006694,GRAPA RETENCION 2/0 AWG A 4/0 AWG,8.0,0.0
501,MTA-304 (2/0-4/0) (55-5),1006264,"ARANDELA PRESION ACERO GALV P/TORN 5/8""",36.0,0.0
502,MTA-304 (2/0-4/0) (55-5),1006601,"FLEJE GALV 1-1/4"" X 1/4"" X 28'ORIF 9/16""",8.0,0.0
503,MTA-304 (2/0-4/0) (55-5),1006508,"CRUCETA ACERO GALV 8'-0""3"" X 3""",4.0,0.0
504,MTA-304 (2/0-4/0) (55-5),1006696,GRAPA CONEXION DOBLE S/TOR,0.0,0.0
505,MTA-304 (2/0-4/0) (55-5),1007094,"TUERCA CAB HEX AC GALV P/TORNILLO 5/8""",0.0,0.0
506,MTA-304 (2/0-4/0) (55-5),1005947,ALAMBRE LIGADURAALUMINIO,4.0,0.0
507,MTA-304 (2/0-4/0) (55-5),1006840,"PERNO ROSCA CORRIDA AC GALV 5/8"" X12""",10.0,0.0
508,MTA-304 (2/0-4/0) (55-5),1007052,"TORNILLO HEX PAS AC GALV 3/8"" X 2""",8.0,0.0
509,MTA-304 (2/0-4/0) (55-5),1006262,"ARANDELA PRESION ACERO GALV P/TORN 1/2""",2.0,0.0
510,MTA-304 (2/0-4/0) (57-1),1006265,"ARANDELA PRESION ACERO GALV P/TORN 3/8""",8.0,0.0
511,MTA-304 (2/0-4/0) (57-1),1008251,"TORNILLO MAQUINA AC GALV 1/2"" X 12""",2.0,0.0
512,MTA-304 (2/0-4/0) (57-1),1006838,PERNO CORTO GALVANIZADO ANSI 57-1/3,4.0,0.0
513,MTA-304 (2/0-4/0) (57-1),1006241,AISLADOR PORC.TIPO LINE POST ANSI 57-1,4.0,0.0
514,MTA-304 (2/0-4/0) (57-1),1006230,AISLADOR COMPOSITE T/SUSPENSION 13.2KV,6.0,0.0
515,MTA-304 (2/0-4/0) (57-1),1007099,"TUERCA D/OJO AC GALV P/TORNILLO 5/8""",8.0,0.0
516,MTA-304 (2/0-4/0) (57-1),1006694,GRAPA RETENCION 2/0 AWG A 4/0 AWG,8.0,0.0
517,MTA-304 (2/0-4/0) (57-1),1006264,"ARANDELA PRESION ACERO GALV P/TORN 5/8""",36.0,0.0
518,MTA-304 (2/0-4/0) (57-1),1006601,"FLEJE GALV 1-1/4"" X 1/4"" X 28'ORIF 9/16""",8.0,0.0
519,MTA-304 (2/0-4/0) (57-1),1006508,"CRUCETA ACERO GALV 8'-0""3"" X 3""",4.0,0.0
520,MTA-304 (2/0-4/0) (57-1),1006696,GRAPA CONEXION DOBLE S/TOR,0.0,0.0
521,MTA-304 (2/0-4/0) (57-1),1007094,"TUERCA CAB HEX AC GALV P/TORNILLO 5/8""",0.0,0.0
522,MTA-304 (2/0-4/0) (57-1),1005947,ALAMBRE LIGADURAALUMINIO,4.0,0.0
523,MTA-304 (2/0-4/0) (57-1),1006840,"PERNO ROSCA CORRIDA AC GALV 5/8"" X12""",10.0,0.0
524,MTA-304 (2/0-4/0) (57-1),1007052,"TORNILLO HEX PAS AC GALV 3/8"" X 2""",8.0,0.0
525,MTA-304 (2/0-4/0) (57-1),1006262,"ARANDELA PRESION ACERO GALV P/TORN 1/2""",2.0,0.0
526,MTA-304 (336-477) (55-5),1006265,"ARANDELA PRESION ACERO GALV P/TORN 3/8""",8.0,0.0
527,MTA-304 (336-477) (55-5),1008251,"TORNILLO MAQUINA AC GALV 1/2"" X 12""",2.0,0.0
528,MTA-304 (336-477) (55-5),1006579,"ESPIGA ACERO GAL VASTAGO 3/4"" X 7 3/4""",4.0,0.0
529,MTA-304 (336-477) (55-5),1006238,AISLADOR PORC.TIPO ESPIGA ANSI 55-5,4.0,0.0
530,MTA-304 (336-477) (55-5),1006234,AISLADOR PORC.TIPO SUSPENSION ANSI 52-1,12.0,0.0
531,MTA-304 (336-477) (55-5),1007099,"TUERCA D/OJO AC GALV P/TORNILLO 5/8""",8.0,0.0
532,MTA-304 (336-477) (55-5),1006695,GRAPA RETENCION 336 MCM A 477 MCM,8.0,0.0
533,MTA-304 (336-477) (55-5),1006264,"ARANDELA PRESION ACERO GALV P/TORN 5/8""",36.0,0.0
534,MTA-304 (336-477) (55-5),1006601,"FLEJE GALV 1-1/4"" X 1/4"" X 28'ORIF 9/16""",8.0,0.0
535,MTA-304 (336-477) (55-5),1006508,"CRUCETA ACERO GALV 8'-0""3"" X 3""",4.0,0.0
536,MTA-304 (336-477) (55-5),1006696,GRAPA CONEXION DOBLE S/TOR,0.0,0.0
537,MTA-304 (336-477) (55-5),1007094,"TUERCA CAB HEX AC GALV P/TORNILLO 5/8""",0.0,0.0
538,MTA-304 (336-477) (55-5),1005947,ALAMBRE LIGADURAALUMINIO,4.0,0.0
539,MTA-304 (336-477) (55-5),1006840,"PERNO ROSCA CORRIDA AC GALV 5/8"" X12""",10.0,0.0
540,MTA-304 (336-477) (55-5),1007052,"TORNILLO HEX PAS AC GALV 3/8"" X 2""",8.0,0.0
541,MTA-304 (336-477) (55-5),1006262,"ARANDELA PRESION ACERO GALV P/TORN 1/2""",2.0,0.0
542,MTA-304 (336-477) (57-1),1006265,"ARANDELA PRESION ACERO GALV P/TORN 3/8""",8.0,0.0
543,MTA-304 (336-477) (57-1),1008251,"TORNILLO MAQUINA AC GALV 1/2"" X 12""",2.0,0.0
544,MTA-304 (336-477) (57-1),1006838,PERNO CORTO GALVANIZADO ANSI 57-1/3,4.0,0.0
545,MTA-304 (336-477) (57-1),1006241,AISLADOR PORC.TIPO LINE POST ANSI 57-1,4.0,0.0
546,MTA-304 (336-477) (57-1),1006230,AISLADOR COMPOSITE T/SUSPENSION 13.2KV,6.0,0.0
547,MTA-304 (336-477) (57-1),1007099,"TUERCA D/OJO AC GALV P/TORNILLO 5/8""",8.0,0.0
548,MTA-304 (336-477) (57-1),1006695,GRAPA RETENCION 336 MCM A 477 MCM,8.0,0.0
549,MTA-304 (336-477) (57-1),1006264,"ARANDELA PRESION ACERO GALV P/TORN 5/8""",36.0,0.0
550,MTA-304 (336-477) (57-1),1006601,"FLEJE GALV 1-1/4"" X 1/4"" X 28'ORIF 9/16""",8.0,0.0
551,MTA-304 (336-477) (57-1),1006508,"CRUCETA ACERO GALV 8'-0""3"" X 3""",4.0,0.0
552,MTA-304 (336-477) (57-1),1006696,GRAPA CONEXION DOBLE S/TOR,0.0,0.0
553,MTA-304 (336-477) (57-1),1007094,"TUERCA CAB HEX AC GALV P/TORNILLO 5/8""",0.0,0.0
554,MTA-304 (336-477) (57-1),1005947,ALAMBRE LIGADURAALUMINIO,4.0,0.0
555,MTA-304 (336-477) (57-1),1006840,"PERNO ROSCA CORRIDA AC GALV 5/8"" X12""",10.0,0.0
556,MTA-304 (336-477) (57-1),1007052,"TORNILLO HEX PAS AC GALV 3/8"" X 2""",8.0,0.0
557,MTA-304 (336-477) (57-1),1006262,"ARANDELA PRESION ACERO GALV P/TORN 1/2""",2.0,0.0
558,MTA-305 (2/0-4/0) (55-5),1007052,"TORNILLO HEX PAS AC GALV 3/8"" X 2""",4.0,0.0
559,MTA-305 (2/0-4/0) (55-5),1006601,"FLEJE GALV 1-1/4"" X 1/4"" X 28'ORIF 9/16""",4.0,0.0
560,MTA-305 (2/0-4/0) (55-5),1006262,"ARANDELA PRESION ACERO GALV P/TORN 1/2""",1.0,0.0
561,MTA-305 (2/0-4/0) (55-5),1006234,AISLADOR PORC.TIPO SUSPENSION ANSI 52-1,6.0,0.0
562,MTA-305 (2/0-4/0) (55-5),1006265,"ARANDELA PRESION ACERO GALV P/TORN 3/8""",4.0,0.0
563,MTA-305 (2/0-4/0) (55-5),1006694,GRAPA RETENCION 2/0 AWG A 4/0 AWG,4.0,0.0
564,MTA-305 (2/0-4/0) (55-5),1006840,"PERNO ROSCA CORRIDA AC GALV 5/8"" X12""",5.0,0.0
565,MTA-305 (2/0-4/0) (55-5),1006264,"ARANDELA PRESION ACERO GALV P/TORN 5/8""",18.0,0.0
566,MTA-305 (2/0-4/0) (55-5),1007094,"TUERCA CAB HEX AC GALV P/TORNILLO 5/8""",0.0,0.0
567,MTA-305 (2/0-4/0) (55-5),1006696,GRAPA CONEXION DOBLE S/TOR,0.0,0.0
568,MTA-305 (2/0-4/0) (55-5),1006508,"CRUCETA ACERO GALV 8'-0""3"" X 3""",2.0,0.0
569,MTA-305 (2/0-4/0) (55-5),1007099,"TUERCA D/OJO AC GALV P/TORNILLO 5/8""",4.0,0.0
570,MTA-305 (2/0-4/0) (55-5),1008251,"TORNILLO MAQUINA AC GALV 1/2"" X 12""",1.0,0.0
571,MTA-305 (2/0-4/0) (57-1),1007052,"TORNILLO HEX PAS AC GALV 3/8"" X 2""",4.0,0.0
572,MTA-305 (2/0-4/0) (57-1),1006601,"FLEJE GALV 1-1/4"" X 1/4"" X 28'ORIF 9/16""",4.0,0.0
573,MTA-305 (2/0-4/0) (57-1),1006262,"ARANDELA PRESION ACERO GALV P/TORN 1/2""",1.0,0.0
574,MTA-305 (2/0-4/0) (57-1),1006230,AISLADOR COMPOSITE T/SUSPENSION 13.2KV,3.0,0.0
575,MTA-305 (2/0-4/0) (57-1),1006265,"ARANDELA PRESION ACERO GALV P/TORN 3/8""",4.0,0.0
576,MTA-305 (2/0-4/0) (57-1),1006694,GRAPA RETENCION 2/0 AWG A 4/0 AWG,4.0,0.0
577,MTA-305 (2/0-4/0) (57-1),1006840,"PERNO ROSCA CORRIDA AC GALV 5/8"" X12""",5.0,0.0
578,MTA-305 (2/0-4/0) (57-1),1006264,"ARANDELA PRESION ACERO GALV P/TORN 5/8""",18.0,0.0
579,MTA-305 (2/0-4/0) (57-1),1007094,"TUERCA CAB HEX AC GALV P/TORNILLO 5/8""",0.0,0.0
580,MTA-305 (2/0-4/0) (57-1),1006696,GRAPA CONEXION DOBLE S/TOR,0.0,0.0
581,MTA-305 (2/0-4/0) (57-1),1006508,"CRUCETA ACERO GALV 8'-0""3"" X 3""",2.0,0.0
582,MTA-305 (2/0-4/0) (57-1),1007099,"TUERCA D/OJO AC GALV P/TORNILLO 5/8""",4.0,0.0
583,MTA-305 (2/0-4/0) (57-1),1008251,"TORNILLO MAQUINA AC GALV 1/2"" X 12""",1.0,0.0
584,MTA-305 (366-477) (55-5),1007052,"TORNILLO HEX PAS AC GALV 3/8"" X 2""",4.0,0.0
585,MTA-305 (366-477) (55-5),1006601,"FLEJE GALV 1-1/4"" X 1/4"" X 28'ORIF 9/16""",4.0,0.0
586,MTA-305 (366-477) (55-5),1006262,"ARANDELA PRESION ACERO GALV P/TORN 1/2""",1.0,0.0
587,MTA-305 (366-477) (55-5),1006234,AISLADOR PORC.TIPO SUSPENSION ANSI 52-1,6.0,0.0
588,MTA-305 (366-477) (55-5),1006265,"ARANDELA PRESION ACERO GALV P/TORN 3/8""",4.0,0.0
589,MTA-305 (366-477) (55-5),1006695,GRAPA RETENCION 336 MCM A 477 MCM,4.0,0.0
590,MTA-305 (366-477) (55-5),1006840,"PERNO ROSCA CORRIDA AC GALV 5/8"" X12""",5.0,0.0
591,MTA-305 (366-477) (55-5),1006264,"ARANDELA PRESION ACERO GALV P/TORN 5/8""",18.0,0.0
592,MTA-305 (366-477) (55-5),1007094,"TUERCA CAB HEX AC GALV P/TORNILLO 5/8""",0.0,0.0
593,MTA-305 (366-477) (55-5),1006696,GRAPA CONEXION DOBLE S/TOR,0.0,0.0
594,MTA-305 (366-477) (55-5),1006508,"CRUCETA ACERO GALV 8'-0""3"" X 3""",2.0,0.0
595,MTA-305 (366-477) (55-5),1007099,"TUERCA D/OJO AC GALV P/TORNILLO 5/8""",4.0,0.0
596,MTA-305 (366-477) (55-5),1008251,"TORNILLO MAQUINA AC GALV 1/2"" X 12""",1.0,0.0
597,MTA-305 (366-477) (57-1),1007052,"TORNILLO HEX PAS AC GALV 3/8"" X 2""",4.0,0.0
598,MTA-305 (366-477) (57-1),1006601,"FLEJE GALV 1-1/4"" X 1/4"" X 28'ORIF 9/16""",4.0,0.0
599,MTA-305 (366-477) (57-1),1006262,"ARANDELA PRESION ACERO GALV P/TORN 1/2""",1.0,0.0
600,MTA-305 (366-477) (57-1),1006230,AISLADOR COMPOSITE T/SUSPENSION 13.2KV,3.0,0.0
601,MTA-305 (366-477) (57-1),1006265,"ARANDELA PRESION ACERO GALV P/TORN 3/8""",4.0,0.0
602,MTA-305 (366-477) (57-1),1006695,GRAPA RETENCION 336 MCM A 477 MCM,4.0,0.0
603,MTA-305 (366-477) (57-1),1006840,"PERNO ROSCA CORRIDA AC GALV 5/8"" X12""",5.0,0.0
604,MTA-305 (366-477) (57-1),1006264,"ARANDELA PRESION ACERO GALV P/TORN 5/8""",18.0,0.0
605,MTA-305 (366-477) (57-1),1007094,"TUERCA CAB HEX AC GALV P/TORNILLO 5/8""",0.0,0.0
606,MTA-305 (366-477) (57-1),1006696,GRAPA CONEXION DOBLE S/TOR,0.0,0.0
607,MTA-305 (366-477) (57-1),1006508,"CRUCETA ACERO GALV 8'-0""3"" X 3""",2.0,0.0
608,MTA-305 (366-477) (57-1),1007099,"TUERCA D/OJO AC GALV P/TORNILLO 5/8""",4.0,0.0
609,MTA-305 (366-477) (57-1),1008251,"TORNILLO MAQUINA AC GALV 1/2"" X 12""",1.0,0.0
610,MTA-306 (55-5),1006696,GRAPA CONEXION DOBLE S/TOR,0.0,0.0
611,MTA-306 (55-5),1007094,"TUERCA CAB HEX AC GALV P/TORNILLO 5/8""",0.0,0.0
612,MTA-306 (55-5),1007099,"TUERCA D/OJO AC GALV P/TORNILLO 5/8""",2.0,0.0
613,MTA-306 (55-5),1006694,GRAPA RETENCION 2/0 AWG A 4/0 AWG,2.0,0.0
614,MTA-306 (55-5),1006234,AISLADOR PORC.TIPO SUSPENSION ANSI 52-1,2.0,0.0
615,MTA-306 (55-5),1006264,"ARANDELA PRESION ACERO GALV P/TORN 5/8""",14.0,0.0
616,MTA-306 (55-5),1006262,"ARANDELA PRESION ACERO GALV P/TORN 1/2""",2.0,0.0
617,MTA-306 (55-5),1006506,"CRUCETA ACERO GALV 5'-7"" 3"" X 3""",2.0,0.0
618,MTA-306 (55-5),1006840,"PERNO ROSCA CORRIDA AC GALV 5/8"" X12""",3.0,0.0
619,MTA-306 (55-5),1006601,"FLEJE GALV 1-1/4"" X 1/4"" X 28'ORIF 9/16""",4.0,0.0
620,MTA-306 (55-5),1006265,"ARANDELA PRESION ACERO GALV P/TORN 3/8""",4.0,0.0
621,MTA-306 (55-5),1008251,"TORNILLO MAQUINA AC GALV 1/2"" X 12""",1.0,0.0
622,MTA-306 (55-5),1007052,"TORNILLO HEX PAS AC GALV 3/8"" X 2""",4.0,0.0
623,MTA-306 (55-5),1006238,AISLADOR PORC.TIPO ESPIGA ANSI 55-5,4.0,0.0
624,MTA-306 (55-5),1006580,"ESPIGA ACERO GALV 20"" P/INST CZA POSTE",1.0,0.0
625,MTA-306 (55-5),1006579,"ESPIGA ACERO GAL VASTAGO 3/4"" X 7 3/4""",3.0,0.0
626,MTA-306 (55-5),1005947,ALAMBRE LIGADURAALUMINIO,4.0,0.0
627,MTA-306 (55-5),1007200,"TORNILLO MAQUINA 1/2"" X 2""",1.0,0.0
628,MTA-306 (55-5),1006250,"ARAN PLAN CUA AC GALV 21/4""X21/4"" D 5/8""",4.0,0.0
629,MTA-306 (55-5),1007057,"TORNILLO HEX PAS AC GALV 5/8"" X 12""",4.0,0.0
630,MTA-306 (55-5),1006595,"FLEJE AC GALV 1-3/4""X1-3/4""X3/16""X84""",1.0,0.0
631,MTA-306 (55-5),1006508,"CRUCETA ACERO GALV 8'-0""3"" X 3""",1.0,0.0
632,MTA-306 (57-1),1006696,GRAPA CONEXION DOBLE S/TOR,0.0,0.0
633,MTA-306 (57-1),1007094,"TUERCA CAB HEX AC GALV P/TORNILLO 5/8""",0.0,0.0
634,MTA-306 (57-1),1007099,"TUERCA D/OJO AC GALV P/TORNILLO 5/8""",2.0,0.0
635,MTA-306 (57-1),1006694,GRAPA RETENCION 2/0 AWG A 4/0 AWG,2.0,0.0
636,MTA-306 (57-1),1006230,AISLADOR COMPOSITE T/SUSPENSION 13.2KV,1.0,0.0
637,MTA-306 (57-1),1006264,"ARANDELA PRESION ACERO GALV P/TORN 5/8""",14.0,0.0
638,MTA-306 (57-1),1006262,"ARANDELA PRESION ACERO GALV P/TORN 1/2""",2.0,0.0
639,MTA-306 (57-1),1006506,"CRUCETA ACERO GALV 5'-7"" 3"" X 3""",2.0,0.0
640,MTA-306 (57-1),1006840,"PERNO ROSCA CORRIDA AC GALV 5/8"" X12""",3.0,0.0
641,MTA-306 (57-1),1006601,"FLEJE GALV 1-1/4"" X 1/4"" X 28'ORIF 9/16""",4.0,0.0
642,MTA-306 (57-1),1006265,"ARANDELA PRESION ACERO GALV P/TORN 3/8""",4.0,0.0
643,MTA-306 (57-1),1008251,"TORNILLO MAQUINA AC GALV 1/2"" X 12""",1.0,0.0
644,MTA-306 (57-1),1007052,"TORNILLO HEX PAS AC GALV 3/8"" X 2""",4.0,0.0
645,MTA-306 (57-1),1006241,AISLADOR PORC.TIPO LINE POST ANSI 57-1,4.0,0.0
646,MTA-306 (57-1),1006940,SOPORTE DE ACERO PARA AISLADOR RIGIDO EN CABEZA DE POSTE,1.0,0.0
647,MTA-306 (57-1),1006838,PERNO CORTO GALVANIZADO ANSI 57-1/3,4.0,0.0
648,MTA-306 (57-1),1005947,ALAMBRE LIGADURAALUMINIO,4.0,0.0
649,MTA-306 (57-1),1007200,"TORNILLO MAQUINA 1/2"" X 2""",1.0,0.0
650,MTA-306 (57-1),1006250,"ARAN PLAN CUA AC GALV 21/4""X21/4"" D 5/8""",4.0,0.0
651,MTA-306 (57-1),1007057,"TORNILLO HEX PAS AC GALV 5/8"" X 12""",4.0,0.0
652,MTA-306 (57-1),1006595,"FLEJE AC GALV 1-3/4""X1-3/4""X3/16""X84""",1.0,0.0
653,MTA-306 (57-1),1006508,"CRUCETA ACERO GALV 8'-0""3"" X 3""",1.0,0.0
654,MTA-308 (2/0-4/0) (55-5),1006696,GRAPA CONEXION DOBLE S/TOR,0.0,0.0
655,MTA-308 (2/0-4/0) (55-5),1007094,"TUERCA CAB HEX AC GALV P/TORNILLO 5/8""",0.0,0.0
656,MTA-308 (2/0-4/0) (55-5),1006234,AISLADOR PORC.TIPO SUSPENSION ANSI 52-1,8.0,0.0
657,MTA-308 (2/0-4/0) (55-5),1007099,"TUERCA D/OJO AC GALV P/TORNILLO 5/8""",6.0,0.0
658,MTA-308 (2/0-4/0) (55-5),1006694,GRAPA RETENCION 2/0 AWG A 4/0 AWG,6.0,0.0
659,MTA-308 (2/0-4/0) (55-5),1006264,"ARANDELA PRESION ACERO GALV P/TORN 5/8""",18.0,0.0
660,MTA-308 (2/0-4/0) (55-5),1006262,"ARANDELA PRESION ACERO GALV P/TORN 1/2""",1.0,0.0
661,MTA-308 (2/0-4/0) (55-5),1006840,"PERNO ROSCA CORRIDA AC GALV 5/8"" X12""",5.0,0.0
662,MTA-308 (2/0-4/0) (55-5),1007052,"TORNILLO HEX PAS AC GALV 3/8"" X 2""",4.0,0.0
663,MTA-308 (2/0-4/0) (55-5),1008251,"TORNILLO MAQUINA AC GALV 1/2"" X 12""",1.0,0.0
664,MTA-308 (2/0-4/0) (55-5),1006601,"FLEJE GALV 1-1/4"" X 1/4"" X 28'ORIF 9/16""",4.0,0.0
665,MTA-308 (2/0-4/0) (55-5),1006508,"CRUCETA ACERO GALV 8'-0""3"" X 3""",2.0,0.0
666,MTA-308 (2/0-4/0) (55-5),1006265,"ARANDELA PRESION ACERO GALV P/TORN 3/8""",4.0,0.0
667,MTA-308 (2/0-4/0) (55-5),1006579,"ESPIGA ACERO GAL VASTAGO 3/4"" X 7 3/4""",1.0,0.0
668,MTA-308 (2/0-4/0) (55-5),1006238,AISLADOR PORC.TIPO ESPIGA ANSI 55-5,1.0,0.0
669,MTA-308 (2/0-4/0) (55-5),1005947,ALAMBRE LIGADURAALUMINIO,1.0,0.0
670,MTA-308 (2/0-4/0) (57-1),1006696,GRAPA CONEXION DOBLE S/TOR,0.0,0.0
671,MTA-308 (2/0-4/0) (57-1),1007094,"TUERCA CAB HEX AC GALV P/TORNILLO 5/8""",0.0,0.0
672,MTA-308 (2/0-4/0) (57-1),1006230,AISLADOR COMPOSITE T/SUSPENSION 13.2KV,4.0,0.0
673,MTA-308 (2/0-4/0) (57-1),1007099,"TUERCA D/OJO AC GALV P/TORNILLO 5/8""",6.0,0.0
674,MTA-308 (2/0-4/0) (57-1),1006694,GRAPA RETENCION 2/0 AWG A 4/0 AWG,6.0,0.0
675,MTA-308 (2/0-4/0) (57-1),1006264,"ARANDELA PRESION ACERO GALV P/TORN 5/8""",18.0,0.0
676,MTA-308 (2/0-4/0) (57-1),1006262,"ARANDELA PRESION ACERO GALV P/TORN 1/2""",1.0,0.0
677,MTA-308 (2/0-4/0) (57-1),1006840,"PERNO ROSCA CORRIDA AC GALV 5/8"" X12""",5.0,0.0
678,MTA-308 (2/0-4/0) (57-1),1007052,"TORNILLO HEX PAS AC GALV 3/8"" X 2""",4.0,0.0
679,MTA-308 (2/0-4/0) (57-1),1008251,"TORNILLO MAQUINA AC GALV 1/2"" X 12""",1.0,0.0
680,MTA-308 (2/0-4/0) (57-1),1006601,"FLEJE GALV 1-1/4"" X 1/4"" X 28'ORIF 9/16""",4.0,0.0
681,MTA-308 (2/0-4/0) (57-1),1006508,"CRUCETA ACERO GALV 8'-0""3"" X 3""",2.0,0.0
682,MTA-308 (2/0-4/0) (57-1),1006265,"ARANDELA PRESION ACERO GALV P/TORN 3/8""",4.0,0.0
683,MTA-308 (2/0-4/0) (57-1),1006838,PERNO CORTO GALVANIZADO ANSI 57-1/3,1.0,0.0
684,MTA-308 (2/0-4/0) (57-1),1006241,AISLADOR PORC.TIPO LINE POST ANSI 57-1,1.0,0.0
685,MTA-308 (2/0-4/0) (57-1),1005947,ALAMBRE LIGADURAALUMINIO,1.0,0.0
686,MTA-308 (366-477) (55-5),1006696,GRAPA CONEXION DOBLE S/TOR,0.0,0.0
687,MTA-308 (366-477) (55-5),1007094,"TUERCA CAB HEX AC GALV P/TORNILLO 5/8""",0.0,0.0
688,MTA-308 (366-477) (55-5),1006234,AISLADOR PORC.TIPO SUSPENSION ANSI 52-1,8.0,0.0
689,MTA-308 (366-477) (55-5),1007099,"TUERCA D/OJO AC GALV P/TORNILLO 5/8""",6.0,0.0
690,MTA-308 (366-477) (55-5),1006695,GRAPA RETENCION 336 MCM A 477 MCM,6.0,0.0
691,MTA-308 (366-477) (55-5),1006264,"ARANDELA PRESION ACERO GALV P/TORN 5/8""",18.0,0.0
692,MTA-308 (366-477) (55-5),1006262,"ARANDELA PRESION ACERO GALV P/TORN 1/2""",1.0,0.0
693,MTA-308 (366-477) (55-5),1006840,"PERNO ROSCA CORRIDA AC GALV 5/8"" X12""",5.0,0.0
694,MTA-308 (366-477) (55-5),1007052,"TORNILLO HEX PAS AC GALV 3/8"" X 2""",4.0,0.0
695,MTA-308 (366-477) (55-5),1008251,"TORNILLO MAQUINA AC GALV 1/2"" X 12""",1.0,0.0
696,MTA-308 (366-477) (55-5),1006601,"FLEJE GALV 1-1/4"" X 1/4"" X 28'ORIF 9/16""",4.0,0.0
697,MTA-308 (366-477) (55-5),1006508,"CRUCETA ACERO GALV 8'-0""3"" X 3""",2.0,0.0
698,MTA-308 (366-477) (55-5),1006265,"ARANDELA PRESION ACERO GALV P/TORN 3/8""",4.0,0.0
699,MTA-308 (366-477) (55-5),1006579,"ESPIGA ACERO GAL VASTAGO 3/4"" X 7 3/4""",1.0,0.0
700,MTA-308 (366-477) (55-5),1006238,AISLADOR PORC.TIPO ESPIGA ANSI 55-5,1.0,0.0
701,MTA-308 (366-477) (55-5),1005947,ALAMBRE LIGADURAALUMINIO,1.0,0.0
702,MTA-308 (366-477) (57-1),1006696,GRAPA CONEXION DOBLE S/TOR,0.0,0.0
703,MTA-308 (366-477) (57-1),1007094,"TUERCA CAB HEX AC GALV P/TORNILLO 5/8""",0.0,0.0
704,MTA-308 (366-477) (57-1),1006230,AISLADOR COMPOSITE T/SUSPENSION 13.2KV,8.0,0.0
705,MTA-308 (366-477) (57-1),1007099,"TUERCA D/OJO AC GALV P/TORNILLO 5/8""",6.0,0.0
706,MTA-308 (366-477) (57-1),1006695,GRAPA RETENCION 336 MCM A 477 MCM,6.0,0.0
707,MTA-308 (366-477) (57-1),1006264,"ARANDELA PRESION ACERO GALV P/TORN 5/8""",18.0,0.0
708,MTA-308 (366-477) (57-1),1006262,"ARANDELA PRESION ACERO GALV P/TORN 1/2""",1.0,0.0
709,MTA-308 (366-477) (57-1),1006840,"PERNO ROSCA CORRIDA AC GALV 5/8"" X12""",5.0,0.0
710,MTA-308 (366-477) (57-1),1007052,"TORNILLO HEX PAS AC GALV 3/8"" X 2""",4.0,0.0
711,MTA-308 (366-477) (57-1),1008251,"TORNILLO MAQUINA AC GALV 1/2"" X 12""",1.0,0.0
712,MTA-308 (366-477) (57-1),1006601,"FLEJE GALV 1-1/4"" X 1/4"" X 28'ORIF 9/16""",4.0,0.0
713,MTA-308 (366-477) (57-1),1006508,"CRUCETA ACERO GALV 8'-0""3"" X 3""",2.0,0.0
714,MTA-308 (366-477) (57-1),1006265,"ARANDELA PRESION ACERO GALV P/TORN 3/8""",4.0,0.0
715,MTA-308 (366-477) (57-1),1006838,PERNO CORTO GALVANIZADO ANSI 57-1/3,1.0,0.0
716,MTA-308 (366-477) (57-1),1006241,AISLADOR PORC.TIPO LINE POST ANSI 57-1,1.0,0.0
717,MTA-308 (366-477) (57-1),1005947,ALAMBRE LIGADURAALUMINIO,1.0,0.0
718,MTA-101 (Hibrido),1007039,"TORNILLOCABEZA HEXAGONAL 5/8"" X 3""",0.0,0.0
719,MTA-101 (Hibrido),1006838,PERNO CORTO GALVANIZADO ANSI 57-1/3,1.0,0.0
720,MTA-101 (Hibrido),1006696,GRAPA CONEXION DOBLE S/TOR,0.0,0.0
721,MTA-101 (Hibrido),1005947,ALAMBRE LIGADURAALUMINIO,2.0,0.0
722,MTA-101 (Hibrido),1006579,"ESPIGA ACERO GAL VASTAGO 3/4"" X 7 3/4""",1.0,0.0
723,MTA-101 (Hibrido),1006238,AISLADOR PORC.TIPO ESPIGA ANSI 55-5,1.0,0.0
724,MTA-101 (Hibrido),1006250,"ARAN PLAN CUA AC GALV 21/4""X21/4"" D 5/8""",2.0,0.0
725,MTA-101 (Hibrido),1006262,"ARANDELA PRESION ACERO GALV P/TORN 1/2""",1.0,0.0
726,MTA-101 (Hibrido),1006241,AISLADOR PORC.TIPO LINE POST ANSI 57-1,1.0,0.0
727,MTA-101 (Hibrido),1006506,"CRUCETA ACERO GALV 5'-7"" 3"" X 3""",1.0,0.0
728,MTA-101 (Hibrido),1006602,"FLEJE GALV 13/4""X13/4""X3/16""X60""ORF9/16""",1.0,0.0
729,MTA-101 (Hibrido),1007057,"TORNILLO HEX PAS AC GALV 5/8"" X 12""",2.0,0.0
730,MTA-101 (Hibrido),1007200,"TORNILLO MAQUINA 1/2"" X 2""",1.0,0.0
731,MTA-101 (Hibrido),1006264,"ARANDELA PRESION ACERO GALV P/TORN 5/8""",2.0,0.0
732,MTA-102 (Hibrido),1007094,"TUERCA CAB HEX AC GALV P/TORNILLO 5/8""",0.0,0.0
733,MTA-102 (Hibrido),1006840,"PERNO ROSCA CORRIDA AC GALV 5/8"" X12""",2.0,0.0
734,MTA-102 (Hibrido),1005947,ALAMBRE LIGADURAALUMINIO,4.0,0.0
735,MTA-102 (Hibrido),1006262,"ARANDELA PRESION ACERO GALV P/TORN 1/2""",6.0,0.0
736,MTA-102 (Hibrido),1006579,"ESPIGA ACERO GAL VASTAGO 3/4"" X 7 3/4""",2.0,0.0
737,MTA-102 (Hibrido),1006238,AISLADOR PORC.TIPO ESPIGA ANSI 55-5,2.0,0.0
738,MTA-102 (Hibrido),1006264,"ARANDELA PRESION ACERO GALV P/TORN 5/8""",7.0,0.0
739,MTA-102 (Hibrido),1006602,"FLEJE GALV 13/4""X13/4""X3/16""X60""ORF9/16""",1.0,0.0
740,MTA-102 (Hibrido),1006506,"CRUCETA ACERO GALV 5'-7"" 3"" X 3""",2.0,0.0
741,MTA-102 (Hibrido),1007282,"TORNILLO ESP ROSCA CORRIDA 1/2"" X12""",1.0,0.0
742,MTA-102 (Hibrido),1006250,"ARAN PLAN CUA AC GALV 21/4""X21/4"" D 5/8""",1.0,0.0
743,MTA-102 (Hibrido),1006838,PERNO CORTO GALVANIZADO ANSI 57-1/3,2.0,0.0
744,MTA-102 (Hibrido),1006241,AISLADOR PORC.TIPO LINE POST ANSI 57-1,2.0,0.0
745,MTA-103 (Hibrido),1006694,GRAPA RETENCION 2/0 AWG A 4/0 AWG,4.0,0.0
746,MTA-103 (Hibrido),1006262,"ARANDELA PRESION ACERO GALV P/TORN 1/2""",1.0,0.0
747,MTA-103 (Hibrido),1007094,"TUERCA CAB HEX AC GALV P/TORNILLO 5/8""",0.0,0.0
748,MTA-103 (Hibrido),1006696,GRAPA CONEXION DOBLE S/TOR,0.0,0.0
749,MTA-103 (Hibrido),1006241,AISLADOR PORC.TIPO LINE POST ANSI 57-1,1.0,0.0
750,MTA-103 (Hibrido),1006838,PERNO CORTO GALVANIZADO ANSI 57-1/3,1.0,0.0
751,MTA-103 (Hibrido),1006579,"ESPIGA ACERO GAL VASTAGO 3/4"" X 7 3/4""",1.0,0.0
752,MTA-103 (Hibrido),1006238,AISLADOR PORC.TIPO ESPIGA ANSI 55-5,1.0,0.0
753,MTA-103 (Hibrido),1006230,AISLADOR COMPOSITE T/SUSPENSION 13.2KV,2.0,0.0
754,MTA-103 (Hibrido),1007099,"TUERCA D/OJO AC GALV P/TORNILLO 5/8""",4.0,0.0
755,MTA-103 (Hibrido),1007057,"TORNILLO HEX PAS AC GALV 5/8"" X 12""",0.0,0.0
756,MTA-103 (Hibrido),1006840,"PERNO ROSCA CORRIDA AC GALV 5/8"" X12""",3.0,0.0
757,MTA-103 (Hibrido),1006264,"ARANDELA PRESION ACERO GALV P/TORN 5/8""",10.0,0.0
758,MTA-103 (Hibrido),1006506,"CRUCETA ACERO GALV 5'-7"" 3"" X 3""",2.0,0.0
759,MTA-103 (Hibrido),1006601,"FLEJE GALV 1-1/4"" X 1/4"" X 28'ORIF 9/16""",4.0,0.0
760,MTA-103 (Hibrido),1006265,"ARANDELA PRESION ACERO GALV P/TORN 3/8""",4.0,0.0
761,MTA-103 (Hibrido),1007052,"TORNILLO HEX PAS AC GALV 3/8"" X 2""",4.0,0.0
762,MTA-103 (Hibrido),1008251,"TORNILLO MAQUINA AC GALV 1/2"" X 12""",1.0,0.0
763,MTA-103 (Hibrido),1005947,ALAMBRE LIGADURAALUMINIO,2.0,0.0
764,MTA-106 (Hibrido),1006250,"ARAN PLAN CUA AC GALV 21/4""X21/4"" D 5/8""",2.0,0.0
765,MTA-106 (Hibrido),1005947,ALAMBRE LIGADURAALUMINIO,2.0,0.0
766,MTA-106 (Hibrido),1006696,GRAPA CONEXION DOBLE S/TOR,0.0,0.0
767,MTA-106 (Hibrido),1006838,PERNO CORTO GALVANIZADO ANSI 57-1/3,1.0,0.0
768,MTA-106 (Hibrido),1007094,"TUERCA CAB HEX AC GALV P/TORNILLO 5/8""",0.0,0.0
769,MTA-106 (Hibrido),1006602,"FLEJE GALV 13/4""X13/4""X3/16""X60""ORF9/16""",1.0,0.0
770,MTA-106 (Hibrido),1006579,"ESPIGA ACERO GAL VASTAGO 3/4"" X 7 3/4""",1.0,0.0
771,MTA-106 (Hibrido),1006238,AISLADOR PORC.TIPO ESPIGA ANSI 55-5,1.0,0.0
772,MTA-106 (Hibrido),1006840,"PERNO ROSCA CORRIDA AC GALV 5/8"" X12""",3.0,0.0
773,MTA-106 (Hibrido),1007099,"TUERCA D/OJO AC GALV P/TORNILLO 5/8""",2.0,0.0
774,MTA-106 (Hibrido),1006694,GRAPA RETENCION 2/0 AWG A 4/0 AWG,2.0,0.0
775,MTA-106 (Hibrido),1006262,"ARANDELA PRESION ACERO GALV P/TORN 1/2""",2.0,0.0
776,MTA-106 (Hibrido),1006601,"FLEJE GALV 1-1/4"" X 1/4"" X 28'ORIF 9/16""",4.0,0.0
777,MTA-106 (Hibrido),1007052,"TORNILLO HEX PAS AC GALV 3/8"" X 2""",4.0,0.0
778,MTA-106 (Hibrido),1007057,"TORNILLO HEX PAS AC GALV 5/8"" X 12""",2.0,0.0
779,MTA-106 (Hibrido),1007200,"TORNILLO MAQUINA 1/2"" X 2""",1.0,0.0
780,MTA-106 (Hibrido),1006265,"ARANDELA PRESION ACERO GALV P/TORN 3/8""",4.0,0.0
781,MTA-106 (Hibrido),1008251,"TORNILLO MAQUINA AC GALV 1/2"" X 12""",1.0,0.0
782,MTA-106 (Hibrido),1006506,"CRUCETA ACERO GALV 5'-7"" 3"" X 3""",3.0,0.0
783,MTA-106 (Hibrido),1006230,AISLADOR COMPOSITE T/SUSPENSION 13.2KV,1.0,0.0
784,MTA-106 (Hibrido),1006241,AISLADOR PORC.TIPO LINE POST ANSI 57-1,1.0,0.0
785,MTA-107 (Hibrido),1006696,GRAPA CONEXION DOBLE S/TOR,0.0,0.0
786,MTA-107 (Hibrido),1007094,"TUERCA CAB HEX AC GALV P/TORNILLO 5/8""",0.0,0.0
787,MTA-107 (Hibrido),1005947,ALAMBRE LIGADURAALUMINIO,2.0,0.0
788,MTA-107 (Hibrido),1006579,"ESPIGA ACERO GAL VASTAGO 3/4"" X 7 3/4""",1.0,0.0
789,MTA-107 (Hibrido),1006238,AISLADOR PORC.TIPO ESPIGA ANSI 55-5,1.0,0.0
790,MTA-107 (Hibrido),1006838,PERNO CORTO GALVANIZADO ANSI 57-1/3,1.0,0.0
791,MTA-107 (Hibrido),1006241,AISLADOR PORC.TIPO LINE POST ANSI 57-1,1.0,0.0
792,MTA-107 (Hibrido),1007200,"TORNILLO MAQUINA 1/2"" X 2""",1.0,0.0
793,MTA-107 (Hibrido),1006262,"ARANDELA PRESION ACERO GALV P/TORN 1/2""",1.0,0.0
794,MTA-107 (Hibrido),1006264,"ARANDELA PRESION ACERO GALV P/TORN 5/8""",2.0,0.0
795,MTA-107 (Hibrido),1006595,"FLEJE AC GALV 1-3/4""X1-3/4""X3/16""X84""",1.0,0.0
796,MTA-107 (Hibrido),1007057,"TORNILLO HEX PAS AC GALV 5/8"" X 12""",2.0,0.0
797,MTA-107 (Hibrido),1006508,"CRUCETA ACERO GALV 8'-0""3"" X 3""",1.0,0.0
798,MTA-107 (Hibrido),1006250,"ARAN PLAN CUA AC GALV 21/4""X21/4"" D 5/8""",2.0,0.0
799,MTA-108 (Hibrido),1006696,GRAPA CONEXION DOBLE S/TOR,0.0,0.0
800,MTA-108 (Hibrido),1007094,"TUERCA CAB HEX AC GALV P/TORNILLO 5/8""",0.0,0.0
801,MTA-108 (Hibrido),1005947,ALAMBRE LIGADURAALUMINIO,4.0,0.0
802,MTA-108 (Hibrido),1006579,"ESPIGA ACERO GAL VASTAGO 3/4"" X 7 3/4""",2.0,0.0
803,MTA-108 (Hibrido),1006238,AISLADOR PORC.TIPO ESPIGA ANSI 55-5,2.0,0.0
804,MTA-108 (Hibrido),1006838,PERNO CORTO GALVANIZADO ANSI 57-1/3,2.0,0.0
805,MTA-108 (Hibrido),1006241,AISLADOR PORC.TIPO LINE POST ANSI 57-1,2.0,0.0
806,MTA-108 (Hibrido),1006262,"ARANDELA PRESION ACERO GALV P/TORN 1/2""",6.0,0.0
807,MTA-108 (Hibrido),1007282,"TORNILLO ESP ROSCA CORRIDA 1/2"" X12""",1.0,0.0
808,MTA-108 (Hibrido),1007057,"TORNILLO HEX PAS AC GALV 5/8"" X 12""",1.0,0.0
809,MTA-108 (Hibrido),1006250,"ARAN PLAN CUA AC GALV 21/4""X21/4"" D 5/8""",1.0,0.0
810,MTA-108 (Hibrido),1007200,"TORNILLO MAQUINA 1/2"" X 2""",0.0,0.0
811,MTA-108 (Hibrido),1006264,"ARANDELA PRESION ACERO GALV P/TORN 5/8""",11.0,0.0
812,MTA-108 (Hibrido),1006840,"PERNO ROSCA CORRIDA AC GALV 5/8"" X12""",3.0,0.0
813,MTA-108 (Hibrido),1006595,"FLEJE AC GALV 1-3/4""X1-3/4""X3/16""X84""",1.0,0.0
814,MTA-108 (Hibrido),1006508,"CRUCETA ACERO GALV 8'-0""3"" X 3""",2.0,0.0
815,MTA-301 (Hibrido),1006241,AISLADOR PORC.TIPO LINE POST ANSI 57-1,3.0,0.0
816,MTA-301 (Hibrido),1006940,SOPORTE DE ACERO PARA AISLADOR RIGIDO EN CABEZA DE POSTE,1.0,0.0
817,MTA-301 (Hibrido),1006838,PERNO CORTO GALVANIZADO ANSI 57-1/3,3.0,0.0
818,MTA-301 (Hibrido),1005947,ALAMBRE LIGADURAALUMINIO,4.0,0.0
819,MTA-301 (Hibrido),1006579,"ESPIGA ACERO GAL VASTAGO 3/4"" X 7 3/4""",1.0,0.0
820,MTA-301 (Hibrido),1006238,AISLADOR PORC.TIPO ESPIGA ANSI 55-5,1.0,0.0
821,MTA-301 (Hibrido),1006696,GRAPA CONEXION DOBLE S/TOR,0.0,0.0
822,MTA-301 (Hibrido),1007094,"TUERCA CAB HEX AC GALV P/TORNILLO 5/8""",0.0,0.0
823,MTA-301 (Hibrido),1007200,"TORNILLO MAQUINA 1/2"" X 2""",1.0,0.0
824,MTA-301 (Hibrido),1006262,"ARANDELA PRESION ACERO GALV P/TORN 1/2""",1.0,0.0
825,MTA-301 (Hibrido),1006250,"ARAN PLAN CUA AC GALV 21/4""X21/4"" D 5/8""",4.0,0.0
826,MTA-301 (Hibrido),1006264,"ARANDELA PRESION ACERO GALV P/TORN 5/8""",4.0,0.0
827,MTA-301 (Hibrido),1007057,"TORNILLO HEX PAS AC GALV 5/8"" X 12""",4.0,0.0
828,MTA-301 (Hibrido),1006595,"FLEJE AC GALV 1-3/4""X1-3/4""X3/16""X84""",1.0,0.0
829,MTA-301 (Hibrido),1006508,"CRUCETA ACERO GALV 8'-0""3"" X 3""",1.0,0.0
830,MTA-302 (2/0-4/0) (Hibrido),1007057,"TORNILLO HEX PAS AC GALV 5/8"" X 12""",3.0,0.0
831,MTA-302 (2/0-4/0) (Hibrido),1007099,"TUERCA D/OJO AC GALV P/TORNILLO 5/8""",4.0,0.0
832,MTA-302 (2/0-4/0) (Hibrido),1006694,GRAPA RETENCION 2/0 AWG A 4/0 AWG,2.0,0.0
833,MTA-302 (2/0-4/0) (Hibrido),1006264,"ARANDELA PRESION ACERO GALV P/TORN 5/8""",15.0,0.0
834,MTA-302 (2/0-4/0) (Hibrido),1006262,"ARANDELA PRESION ACERO GALV P/TORN 1/2""",6.0,0.0
835,MTA-302 (2/0-4/0) (Hibrido),1006840,"PERNO ROSCA CORRIDA AC GALV 5/8"" X12""",5.0,0.0
836,MTA-302 (2/0-4/0) (Hibrido),1005947,ALAMBRE LIGADURAALUMINIO,7.0,0.0
837,MTA-302 (2/0-4/0) (Hibrido),1006579,"ESPIGA ACERO GAL VASTAGO 3/4"" X 7 3/4""",2.0,0.0
838,MTA-302 (2/0-4/0) (Hibrido),1006238,AISLADOR PORC.TIPO ESPIGA ANSI 55-5,2.0,0.0
839,MTA-302 (2/0-4/0) (Hibrido),1007094,"TUERCA CAB HEX AC GALV P/TORNILLO 5/8""",0.0,0.0
840,MTA-302 (2/0-4/0) (Hibrido),1006696,GRAPA CONEXION DOBLE S/TOR,0.0,0.0
841,MTA-302 (2/0-4/0) (Hibrido),1006508,"CRUCETA ACERO GALV 8'-0""3"" X 3""",2.0,0.0
842,MTA-302 (2/0-4/0) (Hibrido),1006595,"FLEJE AC GALV 1-3/4""X1-3/4""X3/16""X84""",1.0,0.0
843,MTA-302 (2/0-4/0) (Hibrido),1007282,"TORNILLO ESP ROSCA CORRIDA 1/2"" X12""",1.0,0.0
844,MTA-302 (2/0-4/0) (Hibrido),1007200,"TORNILLO MAQUINA 1/2"" X 2""",0.0,0.0
845,MTA-302 (2/0-4/0) (Hibrido),1006838,PERNO CORTO GALVANIZADO ANSI 57-1/3,5.0,0.0
846,MTA-302 (2/0-4/0) (Hibrido),1006940,SOPORTE DE ACERO PARA AISLADOR RIGIDO EN CABEZA DE POSTE,1.0,0.0
847,MTA-302 (2/0-4/0) (Hibrido),1006241,AISLADOR PORC.TIPO LINE POST ANSI 57-1,5.0,0.0
848,MTA-302 (2/0-4/0) (Hibrido),1006230,AISLADOR COMPOSITE T/SUSPENSION 13.2KV,2.0,0.0
849,MTA-302 (2/0-4/0) (Hibrido),1007225,"ABRAZADERA PERNO P/TORNILLO 5/8""",2.0,0.0
850,MTA-302 (2/0-4/0) (Hibrido),1006250,"ARAN PLAN CUA AC GALV 21/4""X21/4"" D 5/8""",3.0,0.0
851,MTA-303 (2/0-4/0) (Hibrido),1007099,"TUERCA D/OJO AC GALV P/TORNILLO 5/8""",8.0,0.0
852,MTA-303 (2/0-4/0) (Hibrido),1006694,GRAPA RETENCION 2/0 AWG A 4/0 AWG,8.0,0.0
853,MTA-303 (2/0-4/0) (Hibrido),1006264,"ARANDELA PRESION ACERO GALV P/TORN 5/8""",18.0,0.0
854,MTA-303 (2/0-4/0) (Hibrido),1006262,"ARANDELA PRESION ACERO GALV P/TORN 1/2""",1.0,0.0
855,MTA-303 (2/0-4/0) (Hibrido),1007052,"TORNILLO HEX PAS AC GALV 3/8"" X 2""",4.0,0.0
856,MTA-303 (2/0-4/0) (Hibrido),1006579,"ESPIGA ACERO GAL VASTAGO 3/4"" X 7 3/4""",1.0,0.0
857,MTA-303 (2/0-4/0) (Hibrido),1006238,AISLADOR PORC.TIPO ESPIGA ANSI 55-5,1.0,0.0
858,MTA-303 (2/0-4/0) (Hibrido),1007094,"TUERCA CAB HEX AC GALV P/TORNILLO 5/8""",0.0,0.0
859,MTA-303 (2/0-4/0) (Hibrido),1006696,GRAPA CONEXION DOBLE S/TOR,0.0,0.0
860,MTA-303 (2/0-4/0) (Hibrido),1006840,"PERNO ROSCA CORRIDA AC GALV 5/8"" X12""",5.0,0.0
861,MTA-303 (2/0-4/0) (Hibrido),1006508,"CRUCETA ACERO GALV 8'-0""3"" X 3""",2.0,0.0
862,MTA-303 (2/0-4/0) (Hibrido),1006601,"FLEJE GALV 1-1/4"" X 1/4"" X 28'ORIF 9/16""",4.0,0.0
863,MTA-303 (2/0-4/0) (Hibrido),1008251,"TORNILLO MAQUINA AC GALV 1/2"" X 12""",1.0,0.0
864,MTA-303 (2/0-4/0) (Hibrido),1006265,"ARANDELA PRESION ACERO GALV P/TORN 3/8""",4.0,0.0
865,MTA-303 (2/0-4/0) (Hibrido),1006838,PERNO CORTO GALVANIZADO ANSI 57-1/3,3.0,0.0
866,MTA-303 (2/0-4/0) (Hibrido),1006241,AISLADOR PORC.TIPO LINE POST ANSI 57-1,3.0,0.0
867,MTA-303 (2/0-4/0) (Hibrido),1006230,AISLADOR COMPOSITE T/SUSPENSION 13.2KV,6.0,0.0
868,MTA-303 (2/0-4/0) (Hibrido),1005947,ALAMBRE LIGADURAALUMINIO,4.0,0.0
869,MTA-306 (Hibrido),1006696,GRAPA CONEXION DOBLE S/TOR,0.0,0.0
870,MTA-306 (Hibrido),1007094,"TUERCA CAB HEX AC GALV P/TORNILLO 5/8""",0.0,0.0
871,MTA-306 (Hibrido),1007099,"TUERCA D/OJO AC GALV P/TORNILLO 5/8""",2.0,0.0
872,MTA-306 (Hibrido),1006694,GRAPA RETENCION 2/0 AWG A 4/0 AWG,2.0,0.0
873,MTA-306 (Hibrido),1006230,AISLADOR COMPOSITE T/SUSPENSION 13.2KV,1.0,0.0
874,MTA-306 (Hibrido),1006579,"ESPIGA ACERO GAL VASTAGO 3/4"" X 7 3/4""",1.0,0.0
875,MTA-306 (Hibrido),1006238,AISLADOR PORC.TIPO ESPIGA ANSI 55-5,1.0,0.0
876,MTA-306 (Hibrido),1006264,"ARANDELA PRESION ACERO GALV P/TORN 5/8""",14.0,0.0
877,MTA-306 (Hibrido),1006262,"ARANDELA PRESION ACERO GALV P/TORN 1/2""",2.0,0.0
878,MTA-306 (Hibrido),1006506,"CRUCETA ACERO GALV 5'-7"" 3"" X 3""",2.0,0.0
879,MTA-306 (Hibrido),1006840,"PERNO ROSCA CORRIDA AC GALV 5/8"" X12""",3.0,0.0
880,MTA-306 (Hibrido),1006601,"FLEJE GALV 1-1/4"" X 1/4"" X 28'ORIF 9/16""",4.0,0.0
881,MTA-306 (Hibrido),1006265,"ARANDELA PRESION ACERO GALV P/TORN 3/8""",4.0,0.0
882,MTA-306 (Hibrido),1008251,"TORNILLO MAQUINA AC GALV 1/2"" X 12""",1.0,0.0
883,MTA-306 (Hibrido),1007052,"TORNILLO HEX PAS AC GALV 3/8"" X 2""",4.0,0.0
884,MTA-306 (Hibrido),1006241,AISLADOR PORC.TIPO LINE POST ANSI 57-1,3.0,0.0
885,MTA-306 (Hibrido),1006940,SOPORTE DE ACERO PARA AISLADOR RIGIDO EN CABEZA DE POSTE,1.0,0.0
886,MTA-306 (Hibrido),1006838,PERNO CORTO GALVANIZADO ANSI 57-1/3,3.0,0.0
887,MTA-306 (Hibrido),1005947,ALAMBRE LIGADURAALUMINIO,4.0,0.0
888,MTA-306 (Hibrido),1007200,"TORNILLO MAQUINA 1/2"" X 2""",1.0,0.0
889,MTA-306 (Hibrido),1006250,"ARAN PLAN CUA AC GALV 21/4""X21/4"" D 5/8""",4.0,0.0
890,MTA-306 (Hibrido),1007057,"TORNILLO HEX PAS AC GALV 5/8"" X 12""",4.0,0.0
891,MTA-306 (Hibrido),1006595,"FLEJE AC GALV 1-3/4""X1-3/4""X3/16""X84""",1.0,0.0
892,MTA-306 (Hibrido),1006508,"CRUCETA ACERO GALV 8'-0""3"" X 3""",1.0,0.0
893,F1-MT (2/0-4/0) (55-5),1007094,"TUERCA CAB HEX AC GALV P/TORNILLO 5/8""",0.0,0.0
894,F1-MT (2/0-4/0) (55-5),1007225,"ABRAZADERA PERNO P/TORNILLO 5/8""",1.0,0.0
895,F1-MT (2/0-4/0) (55-5),1006234,AISLADOR PORC.TIPO SUSPENSION ANSI 52-1,2.0,0.0
896,F1-MT (2/0-4/0) (55-5),1006694,GRAPA RETENCION 2/0 AWG A 4/0 AWG,1.0,0.0
897,F1-MT (2/0-4/0) (55-5),1006841,"PERNO ROSCA CORRIDA AC GALV 5/8""X14'",1.0,0.0
898,F1-MT (2/0-4/0) (55-5),1007099,"TUERCA D/OJO AC GALV P/TORNILLO 5/8""",2.0,0.0
899,F1-MT (2/0-4/0) (55-5),1006840,"PERNO ROSCA CORRIDA AC GALV 5/8"" X12""",1.0,0.0
900,F1-MT (2/0-4/0) (55-5),1006250,"ARAN PLAN CUA AC GALV 21/4""X21/4"" D 5/8""",2.0,0.0
901,F1-MT (2/0-4/0) (55-5),1006264,"ARANDELA PRESION ACERO GALV P/TORN 5/8""",5.0,0.0
902,F1-MT (2/0-4/0) (55-5),1006696,GRAPA CONEXION DOBLE S/TOR,0.0,0.0
903,F1-MT (2/0-4/0) (57-1),1007094,"TUERCA CAB HEX AC GALV P/TORNILLO 5/8""",0.0,0.0
904,F1-MT (2/0-4/0) (57-1),1007225,"ABRAZADERA PERNO P/TORNILLO 5/8""",1.0,0.0
905,F1-MT (2/0-4/0) (57-1),1006230,AISLADOR COMPOSITE T/SUSPENSION 13.2KV,1.0,0.0
906,F1-MT (2/0-4/0) (57-1),1006694,GRAPA RETENCION 2/0 AWG A 4/0 AWG,1.0,0.0
907,F1-MT (2/0-4/0) (57-1),1006841,"PERNO ROSCA CORRIDA AC GALV 5/8""X14'",1.0,0.0
908,F1-MT (2/0-4/0) (57-1),1007099,"TUERCA D/OJO AC GALV P/TORNILLO 5/8""",2.0,0.0
909,F1-MT (2/0-4/0) (57-1),1006840,"PERNO ROSCA CORRIDA AC GALV 5/8"" X12""",1.0,0.0
910,F1-MT (2/0-4/0) (57-1),1006250,"ARAN PLAN CUA AC GALV 21/4""X21/4"" D 5/8""",2.0,0.0
911,F1-MT (2/0-4/0) (57-1),1006264,"ARANDELA PRESION ACERO GALV P/TORN 5/8""",5.0,0.0
912,F1-MT (2/0-4/0) (57-1),1006696,GRAPA CONEXION DOBLE S/TOR,0.0,0.0
913,F1-MT (336-477) (55-5),1007094,"TUERCA CAB HEX AC GALV P/TORNILLO 5/8""",0.0,0.0
914,F1-MT (336-477) (55-5),1007225,"ABRAZADERA PERNO P/TORNILLO 5/8""",1.0,0.0
915,F1-MT (336-477) (55-5),1006234,AISLADOR PORC.TIPO SUSPENSION ANSI 52-1,2.0,0.0
916,F1-MT (336-477) (55-5),1006695,GRAPA RETENCION 336 MCM A 477 MCM,1.0,0.0
917,F1-MT (336-477) (55-5),1006841,"PERNO ROSCA CORRIDA AC GALV 5/8""X14'",1.0,0.0
918,F1-MT (336-477) (55-5),1007099,"TUERCA D/OJO AC GALV P/TORNILLO 5/8""",2.0,0.0
919,F1-MT (336-477) (55-5),1006840,"PERNO ROSCA CORRIDA AC GALV 5/8"" X12""",1.0,0.0
920,F1-MT (336-477) (55-5),1006250,"ARAN PLAN CUA AC GALV 21/4""X21/4"" D 5/8""",2.0,0.0
921,F1-MT (336-477) (55-5),1006264,"ARANDELA PRESION ACERO GALV P/TORN 5/8""",5.0,0.0
922,F1-MT (336-477) (55-5),1006696,GRAPA CONEXION DOBLE S/TOR,0.0,0.0
923,F1-MT (336-477) (57-1),1007094,"TUERCA CAB HEX AC GALV P/TORNILLO 5/8""",0.0,0.0
924,F1-MT (336-477) (57-1),1007225,"ABRAZADERA PERNO P/TORNILLO 5/8""",1.0,0.0
925,F1-MT (336-477) (57-1),1006230,AISLADOR COMPOSITE T/SUSPENSION 13.2KV,1.0,0.0
926,F1-MT (336-477) (57-1),1006695,GRAPA RETENCION 336 MCM A 477 MCM,1.0,0.0
927,F1-MT (336-477) (57-1),1006841,"PERNO ROSCA CORRIDA AC GALV 5/8""X14'",1.0,0.0
928,F1-MT (336-477) (57-1),1007099,"TUERCA D/OJO AC GALV P/TORNILLO 5/8""",2.0,0.0
929,F1-MT (336-477) (57-1),1006840,"PERNO ROSCA CORRIDA AC GALV 5/8"" X12""",1.0,0.0
930,F1-MT (336-477) (57-1),1006250,"ARAN PLAN CUA AC GALV 21/4""X21/4"" D 5/8""",2.0,0.0
931,F1-MT (336-477) (57-1),1006264,"ARANDELA PRESION ACERO GALV P/TORN 5/8""",5.0,0.0
932,F1-MT (336-477) (57-1),1006696,GRAPA CONEXION DOBLE S/TOR,0.0,0.0
933,F2-MT (2/0-4/0) (55-5),1006840,"PERNO ROSCA CORRIDA AC GALV 5/8"" X12""",1.0,0.0
934,F2-MT (2/0-4/0) (55-5),1007225,"ABRAZADERA PERNO P/TORNILLO 5/8""",1.0,0.0
935,F2-MT (2/0-4/0) (55-5),1006264,"ARANDELA PRESION ACERO GALV P/TORN 5/8""",2.0,0.0
936,F2-MT (2/0-4/0) (55-5),1006234,AISLADOR PORC.TIPO SUSPENSION ANSI 52-1,2.0,0.0
937,F2-MT (2/0-4/0) (55-5),1006694,GRAPA RETENCION 2/0 AWG A 4/0 AWG,1.0,0.0
938,F2-MT (2/0-4/0) (55-5),1007099,"TUERCA D/OJO AC GALV P/TORNILLO 5/8""",2.0,0.0
939,F2-MT (2/0-4/0) (57-1),1006840,"PERNO ROSCA CORRIDA AC GALV 5/8"" X12""",1.0,0.0
940,F2-MT (2/0-4/0) (57-1),1007225,"ABRAZADERA PERNO P/TORNILLO 5/8""",1.0,0.0
941,F2-MT (2/0-4/0) (57-1),1006264,"ARANDELA PRESION ACERO GALV P/TORN 5/8""",2.0,0.0
942,F2-MT (2/0-4/0) (57-1),1006230,AISLADOR COMPOSITE T/SUSPENSION 13.2KV,1.0,0.0
943,F2-MT (2/0-4/0) (57-1),1006694,GRAPA RETENCION 2/0 AWG A 4/0 AWG,1.0,0.0
944,F2-MT (2/0-4/0) (57-1),1007099,"TUERCA D/OJO AC GALV P/TORNILLO 5/8""",2.0,0.0
945,F2-MT (336-477) (55-5),1006840,"PERNO ROSCA CORRIDA AC GALV 5/8"" X12""",1.0,0.0
946,F2-MT (336-477) (55-5),1007225,"ABRAZADERA PERNO P/TORNILLO 5/8""",1.0,0.0
947,F2-MT (336-477) (55-5),1006264,"ARANDELA PRESION ACERO GALV P/TORN 5/8""",2.0,0.0
948,F2-MT (336-477) (55-5),1006234,AISLADOR PORC.TIPO SUSPENSION ANSI 52-1,2.0,0.0
949,F2-MT (336-477) (55-5),1006695,GRAPA RETENCION 336 MCM A 477 MCM,1.0,0.0
950,F2-MT (336-477) (55-5),1007099,"TUERCA D/OJO AC GALV P/TORNILLO 5/8""",2.0,0.0
951,F2-MT (336-477) (57-1),1006840,"PERNO ROSCA CORRIDA AC GALV 5/8"" X12""",1.0,0.0
952,F2-MT (336-477) (57-1),1007225,"ABRAZADERA PERNO P/TORNILLO 5/8""",1.0,0.0
953,F2-MT (336-477) (57-1),1006264,"ARANDELA PRESION ACERO GALV P/TORN 5/8""",2.0,0.0
954,F2-MT (336-477) (57-1),1006230,AISLADOR COMPOSITE T/SUSPENSION 13.2KV,1.0,0.0
955,F2-MT (336-477) (57-1),1006695,GRAPA RETENCION 336 MCM A 477 MCM,1.0,0.0
956,F2-MT (336-477) (57-1),1007099,"TUERCA D/OJO AC GALV P/TORNILLO 5/8""",2.0,0.0
957,F3-MT (2/0-4/0) (55-5),1006694,GRAPA RETENCION 2/0 AWG A 4/0 AWG,1.0,0.0
958,F3-MT (2/0-4/0) (55-5),1006234,AISLADOR PORC.TIPO SUSPENSION ANSI 52-1,2.0,0.0
959,F3-MT (2/0-4/0) (55-5),1007099,"TUERCA D/OJO AC GALV P/TORNILLO 5/8""",1.0,0.0
960,F3-MT (2/0-4/0) (57-1),1006694,GRAPA RETENCION 2/0 AWG A 4/0 AWG,1.0,0.0
961,F3-MT (2/0-4/0) (57-1),1006230,AISLADOR COMPOSITE T/SUSPENSION 13.2KV,1.0,0.0
962,F3-MT (2/0-4/0) (57-1),1007099,"TUERCA D/OJO AC GALV P/TORNILLO 5/8""",1.0,0.0
963,F3-MT (336-477) (55-5),1006695,GRAPA RETENCION 336 MCM A 477 MCM,1.0,0.0
964,F3-MT (336-477) (55-5),1006234,AISLADOR PORC.TIPO SUSPENSION ANSI 52-1,2.0,0.0
965,F3-MT (336-477) (55-5),1007099,"TUERCA D/OJO AC GALV P/TORNILLO 5/8""",1.0,0.0
966,F3-MT (336-477) (57-1),1006695,GRAPA RETENCION 336 MCM A 477 MCM,1.0,0.0
967,F3-MT (336-477) (57-1),1006230,AISLADOR COMPOSITE T/SUSPENSION 13.2KV,1.0,0.0
968,F3-MT (336-477) (57-1),1007099,"TUERCA D/OJO AC GALV P/TORNILLO 5/8""",1.0,0.0
969,F5-MT (4-1/0) (55-5),1006234,AISLADOR PORC.TIPO SUSPENSION ANSI 52-1,2.0,0.0
970,F5-MT (4-1/0) (55-5),1006693,GRAPA RETENCION 4AWG A 1/0 AWG,2.0,0.0
971,F5-MT (4-1/0) (55-5),1007099,"TUERCA D/OJO AC GALV P/TORNILLO 5/8""",2.0,0.0
972,F5-MT (4-1/0) (55-5),1006846,"PERNO ROSCA CORRIDA AC GALV 5/8"" X6""",1.0,0.0
973,F5-MT (4-1/0) (57-1),1006230,AISLADOR COMPOSITE T/SUSPENSION 13.2KV,1.0,0.0
974,F5-MT (4-1/0) (57-1),1006693,GRAPA RETENCION 4AWG A 1/0 AWG,2.0,0.0
975,F5-MT (4-1/0) (57-1),1007099,"TUERCA D/OJO AC GALV P/TORNILLO 5/8""",2.0,0.0
976,F5-MT (4-1/0) (57-1),1006846,"PERNO ROSCA CORRIDA AC GALV 5/8"" X6""",1.0,0.0
977,F5-MT (2/0-4/0) (55-5),1006846,"PERNO ROSCA CORRIDA AC GALV 5/8"" X6""",1.0,0.0
978,F5-MT (2/0-4/0) (55-5),1007099,"TUERCA D/OJO AC GALV P/TORNILLO 5/8""",2.0,0.0
979,F5-MT (2/0-4/0) (55-5),1006694,GRAPA RETENCION 2/0 AWG A 4/0 AWG,2.0,0.0
980,F5-MT (2/0-4/0) (55-5),1006234,AISLADOR PORC.TIPO SUSPENSION ANSI 52-1,2.0,0.0
981,F5-MT (2/0-4/0) (57-1),1006694,GRAPA RETENCION 2/0 AWG A 4/0 AWG,2.0,0.0
982,F5-MT (2/0-4/0) (57-1),1006230,AISLADOR COMPOSITE T/SUSPENSION 13.2KV,1.0,0.0
983,F5-MT (2/0-4/0) (57-1) Doble,1006694,GRAPA RETENCION 2/0 AWG A 4/0 AWG,2.0,0.0
984,F5-MT (2/0-4/0) (57-1) Doble,1006230,AISLADOR COMPOSITE T/SUSPENSION 13.2KV,2.0,0.0
985,F5-MT (2/0-4/0) (57-1) Doble,1007099,"TUERCA D/OJO AC GALV P/TORNILLO 5/8""",2.0,0.0
986,F5-MT (2/0-4/0) (57-1) Doble,1006846,"PERNO ROSCA CORRIDA AC GALV 5/8"" X6""",1.0,0.0
987,F5-MT (336-477) (55-5),1006846,"PERNO ROSCA CORRIDA AC GALV 5/8"" X6""",1.0,0.0
988,F5-MT (336-477) (55-5),1007099,"TUERCA D/OJO AC GALV P/TORNILLO 5/8""",2.0,0.0
989,F5-MT (336-477) (55-5),1006695,GRAPA RETENCION 336 MCM A 477 MCM,2.0,0.0
990,F5-MT (336-477) (55-5),1006234,AISLADOR PORC.TIPO SUSPENSION ANSI 52-1,2.0,0.0
991,F5-MT (336-477) (57-1),1006846,"PERNO ROSCA CORRIDA AC GALV 5/8"" X6""",1.0,0.0
992,F5-MT (336-477) (57-1),1007099,"TUERCA D/OJO AC GALV P/TORNILLO 5/8""",2.0,0.0
993,F5-MT (336-477) (57-1),1006695,GRAPA RETENCION 336 MCM A 477 MCM,2.0,0.0
994,F5-MT (336-477) (57-1),1006230,AISLADOR COMPOSITE T/SUSPENSION 13.2KV,1.0,0.0
995,ALARGADERA ADICIONAL,1006840,"PERNO ROSCA CORRIDA AC GALV 5/8"" X12""",1.0,0.0
996,ALARGADERA ADICIONAL,1007225,"ABRAZADERA PERNO P/TORNILLO 5/8""",1.0,0.0
997,ALARGADERA ADICIONAL,1007099,"TUERCA D/OJO AC GALV P/TORNILLO 5/8""",1.0,0.0
998,AL-BT,1007094,"TUERCA CAB HEX AC GALV P/TORNILLO 5/8""",0.0,0.0
999,AL-BT,1007290,"TORNILLO P/AISLADOR T/CARRETE 5/8"" X 18""",1.0,0.0
1000,AL-BT,1006264,"ARANDELA PRESION ACERO GALV P/TORN 5/8""",2.0,0.0
1001,AL-BT,1006250,"ARAN PLAN CUA AC GALV 21/4""X21/4"" D 5/8""",1.0,0.0
1002,AL-BT,1006236,AISLADOR PORC.TIPO CARRETE ANSI 53-2,1.0,0.0
1003,AL-BT,1006696,GRAPA CONEXION DOBLE S/TOR,0.0,0.0
1004,SU-BT,1007094,"TUERCA CAB HEX AC GALV P/TORNILLO 5/8""",0.0,0.0
1005,SU-BT,1007058,"TORNILLO HEX PAS AC GALV 5/8"" X 14""",1.0,0.0
1006,SU-BT,1006264,"ARANDELA PRESION ACERO GALV P/TORN 5/8""",1.0,0.0
1007,SU-BT,1006250,"ARAN PLAN CUA AC GALV 21/4""X21/4"" D 5/8""",1.0,0.0
1008,SU-BT,1006937,SOPORTE TIPO HORQILLAP/AISL T/CARRETE,1.0,0.0
1009,SU-BT,1006236,AISLADOR PORC.TIPO CARRETE ANSI 53-2,1.0,0.0
1010,SU-BT,1006696,GRAPA CONEXION DOBLE S/TOR,0.0,0.0
1011,SVAF-BT,1007099,"TUERCA D/OJO AC GALV P/TORNILLO 5/8""",1.0,0.0
1012,SVAF-BT,1007037,"TORNILLO CABEZA HEXAGONAL 5/8"" X 2""",1.0,0.0
1013,SVAF-BT,1006264,"ARANDELA PRESION ACERO GALV P/TORN 5/8""",1.0,0.0
1014,SVAF-BT,1006236,AISLADOR PORC.TIPO CARRETE ANSI 53-2,1.0,0.0
1015,SVAF-BT,1007409,PORTA AISLADOR Y CODILLO,1.0,0.0
1016,SV-BT,1007094,"TUERCA CAB HEX AC GALV P/TORNILLO 5/8""",0.0,0.0
1017,SV-BT,1007037,"TORNILLO CABEZA HEXAGONAL 5/8"" X 2""",0.0,0.0
1018,SV-BT,1006262,"ARANDELA PRESION ACERO GALV P/TORN 1/2""",1.0,0.0
1019,SV-BT,1006250,"ARAN PLAN CUA AC GALV 21/4""X21/4"" D 5/8""",0.0,0.0
1020,SV-BT,1007200,"TORNILLO MAQUINA 1/2"" X 2""",1.0,0.0
1021,SV-BT,1006937,SOPORTE TIPO HORQILLAP/AISL T/CARRETE,1.0,0.0
1022,SV-BT,1006236,AISLADOR PORC.TIPO CARRETE ANSI 53-2,1.0,0.0
1023,SV-BT,1006696,GRAPA CONEXION DOBLE S/TOR,0.0,0.0
1024,SV-BT,1007371,SOPORTE PARA TRIPLEX EN CRUCETA,1.0,0.0
1025,SV-BT2,1007094,"TUERCA CAB HEX AC GALV P/TORNILLO 5/8""",0.0,0.0
1026,SV-BT2,1007037,"TORNILLO CABEZA HEXAGONAL 5/8"" X 2""",0.0,0.0
1027,SV-BT2,1006264,"ARANDELA PRESION ACERO GALV P/TORN 5/8""",0.0,0.0
1028,SV-BT2,1006250,"ARAN PLAN CUA AC GALV 21/4""X21/4"" D 5/8""",0.0,0.0
1029,SV-BT2,1007200,"TORNILLO MAQUINA 1/2"" X 2""",0.0,0.0
1030,SV-BT2,1006937,SOPORTE TIPO HORQILLAP/AISL T/CARRETE,2.0,0.0
1031,SV-BT2,1006236,AISLADOR PORC.TIPO CARRETE ANSI 53-2,2.0,0.0
1032,SV-BT2,1006696,GRAPA CONEXION DOBLE S/TOR,0.0,0.0
1033,SV-BT2,1007371,SOPORTE PARA TRIPLEX EN CRUCETA,2.0,0.0
1034,DERV 1/2 VANO 2/0-2/0,1007309,CONECTOR CUÑA PRESION 2/0 AWG # 2/0 AWG,3.0,0.0
1035,DERV 1/2 VANO 2/0-2/0,1006351,CAJA AISLANTECONECTOR CUÑA HASTA 300MCM,2.0,0.0
1036,DERV 1/2 VANO 2/0-2/0,1006694,GRAPA RETENCION 2/0 AWG A 4/0 AWG,1.0,0.0
1037,DERV 1/2 VANO 4/0-4/0,1006351,CAJA AISLANTECONECTOR CUÑA HASTA 300MCM,2.0,0.0
1038,DERV 1/2 VANO 4/0-4/0,1007309,CONECTOR CUÑA PRESION 2/0 AWG # 2/0 AWG,0.0,0.0
1039,DERV 1/2 VANO 4/0-4/0,1006424,CONECTOR CUÑA PRESION 4/0AWG - 4/0AWG,3.0,0.0
1040,DERV 1/2 VANO 4/0-4/0,1006694,GRAPA RETENCION 2/0 AWG A 4/0 AWG,1.0,0.0
1041,F1-BT,1007099,"TUERCA D/OJO AC GALV P/TORNILLO 5/8""",1.0,0.0
1042,F1-BT,1006264,"ARANDELA PRESION ACERO GALV P/TORN 5/8""",3.0,0.0
1043,F1-BT,1006250,"ARAN PLAN CUA AC GALV 21/4""X21/4"" D 5/8""",2.0,0.0
1044,F1-BT,1006840,"PERNO ROSCA CORRIDA AC GALV 5/8"" X12""",1.0,0.0
1045,F1-BT,1006694,GRAPA RETENCION 2/0 AWG A 4/0 AWG,1.0,0.0
1046,F1-BT,1006696,GRAPA CONEXION DOBLE S/TOR,0.0,0.0
1047,F1-BT,1007094,"TUERCA CAB HEX AC GALV P/TORNILLO 5/8""",0.0,0.0
1048,F2-BT,1006841,"PERNO ROSCA CORRIDA AC GALV 5/8""X14'",1.0,0.0
1049,F2-BT,1007099,"TUERCA D/OJO AC GALV P/TORNILLO 5/8""",2.0,0.0
1050,F2-BT,1006264,"ARANDELA PRESION ACERO GALV P/TORN 5/8""",2.0,0.0
1051,F2-BT,1006250,"ARAN PLAN CUA AC GALV 21/4""X21/4"" D 5/8""",2.0,0.0
1052,F2-BT,1006694,GRAPA RETENCION 2/0 AWG A 4/0 AWG,2.0,0.0
1053,F2-BT,1006696,GRAPA CONEXION DOBLE S/TOR,0.0,0.0
1054,F4-BT,1006840,"PERNO ROSCA CORRIDA AC GALV 5/8"" X12""",1.0,0.0
1055,F4-BT,1006250,"ARAN PLAN CUA AC GALV 21/4""X21/4"" D 5/8""",2.0,0.0
1056,F4-BT,1006264,"ARANDELA PRESION ACERO GALV P/TORN 5/8""",2.0,0.0
1057,F4-BT,1006861,PINZA RETENCION DOBLE 6/3AWG - 8/2AWG,1.0,0.0
1058,F4-BT,1007099,"TUERCA D/OJO AC GALV P/TORNILLO 5/8""",1.0,0.0
1059,F4-BT2,1006840,"PERNO ROSCA CORRIDA AC GALV 5/8"" X12""",1.0,0.0
1060,F4-BT2,1006250,"ARAN PLAN CUA AC GALV 21/4""X21/4"" D 5/8""",2.0,0.0
1061,F4-BT2,1006264,"ARANDELA PRESION ACERO GALV P/TORN 5/8""",2.0,0.0
1062,F4-BT2,1006861,PINZA RETENCION DOBLE 6/3AWG - 8/2AWG,2.0,0.0
1063,F4-BT2,1007099,"TUERCA D/OJO AC GALV P/TORNILLO 5/8""",2.0,0.0
1064,F5-BT,1007099,"TUERCA D/OJO AC GALV P/TORNILLO 5/8""",1.0,0.0
1065,F5-BT,1006694,GRAPA RETENCION 2/0 AWG A 4/0 AWG,1.0,0.0
1066,DERIV BT(2/0-2/0)POS,1007099,"TUERCA D/OJO AC GALV P/TORNILLO 5/8""",1.0,0.0
1067,DERIV BT(2/0-2/0)POS,1006694,GRAPA RETENCION 2/0 AWG A 4/0 AWG,1.0,0.0
1068,DERIV BT(2/0-2/0)POS,1006250,"ARAN PLAN CUA AC GALV 21/4""X21/4"" D 5/8""",1.0,0.0
1069,DERIV BT(2/0-2/0)POS,1006264,"ARANDELA PRESION ACERO GALV P/TORN 5/8""",2.0,0.0
1070,DERIV BT(2/0-2/0)POS,1007094,"TUERCA CAB HEX AC GALV P/TORNILLO 5/8""",1.0,0.0
1071,DERIV BT(2/0-2/0)POS,1006236,AISLADOR PORC.TIPO CARRETE ANSI 53-2,1.0,0.0
1072,DERIV BT(2/0-2/0)POS,1007290,"TORNILLO P/AISLADOR T/CARRETE 5/8"" X 18""",1.0,0.0
1073,DERIV BT(2/0-2/0)POS,1007309,CONECTOR CUÑA PRESION 2/0 AWG # 2/0 AWG,0.0,0.0
1074,DERIV BT(2/0-2/0)POS,1006351,CAJA AISLANTECONECTOR CUÑA HASTA 300MCM,0.0,0.0
1075,DERIV BT(4/0-4/0)POS,1007099,"TUERCA D/OJO AC GALV P/TORNILLO 5/8""",1.0,0.0
1076,DERIV BT(4/0-4/0)POS,1005997,CONDUCTOR TRIPLEX 4/0 AWG - N2/0,0.0,0.0
1077,DERIV BT(4/0-4/0)POS,1006264,"ARANDELA PRESION ACERO GALV P/TORN 5/8""",2.0,0.0
1078,DERIV BT(4/0-4/0)POS,1007309,CONECTOR CUÑA PRESION 2/0 AWG # 2/0 AWG,0.0,0.0
1079,DERIV BT(4/0-4/0)POS,1006424,CONECTOR CUÑA PRESION 4/0AWG - 4/0AWG,0.0,0.0
1080,DERIV BT(4/0-4/0)POS,1006351,CAJA AISLANTECONECTOR CUÑA HASTA 300MCM,0.0,0.0
1081,DERIV BT(4/0-4/0)POS,1006250,"ARAN PLAN CUA AC GALV 21/4""X21/4"" D 5/8""",1.0,0.0
1082,DERIV BT(4/0-4/0)POS,1007290,"TORNILLO P/AISLADOR T/CARRETE 5/8"" X 18""",1.0,0.0
1083,DERIV BT(4/0-4/0)POS,1006694,GRAPA RETENCION 2/0 AWG A 4/0 AWG,1.0,0.0
1084,DERIV BT(4/0-4/0)POS,1006236,AISLADOR PORC.TIPO CARRETE ANSI 53-2,1.0,0.0
1085,JUMP AER TRIPX 2/0,1006020,CONDUCTOR TRIPLEX 2/0 AWG - N2/0,1.5,0.0
1086,JUMP AER TRIPX 2/0,1007309,CONECTOR CUÑA PRESION 2/0 AWG # 2/0 AWG,6.0,0.0
1087,JUMP AER TRIPX 2/0,1006351,CAJA AISLANTECONECTOR CUÑA HASTA 300MCM,4.0,0.0
1088,JUMP AER TRIPX 4/0 - 4/0 N 2/0,1006351,CAJA AISLANTECONECTOR CUÑA HASTA 300MCM,4.0,0.0
1089,JUMP AER TRIPX 4/0 - 4/0 N 2/0,1007309,CONECTOR CUÑA PRESION 2/0 AWG # 2/0 AWG,2.0,0.0
1090,JUMP AER TRIPX 4/0 - 4/0 N 2/0,1006424,CONECTOR CUÑA PRESION 4/0AWG - 4/0AWG,4.0,0.0
1091,JUMP AER TRIPX 4/0 - 4/0 N 2/0,1005997,CONDUCTOR TRIPLEX 4/0 AWG - N2/0,1.5,0.0
1092,JUMP AER TRIPX 4/0-2/0,1006351,CAJA AISLANTECONECTOR CUÑA HASTA 300MCM,4.0,0.0
1093,JUMP AER TRIPX 4/0-2/0,1007309,CONECTOR CUÑA PRESION 2/0 AWG # 2/0 AWG,5.0,0.0
1094,JUMP AER TRIPX 4/0-2/0,1007306,CONECTOR CUÑA PRESION 4/0 AWG # 2/0 AWG,2.0,0.0
1095,JUMP AER TRIPX 4/0-2/0,1006020,CONDUCTOR TRIPLEX 2/0 AWG - N2/0,1.5,0.0
1096,CONEX TRIPX 2/0,1006020,CONDUCTOR TRIPLEX 2/0 AWG - N2/0,0.0,0.0
1097,CONEX TRIPX 2/0,1007309,CONECTOR CUÑA PRESION 2/0 AWG # 2/0 AWG,3.0,0.0
1098,CONEX TRIPX 2/0,1006351,CAJA AISLANTECONECTOR CUÑA HASTA 300MCM,2.0,0.0
1099,CONEX TRIPX 4/0,1006351,CAJA AISLANTECONECTOR CUÑA HASTA 300MCM,2.0,0.0
1100,CONEX TRIPX 4/0,1007309,CONECTOR CUÑA PRESION 2/0 AWG # 2/0 AWG,0.0,0.0
1101,CONEX TRIPX 4/0,1006424,CONECTOR CUÑA PRESION 4/0AWG - 4/0AWG,3.0,0.0
1102,CONEX TRIPX 4/0,1005997,CONDUCTOR TRIPLEX 4/0 AWG - N2/0,0.0,0.0
1103,SUSP VOLAD BT,1006236,AISLADOR PORC.TIPO CARRETE ANSI 53-2,1.0,0.0
1104,SUSP VOLAD BT,1006937,SOPORTE TIPO HORQILLAP/AISL T/CARRETE,1.0,0.0
1105,SUSP VOLAD BT,1007026,"TORNILLO CABEZA HEXAGONAL 1/2"" X 2""",1.0,0.0
1106,SUSP VOLAD BT,1006262,"ARANDELA PRESION ACERO GALV P/TORN 1/2""",1.0,0.0
1107,CRUC VOL C6 [CV1-BT],1006506,"CRUCETA ACERO GALV 5'-7"" 3"" X 3""",1.0,0.0
1108,CRUC VOL C6 [CV1-BT],1006602,"FLEJE GALV 13/4""X13/4""X3/16""X60""ORF9/16""",1.0,0.0
1109,CRUC VOL C6 [CV1-BT],1007057,"TORNILLO HEX PAS AC GALV 5/8"" X 12""",2.0,0.0
1110,CRUC VOL C6 [CV1-BT],1007200,"TORNILLO MAQUINA 1/2"" X 2""",1.0,0.0
1111,CRUC VOL C6 [CV1-BT],1006250,"ARAN PLAN CUA AC GALV 21/4""X21/4"" D 5/8""",2.0,0.0
1112,CRUC VOL C6 [CV1-BT],1006262,"ARANDELA PRESION ACERO GALV P/TORN 1/2""",1.0,0.0
1113,CRUC VOL C6 [CV1-BT],1007094,"TUERCA CAB HEX AC GALV P/TORNILLO 5/8""",0.0,0.0
1114,CRUC VOL C6 [CV1-BT],1006264,"ARANDELA PRESION ACERO GALV P/TORN 5/8""",2.0,0.0
1115,CRUC VOL C6 [CV1-BT],1006696,GRAPA CONEXION DOBLE S/TOR,0.0,0.0
1116,CRUC VOL C8 [CV1-MT],1006508,"CRUCETA ACERO GALV 8'-0""3"" X 3""",1.0,0.0
1117,CRUC VOL C8 [CV1-MT],1006595,"FLEJE AC GALV 1-3/4""X1-3/4""X3/16""X84""",1.0,0.0
1118,CRUC VOL C8 [CV1-MT],1007057,"TORNILLO HEX PAS AC GALV 5/8"" X 12""",1.0,0.0
1119,CRUC VOL C8 [CV1-MT],1007200,"TORNILLO MAQUINA 1/2"" X 2""",1.0,0.0
1120,CRUC VOL C8 [CV1-MT],1006250,"ARAN PLAN CUA AC GALV 21/4""X21/4"" D 5/8""",2.0,0.0
1121,CRUC VOL C8 [CV1-MT],1006262,"ARANDELA PRESION ACERO GALV P/TORN 1/2""",2.0,0.0
1122,CRUC VOL C8 [CV1-MT],1007094,"TUERCA CAB HEX AC GALV P/TORNILLO 5/8""",0.0,0.0
1123,CRUC VOL C8 [CV1-MT],1006264,"ARANDELA PRESION ACERO GALV P/TORN 5/8""",3.0,0.0
1124,CRUC VOL C8 [CV1-MT],1006696,GRAPA CONEXION DOBLE S/TOR,0.0,0.0
1125,PR-101 CON 14m DE CU,1006451,CONECTOR CUÑA PRESION P.T. AWG 2/0 - # 2,1.0,0.0
1126,PR-101 CON 14m DE CU,1006849,PICA PUESTA A TIERRA 5/8' X 8',1.0,0.0
1127,PR-101 CON 14m DE CU,1006012,CONDUCTOR CU DESNUDO 7 HILOS #2 AWG,14.0,0.0
1128,PR-101 CON 12m DE CU,1006451,CONECTOR CUÑA PRESION P.T. AWG 2/0 - # 2,1.0,0.0
1129,PR-101 CON 12m DE CU,1006849,PICA PUESTA A TIERRA 5/8' X 8',1.0,0.0
1130,PR-101 CON 12m DE CU,1006012,CONDUCTOR CU DESNUDO 7 HILOS #2 AWG,12.0,0.0
1131,PR-101 CON 10m DE CU,1006451,CONECTOR CUÑA PRESION P.T. AWG 2/0 - # 2,1.0,0.0
1132,PR-101 CON 10m DE CU,1006849,PICA PUESTA A TIERRA 5/8' X 8',1.0,0.0
1133,PR-101 CON 10m DE CU,1006012,CONDUCTOR CU DESNUDO 7 HILOS #2 AWG,10.0,0.0
1134,PR-102 CON 14m DE CU,1007086,"TUBO PVC DIAMETRO 1/2""",1.0,0.0
1135,PR-102 CON 14m DE CU,1006451,CONECTOR CUÑA PRESION P.T. AWG 2/0 - # 2,1.0,0.0
1136,PR-102 CON 14m DE CU,1007074,"TORNILLOTIRAFONDO 1"" X 10""",10.0,0.0
1137,PR-102 CON 14m DE CU,1006213,"ABRAZADERA EMT TIPO OMEGA 3/4""",5.0,0.0
1138,PR-102 CON 14m DE CU,1006849,PICA PUESTA A TIERRA 5/8' X 8',1.0,0.0
1139,PR-102 CON 14m DE CU,1006036,"TARUGO PLASTICO 1/4"" X 1""",10.0,0.0
1140,PR-102 CON 14m DE CU,1006012,CONDUCTOR CU DESNUDO 7 HILOS #2 AWG,14.0,0.0
1141,PR-102 CON 12m DE CU,1007086,"TUBO PVC DIAMETRO 1/2""",1.0,0.0
1142,PR-102 CON 12m DE CU,1006451,CONECTOR CUÑA PRESION P.T. AWG 2/0 - # 2,1.0,0.0
1143,PR-102 CON 12m DE CU,1007074,"TORNILLOTIRAFONDO 1"" X 10""",10.0,0.0
1144,PR-102 CON 12m DE CU,1006213,"ABRAZADERA EMT TIPO OMEGA 3/4""",5.0,0.0
1145,PR-102 CON 12m DE CU,1006849,PICA PUESTA A TIERRA 5/8' X 8',1.0,0.0
1146,PR-102 CON 12m DE CU,1006036,"TARUGO PLASTICO 1/4"" X 1""",10.0,0.0
1147,PR-102 CON 12m DE CU,1006012,CONDUCTOR CU DESNUDO 7 HILOS #2 AWG,12.0,0.0
1148,PR-102 CON 12m DE CU (Flejado),1007086,"TUBO PVC DIAMETRO 1/2""",1.0,0.0
1149,PR-102 CON 12m DE CU (Flejado),1006451,CONECTOR CUÑA PRESION P.T. AWG 2/0 - # 2,1.0,0.0
1150,PR-102 CON 12m DE CU (Flejado),1008249,"FLEJE 10 X 0,4",3.0,0.0
1151,PR-102 CON 12m DE CU (Flejado),1006721,"HEBILLA P/FLEJE 10MM 1/2""",3.0,0.0
1152,PR-102 CON 12m DE CU (Flejado),1006849,PICA PUESTA A TIERRA 5/8' X 8',1.0,0.0
1153,PR-102 CON 12m DE CU (Flejado),1006012,CONDUCTOR CU DESNUDO 7 HILOS #2 AWG,12.0,0.0
1154,PR-102 CON 10m DE CU,1007086,"TUBO PVC DIAMETRO 1/2""",1.0,0.0
1155,PR-102 CON 10m DE CU,1006451,CONECTOR CUÑA PRESION P.T. AWG 2/0 - # 2,1.0,0.0
1156,PR-102 CON 10m DE CU,1007074,"TORNILLOTIRAFONDO 1"" X 10""",10.0,0.0
1157,PR-102 CON 10m DE CU,1006213,"ABRAZADERA EMT TIPO OMEGA 3/4""",5.0,0.0
1158,PR-102 CON 10m DE CU,1006849,PICA PUESTA A TIERRA 5/8' X 8',1.0,0.0
1159,PR-102 CON 10m DE CU,1006036,"TARUGO PLASTICO 1/4"" X 1""",10.0,0.0
1160,PR-102 CON 10m DE CU,1006012,CONDUCTOR CU DESNUDO 7 HILOS #2 AWG,10.0,0.0
1161,PR-101 CON 14m DE ACERO COBREADO,1006451,CONECTOR CUÑA PRESION P.T. AWG 2/0 - # 2,1.0,0.0
1162,PR-101 CON 14m DE ACERO COBREADO,1006849,PICA PUESTA A TIERRA 5/8' X 8',1.0,0.0
1163,PR-101 CON 14m DE ACERO COBREADO,1004132,CABLE ACERO COBREADO DESNUDO #2 AWG 7 HI,14.0,0.0
1164,PR-101 CON 12m DE ACERO COBREADO,1006451,CONECTOR CUÑA PRESION P.T. AWG 2/0 - # 2,1.0,0.0
1165,PR-101 CON 12m DE ACERO COBREADO,1006849,PICA PUESTA A TIERRA 5/8' X 8',1.0,0.0
1166,PR-101 CON 12m DE ACERO COBREADO,1004132,CABLE ACERO COBREADO DESNUDO #2 AWG 7 HI,12.0,0.0
1167,PR-101 CON 10m DE ACERO COBREADO,1006451,CONECTOR CUÑA PRESION P.T. AWG 2/0 - # 2,1.0,0.0
1168,PR-101 CON 10m DE ACERO COBREADO,1006849,PICA PUESTA A TIERRA 5/8' X 8',1.0,0.0
1169,PR-101 CON 10m DE ACERO COBREADO,1004132,CABLE ACERO COBREADO DESNUDO #2 AWG 7 HI,10.0,0.0
1170,PR-102 CON 14m DE ACERO COBREADO,1007086,"TUBO PVC DIAMETRO 1/2""",1.0,0.0
1171,PR-102 CON 14m DE ACERO COBREADO,1006451,CONECTOR CUÑA PRESION P.T. AWG 2/0 - # 2,1.0,0.0
1172,PR-102 CON 14m DE ACERO COBREADO,1007074,"TORNILLOTIRAFONDO 1"" X 10""",10.0,0.0
1173,PR-102 CON 14m DE ACERO COBREADO,1006213,"ABRAZADERA EMT TIPO OMEGA 3/4""",5.0,0.0
1174,PR-102 CON 14m DE ACERO COBREADO,1006849,PICA PUESTA A TIERRA 5/8' X 8',1.0,0.0
1175,PR-102 CON 14m DE ACERO COBREADO,1006036,"TARUGO PLASTICO 1/4"" X 1""",10.0,0.0
1176,PR-102 CON 14m DE ACERO COBREADO,1004132,CABLE ACERO COBREADO DESNUDO #2 AWG 7 HI,14.0,0.0
1177,PR-102 CON 12m DE ACERO COBREADO,1007086,"TUBO PVC DIAMETRO 1/2""",1.0,0.0
1178,PR-102 CON 12m DE ACERO COBREADO,1006451,CONECTOR CUÑA PRESION P.T. AWG 2/0 - # 2,1.0,0.0
1179,PR-102 CON 12m DE ACERO COBREADO,1007074,"TORNILLOTIRAFONDO 1"" X 10""",10.0,0.0
1180,PR-102 CON 12m DE ACERO COBREADO,1006213,"ABRAZADERA EMT TIPO OMEGA 3/4""",5.0,0.0
1181,PR-102 CON 12m DE ACERO COBREADO,1006849,PICA PUESTA A TIERRA 5/8' X 8',1.0,0.0
1182,PR-102 CON 12m DE ACERO COBREADO,1006036,"TARUGO PLASTICO 1/4"" X 1""",10.0,0.0
1183,PR-102 CON 12m DE ACERO COBREADO,1004132,CABLE ACERO COBREADO DESNUDO #2 AWG 7 HI,12.0,0.0
1184,PR-102 CON 10m DE ACERO COBREADO,1007086,"TUBO PVC DIAMETRO 1/2""",1.0,0.0
1185,PR-102 CON 10m DE ACERO COBREADO,1006451,CONECTOR CUÑA PRESION P.T. AWG 2/0 - # 2,1.0,0.0
1186,PR-102 CON 10m DE ACERO COBREADO,1007074,"TORNILLOTIRAFONDO 1"" X 10""",10.0,0.0
1187,PR-102 CON 10m DE ACERO COBREADO,1006213,"ABRAZADERA EMT TIPO OMEGA 3/4""",5.0,0.0
1188,PR-102 CON 10m DE ACERO COBREADO,1006849,PICA PUESTA A TIERRA 5/8' X 8',1.0,0.0
1189,PR-102 CON 10m DE ACERO COBREADO,1006036,"TARUGO PLASTICO 1/4"" X 1""",10.0,0.0
1190,PR-102 CON 10m DE ACERO COBREADO,1004132,CABLE ACERO COBREADO DESNUDO #2 AWG 7 HI,10.0,0.0
1191,PT-101 4/0 (1 DV),1006012,CONDUCTOR CU DESNUDO 7 HILOS #2 AWG,3.0,0.0
1192,PT-101 4/0 (1 DV),1006696,GRAPA CONEXION DOBLE S/TOR,1.0,0.0
1193,PT-101 4/0 (1 DV),1007094,"TUERCA CAB HEX AC GALV P/TORNILLO 5/8""",1.0,0.0
1194,PT-101 4/0 (1 DV),1007306,CONECTOR CUÑA PRESION 4/0 AWG # 2/0 AWG,1.0,0.0
1195,PT-101 2/0 (1 DV),1006012,CONDUCTOR CU DESNUDO 7 HILOS #2 AWG,3.0,0.0
1196,PT-101 2/0 (1 DV),1007094,"TUERCA CAB HEX AC GALV P/TORNILLO 5/8""",1.0,0.0
1197,PT-101 2/0 (1 DV),1006696,GRAPA CONEXION DOBLE S/TOR,1.0,0.0
1198,PT-101 2/0 (1 DV),1007311,CONECTOR CUÑA PRESION 2/0 AWG # 2,1.0,0.0
1199,PT-101 4/0 (2 DV),1006012,CONDUCTOR CU DESNUDO 7 HILOS #2 AWG,3.0,0.0
1200,PT-101 4/0 (2 DV),1006696,GRAPA CONEXION DOBLE S/TOR,2.0,0.0
1201,PT-101 4/0 (2 DV),1007094,"TUERCA CAB HEX AC GALV P/TORNILLO 5/8""",2.0,0.0
1202,PT-101 4/0 (2 DV),1007306,CONECTOR CUÑA PRESION 4/0 AWG # 2/0 AWG,1.0,0.0
1203,PT-101 2/0 (2 DV),1006012,CONDUCTOR CU DESNUDO 7 HILOS #2 AWG,3.0,0.0
1204,PT-101 2/0 (2 DV),1007094,"TUERCA CAB HEX AC GALV P/TORNILLO 5/8""",2.0,0.0
1205,PT-101 2/0 (2 DV),1006696,GRAPA CONEXION DOBLE S/TOR,2.0,0.0
1206,PT-101 2/0 (2 DV),1007311,CONECTOR CUÑA PRESION 2/0 AWG # 2,1.0,0.0
1207,PT-101 4/0 (3 DV),1006012,CONDUCTOR CU DESNUDO 7 HILOS #2 AWG,3.0,0.0
1208,PT-101 4/0 (3 DV),1007306,CONECTOR CUÑA PRESION 4/0 AWG # 2/0 AWG,1.0,0.0
1209,PT-101 4/0 (3 DV),1006696,GRAPA CONEXION DOBLE S/TOR,3.0,0.0
1210,PT-101 4/0 (3 DV),1007094,"TUERCA CAB HEX AC GALV P/TORNILLO 5/8""",3.0,0.0
1211,PT-101 2/0 (3 DV),1006012,CONDUCTOR CU DESNUDO 7 HILOS #2 AWG,3.0,0.0
1212,PT-101 2/0 (3 DV),1007311,CONECTOR CUÑA PRESION 2/0 AWG # 2,1.0,0.0
1213,PT-101 2/0 (3 DV),1006696,GRAPA CONEXION DOBLE S/TOR,3.0,0.0
1214,PT-101 2/0 (3 DV),1007094,"TUERCA CAB HEX AC GALV P/TORNILLO 5/8""",3.0,0.0
1215,PT-101 4/0 (4 DV),1006012,CONDUCTOR CU DESNUDO 7 HILOS #2 AWG,3.0,0.0
1216,PT-101 4/0 (4 DV),1007306,CONECTOR CUÑA PRESION 4/0 AWG # 2/0 AWG,1.0,0.0
1217,PT-101 4/0 (4 DV),1006696,GRAPA CONEXION DOBLE S/TOR,4.0,0.0
1218,PT-101 4/0 (4 DV),1007094,"TUERCA CAB HEX AC GALV P/TORNILLO 5/8""",4.0,0.0
1219,PT-101 2/0 (4 DV),1006012,CONDUCTOR CU DESNUDO 7 HILOS #2 AWG,3.0,0.0
1220,PT-101 2/0 (4 DV),1007311,CONECTOR CUÑA PRESION 2/0 AWG # 2,1.0,0.0
1221,PT-101 2/0 (4 DV),1006696,GRAPA CONEXION DOBLE S/TOR,4.0,0.0
1222,PT-101 2/0 (4 DV),1007094,"TUERCA CAB HEX AC GALV P/TORNILLO 5/8""",4.0,0.0
1223,ATRR. HERR.4/0 PT-101 SIN CU,1006012,CONDUCTOR CU DESNUDO 7 HILOS #2 AWG,0.0,0.0
1224,ATRR. HERR.4/0 PT-101 SIN CU,1007094,"TUERCA CAB HEX AC GALV P/TORNILLO 5/8""",1.0,0.0
1225,ATRR. HERR.4/0 PT-101 SIN CU,1006696,GRAPA CONEXION DOBLE S/TOR,1.0,0.0
1226,ATRR. HERR.4/0 PT-101 SIN CU,1007306,CONECTOR CUÑA PRESION 4/0 AWG # 2/0 AWG,1.0,0.0
1227,ATRR. HERR.2/0 PT-101 SIN CU,1006012,CONDUCTOR CU DESNUDO 7 HILOS #2 AWG,0.0,0.0
1228,ATRR. HERR.2/0 PT-101 SIN CU,1007094,"TUERCA CAB HEX AC GALV P/TORNILLO 5/8""",1.0,0.0
1229,ATRR. HERR.2/0 PT-101 SIN CU,1006696,GRAPA CONEXION DOBLE S/TOR,1.0,0.0
1230,ATRR. HERR.2/0 PT-101 SIN CU,1007311,CONECTOR CUÑA PRESION 2/0 AWG # 2,1.0,0.0
1231,PT-101 LB SIN CU,1007311,CONECTOR CUÑA PRESION 2/0 AWG # 2,1.0,0.0
1232,PT-101 LB SIN CU,1006696,GRAPA CONEXION DOBLE S/TOR,3.0,0.0
1233,PT-101 LB SIN CU,1007094,"TUERCA CAB HEX AC GALV P/TORNILLO 5/8""",1.0,0.0
1234,PT1-101 A.F.,1006012,CONDUCTOR CU DESNUDO 7 HILOS #2 AWG,0.5,0.0
1235,PT1-101 A.F.,1007311,CONECTOR CUÑA PRESION 2/0 AWG # 2,1.0,0.0
1236,PT1-101 A.F.,1006696,GRAPA CONEXION DOBLE S/TOR,1.0,0.0
1237,PT1-101 A.F.,1007200,"TORNILLO MAQUINA 1/2"" X 2""",1.0,0.0
1238,PT1-102 A.F.,1006012,CONDUCTOR CU DESNUDO 7 HILOS #2 AWG,0.5,0.0
1239,PT1-102 A.F.,1007094,"TUERCA CAB HEX AC GALV P/TORNILLO 5/8""",1.0,0.0
1240,PT1-102 A.F.,1007311,CONECTOR CUÑA PRESION 2/0 AWG # 2,1.0,0.0
1241,PT1-102 A.F.,1006696,GRAPA CONEXION DOBLE S/TOR,1.0,0.0
1242,PT1-103 A.F.,1006012,CONDUCTOR CU DESNUDO 7 HILOS #2 AWG,0.5,0.0
1243,PT1-103 A.F.,1007094,"TUERCA CAB HEX AC GALV P/TORNILLO 5/8""",2.0,0.0
1244,PT1-103 A.F.,1007200,"TORNILLO MAQUINA 1/2"" X 2""",1.0,0.0
1245,PT1-103 A.F.,1007311,CONECTOR CUÑA PRESION 2/0 AWG # 2,1.0,0.0
1246,PT1-103 A.F.,1006696,GRAPA CONEXION DOBLE S/TOR,2.0,0.0
1247,PT1-104 A.F.,1006696,GRAPA CONEXION DOBLE S/TOR,1.0,0.0
1248,PT1-104 A.F.,1007311,CONECTOR CUÑA PRESION 2/0 AWG # 2,1.0,0.0
1249,PT1-104 A.F.,1006012,CONDUCTOR CU DESNUDO 7 HILOS #2 AWG,0.5,0.0
1250,PT1-104 A.F.,1007094,"TUERCA CAB HEX AC GALV P/TORNILLO 5/8""",1.0,0.0
1251,PT1-101 A.F. SIN CU,1006012,CONDUCTOR CU DESNUDO 7 HILOS #2 AWG,0.0,0.0
1252,PT1-101 A.F. SIN CU,1007311,CONECTOR CUÑA PRESION 2/0 AWG # 2,1.0,0.0
1253,PT1-101 A.F. SIN CU,1006696,GRAPA CONEXION DOBLE S/TOR,1.0,0.0
1254,PT1-101 A.F. SIN CU,1007200,"TORNILLO MAQUINA 1/2"" X 2""",1.0,0.0
1255,PT1-102 A.F. SIN CU,1006012,CONDUCTOR CU DESNUDO 7 HILOS #2 AWG,0.0,0.0
1256,PT1-102 A.F. SIN CU,1007094,"TUERCA CAB HEX AC GALV P/TORNILLO 5/8""",1.0,0.0
1257,PT1-102 A.F. SIN CU,1007311,CONECTOR CUÑA PRESION 2/0 AWG # 2,1.0,0.0
1258,PT1-102 A.F. SIN CU,1006696,GRAPA CONEXION DOBLE S/TOR,1.0,0.0
1259,PT1-103 A.F. SIN CU,1006012,CONDUCTOR CU DESNUDO 7 HILOS #2 AWG,0.0,0.0
1260,PT1-103 A.F. SIN CU,1007094,"TUERCA CAB HEX AC GALV P/TORNILLO 5/8""",2.0,0.0
1261,PT1-103 A.F. SIN CU,1007200,"TORNILLO MAQUINA 1/2"" X 2""",1.0,0.0
1262,PT1-103 A.F. SIN CU,1007311,CONECTOR CUÑA PRESION 2/0 AWG # 2,1.0,0.0
1263,PT1-103 A.F. SIN CU,1006696,GRAPA CONEXION DOBLE S/TOR,2.0,0.0
1264,PT1-104 A.F. SIN CU,1006696,GRAPA CONEXION DOBLE S/TOR,2.0,0.0
1265,PT1-104 A.F. SIN CU,1007311,CONECTOR CUÑA PRESION 2/0 AWG # 2,1.0,0.0
1266,PT1-104 A.F. SIN CU,1006012,CONDUCTOR CU DESNUDO 7 HILOS #2 AWG,0.0,0.0
1267,PT1-104 A.F. SIN CU,1007094,"TUERCA CAB HEX AC GALV P/TORNILLO 5/8""",2.0,0.0
1268,POAC-101,1006451,CONECTOR CUÑA PRESION P.T. AWG 2/0 - # 2,1.0,0.0
1269,POAC-101,1006849,PICA PUESTA A TIERRA 5/8' X 8',1.0,0.0
1270,POAC-101,1006696,GRAPA CONEXION DOBLE S/TOR,1.0,0.0
1271,POAC-101,1007026,"TORNILLO CABEZA HEXAGONAL 1/2"" X 2""",1.0,0.0
1272,POAC-101,1006012,CONDUCTOR CU DESNUDO 7 HILOS #2 AWG,1.0,0.0
1273,HA-100B,1007094,"TUERCA CAB HEX AC GALV P/TORNILLO 5/8""",0.0,0.0
1274,HA-100B,1007082,"TUBO ABIERTO SEÑALIZACIÓNY PROT 2"" X 8""",1.0,0.0
1275,HA-100B,1006696,GRAPA CONEXION DOBLE S/TOR,1.0,0.0
1276,HA-100B,1007106,"VARILLAANCLAJE SIMPLE 3/4"" X 8""",1.0,0.0
1277,HA-100B,1006250,"ARAN PLAN CUA AC GALV 21/4""X21/4"" D 5/8""",1.0,0.0
1278,HA-100B,1006264,"ARANDELA PRESION ACERO GALV P/TORN 5/8""",1.0,0.0
1279,HA-100B,1007278,"ARANDELA CUADRADA 3"" X 3""P/TORNILLO",1.0,0.0
1280,HA-100B,1007057,"TORNILLO HEX PAS AC GALV 5/8"" X 12""",1.0,0.0
1281,HA-100B,1006696,GRAPA CONEXION DOBLE S/TOR,0.0,0.0
1282,HA-100B,1006493,CONO ANCLAJE 500MM,1.0,0.0
1283,HA-100B,1006594,PLETINA FIJ ANG GUARDACAB P/TIRANTE 5/8,1.0,0.0
1284,HA-100B,1005963,"CABLE ACERO GALVANIZADOP/RETENIDA 3/8""",15.0,0.0
1285,HA-100B,1007014,RETENCION TERM PREFORMADO CABLE AC 3/8,2.0,0.0
1286,HA-100A,1007094,"TUERCA CAB HEX AC GALV P/TORNILLO 5/8""",0.0,0.0
1287,HA-100A,1007082,"TUBO ABIERTO SEÑALIZACIÓNY PROT 2"" X 8""",1.0,0.0
1288,HA-100A,1006696,GRAPA CONEXION DOBLE S/TOR,1.0,0.0
1289,HA-100A,1007106,"VARILLAANCLAJE SIMPLE 3/4"" X 8""",1.0,0.0
1290,HA-100A,1007278,"ARANDELA CUADRADA 3"" X 3""P/TORNILLO",1.0,0.0
1291,HA-100A,1006264,"ARANDELA PRESION ACERO GALV P/TORN 5/8""",1.0,0.0
1292,HA-100A,1006250,"ARAN PLAN CUA AC GALV 21/4""X21/4"" D 5/8""",1.0,0.0
1293,HA-100A,1007014,RETENCION TERM PREFORMADO CABLE AC 3/8,2.0,0.0
1294,HA-100A,1005963,"CABLE ACERO GALVANIZADOP/RETENIDA 3/8""",12.0,0.0
1295,HA-100A,1006594,PLETINA FIJ ANG GUARDACAB P/TIRANTE 5/8,1.0,0.0
1296,HA-100A,1006493,CONO ANCLAJE 500MM,1.0,0.0
1297,HA-100A,1006696,GRAPA CONEXION DOBLE S/TOR,0.0,0.0
1298,HA-100A,1007057,"TORNILLO HEX PAS AC GALV 5/8"" X 12""",1.0,0.0
1299,HA-100B SIN PUNTO DE SUJECCION,1007094,"TUERCA CAB HEX AC GALV P/TORNILLO 5/8""",0.0,0.0
1300,HA-100B SIN PUNTO DE SUJECCION,1007082,"TUBO ABIERTO SEÑALIZACIÓNY PROT 2"" X 8""",1.0,0.0
1301,HA-100B SIN PUNTO DE SUJECCION,1007106,"VARILLAANCLAJE SIMPLE 3/4"" X 8""",1.0,0.0
1302,HA-100B SIN PUNTO DE SUJECCION,1006250,"ARAN PLAN CUA AC GALV 21/4""X21/4"" D 5/8""",1.0,0.0
1303,HA-100B SIN PUNTO DE SUJECCION,1006264,"ARANDELA PRESION ACERO GALV P/TORN 5/8""",1.0,0.0
1304,HA-100B SIN PUNTO DE SUJECCION,1007278,"ARANDELA CUADRADA 3"" X 3""P/TORNILLO",1.0,0.0
1305,HA-100B SIN PUNTO DE SUJECCION,1007057,"TORNILLO HEX PAS AC GALV 5/8"" X 12""",0.0,0.0
1306,HA-100B SIN PUNTO DE SUJECCION,1006696,GRAPA CONEXION DOBLE S/TOR,1.0,0.0
1307,HA-100B SIN PUNTO DE SUJECCION,1006493,CONO ANCLAJE 500MM,1.0,0.0
1308,HA-100B SIN PUNTO DE SUJECCION,1006594,PLETINA FIJ ANG GUARDACAB P/TIRANTE 5/8,1.0,0.0
1309,HA-100B SIN PUNTO DE SUJECCION,1005963,"CABLE ACERO GALVANIZADOP/RETENIDA 3/8""",15.0,0.0
1310,HA-100B SIN PUNTO DE SUJECCION,1007014,RETENCION TERM PREFORMADO CABLE AC 3/8,2.0,0.0
1311,HA-100A SIN PUNTO DE SUJECCION,1007094,"TUERCA CAB HEX AC GALV P/TORNILLO 5/8""",0.0,0.0
1312,HA-100A SIN PUNTO DE SUJECCION,1007082,"TUBO ABIERTO SEÑALIZACIÓNY PROT 2"" X 8""",1.0,0.0
1313,HA-100A SIN PUNTO DE SUJECCION,1007106,"VARILLAANCLAJE SIMPLE 3/4"" X 8""",1.0,0.0
1314,HA-100A SIN PUNTO DE SUJECCION,1007278,"ARANDELA CUADRADA 3"" X 3""P/TORNILLO",1.0,0.0
1315,HA-100A SIN PUNTO DE SUJECCION,1006264,"ARANDELA PRESION ACERO GALV P/TORN 5/8""",1.0,0.0
1316,HA-100A SIN PUNTO DE SUJECCION,1006250,"ARAN PLAN CUA AC GALV 21/4""X21/4"" D 5/8""",1.0,0.0
1317,HA-100A SIN PUNTO DE SUJECCION,1007014,RETENCION TERM PREFORMADO CABLE AC 3/8,2.0,0.0
1318,HA-100A SIN PUNTO DE SUJECCION,1005963,"CABLE ACERO GALVANIZADOP/RETENIDA 3/8""",12.0,0.0
1319,HA-100A SIN PUNTO DE SUJECCION,1006594,PLETINA FIJ ANG GUARDACAB P/TIRANTE 5/8,1.0,0.0
1320,HA-100A SIN PUNTO DE SUJECCION,1006493,CONO ANCLAJE 500MM,1.0,0.0
1321,HA-100A SIN PUNTO DE SUJECCION,1006696,GRAPA CONEXION DOBLE S/TOR,1.0,0.0
1322,HA-100A SIN PUNTO DE SUJECCION,1007057,"TORNILLO HEX PAS AC GALV 5/8"" X 12""",0.0,0.0
1323,HA-106,1007014,RETENCION TERM PREFORMADO CABLE AC 3/8,2.0,0.0
1324,HA-106,1006696,GRAPA CONEXION DOBLE S/TOR,1.0,0.0
1325,HA-106,1007106,"VARILLAANCLAJE SIMPLE 3/4"" X 8""",1.0,0.0
1326,HA-106,1006493,CONO ANCLAJE 500MM,1.0,0.0
1327,HA-106,1007082,"TUBO ABIERTO SEÑALIZACIÓNY PROT 2"" X 8""",1.0,0.0
1328,HA-106,1007094,"TUERCA CAB HEX AC GALV P/TORNILLO 5/8""",0.0,0.0
1329,HA-106,1006250,"ARAN PLAN CUA AC GALV 21/4""X21/4"" D 5/8""",2.0,0.0
1330,HA-106,1007058,"TORNILLO HEX PAS AC GALV 5/8"" X 14""",1.0,0.0
1331,HA-106,1007223,"ABRAZADERA CONTRA PRESION P/TUBO ANCL 2""",1.0,0.0
1332,HA-106,1006594,PLETINA FIJ ANG GUARDACAB P/TIRANTE 5/8,1.0,0.0
1333,HA-106,1007057,"TORNILLO HEX PAS AC GALV 5/8"" X 12""",1.0,0.0
1334,HA-106,1007278,"ARANDELA CUADRADA 3"" X 3""P/TORNILLO",1.0,0.0
1335,HA-106,1006264,"ARANDELA PRESION ACERO GALV P/TORN 5/8""",3.0,0.0
1336,HA-106,1006939,"SOPORTE TUBERIA ANCLAJE 2""",1.0,0.0
1337,HA-106,1005963,"CABLE ACERO GALVANIZADOP/RETENIDA 3/8""",15.0,0.0
1338,HA-106,1006723,TUBO D/ANCLAJE,0.5,0.0
1339,HA-105,1007094,"TUERCA CAB HEX AC GALV P/TORNILLO 5/8""",0.0,0.0
1340,HA-105,1006696,GRAPA CONEXION DOBLE S/TOR,1.0,0.0
1341,HA-105,1007014,RETENCION TERM PREFORMADO CABLE AC 3/8,2.0,0.0
1342,HA-105,1006250,"ARAN PLAN CUA AC GALV 21/4""X21/4"" D 5/8""",1.0,0.0
1343,HA-105,1007096,"TUERCA GUARDA CABO RECTO P/TOR 5/8""",2.0,0.0
1344,HA-105,1006264,"ARANDELA PRESION ACERO GALV P/TORN 5/8""",1.0,0.0
1345,HA-105,1007057,"TORNILLO HEX PAS AC GALV 5/8"" X 12""",1.0,0.0
1346,HA-105,1005963,"CABLE ACERO GALVANIZADOP/RETENIDA 3/8""",12.0,0.0
1347,HA-107,1006250,"ARAN PLAN CUA AC GALV 21/4""X21/4"" D 5/8""",2.0,0.0
1348,HA-107,1007057,"TORNILLO HEX PAS AC GALV 5/8"" X 12""",2.0,0.0
1349,HA-107,1006696,GRAPA CONEXION DOBLE S/TOR,1.0,0.0
1350,HA-107,1007014,RETENCION TERM PREFORMADO CABLE AC 3/8,4.0,0.0
1351,HA-107,1006264,"ARANDELA PRESION ACERO GALV P/TORN 5/8""",2.0,0.0
1352,HA-107,1005963,"CABLE ACERO GALVANIZADOP/RETENIDA 3/8""",24.0,0.0
1353,HA-107,1007096,"TUERCA GUARDA CABO RECTO P/TOR 5/8""",4.0,0.0
1354,HA-108,1006250,"ARAN PLAN CUA AC GALV 21/4""X21/4"" D 5/8""",2.0,0.0
1355,HA-108,1006264,"ARANDELA PRESION ACERO GALV P/TORN 5/8""",2.0,0.0
1356,HA-108,1007278,"ARANDELA CUADRADA 3"" X 3""P/TORNILLO",1.0,0.0
1357,HA-108,1007014,RETENCION TERM PREFORMADO CABLE AC 3/8,4.0,0.0
1358,HA-108,1005963,"CABLE ACERO GALVANIZADOP/RETENIDA 3/8""",26.0,0.0
1359,HA-108,1006594,PLETINA FIJ ANG GUARDACAB P/TIRANTE 5/8,2.0,0.0
1360,HA-108,1007105,"VARILLAANCLAJE DOBLE 3/4"" X 8""",1.0,0.0
1361,HA-108,1007082,"TUBO ABIERTO SEÑALIZACIÓNY PROT 2"" X 8""",2.0,0.0
1362,HA-108,1007094,"TUERCA CAB HEX AC GALV P/TORNILLO 5/8""",0.0,0.0
1363,HA-108,1007057,"TORNILLO HEX PAS AC GALV 5/8"" X 12""",2.0,0.0
1364,HA-108,1006696,GRAPA CONEXION DOBLE S/TOR,2.0,0.0
1365,HA-108,1006493,CONO ANCLAJE 500MM,1.0,0.0
1366,FV-BT,1007094,"TUERCA CAB HEX AC GALV P/TORNILLO 5/8""",0.0,0.0
1367,FV-BT,1007082,"TUBO ABIERTO SEÑALIZACIÓNY PROT 2"" X 8""",1.0,0.0
1368,FV-BT,1007106,"VARILLAANCLAJE SIMPLE 3/4"" X 8""",0.0,0.0
1369,FV-BT,1007278,"ARANDELA CUADRADA 3"" X 3""P/TORNILLO",0.0,0.0
1370,FV-BT,1006264,"ARANDELA PRESION ACERO GALV P/TORN 5/8""",1.0,0.0
1371,FV-BT,1006250,"ARAN PLAN CUA AC GALV 21/4""X21/4"" D 5/8""",1.0,0.0
1372,FV-BT,1007014,RETENCION TERM PREFORMADO CABLE AC 3/8,2.0,0.0
1373,FV-BT,1005963,"CABLE ACERO GALVANIZADOP/RETENIDA 3/8""",12.0,0.0
1374,FV-BT,1006594,PLETINA FIJ ANG GUARDACAB P/TIRANTE 5/8,1.0,0.0
1375,FV-BT,1006493,CONO ANCLAJE 500MM,0.0,0.0
1376,FV-BT,1006696,GRAPA CONEXION DOBLE S/TOR,1.0,0.0
1377,FV-BT,1007057,"TORNILLO HEX PAS AC GALV 5/8"" X 12""",1.0,0.0
1378,FV-MT,1007094,"TUERCA CAB HEX AC GALV P/TORNILLO 5/8""",0.0,0.0
1379,FV-MT,1007082,"TUBO ABIERTO SEÑALIZACIÓNY PROT 2"" X 8""",1.0,0.0
1380,FV-MT,1007106,"VARILLAANCLAJE SIMPLE 3/4"" X 8""",0.0,0.0
1381,FV-MT,1006250,"ARAN PLAN CUA AC GALV 21/4""X21/4"" D 5/8""",1.0,0.0
1382,FV-MT,1006264,"ARANDELA PRESION ACERO GALV P/TORN 5/8""",1.0,0.0
1383,FV-MT,1007278,"ARANDELA CUADRADA 3"" X 3""P/TORNILLO",0.0,0.0
1384,FV-MT,1007057,"TORNILLO HEX PAS AC GALV 5/8"" X 12""",1.0,0.0
1385,FV-MT,1006696,GRAPA CONEXION DOBLE S/TOR,1.0,0.0
1386,FV-MT,1006493,CONO ANCLAJE 500MM,0.0,0.0
1387,FV-MT,1006594,PLETINA FIJ ANG GUARDACAB P/TIRANTE 5/8,1.0,0.0
1388,FV-MT,1005963,"CABLE ACERO GALVANIZADOP/RETENIDA 3/8""",15.0,0.0
1389,FV-MT,1007014,RETENCION TERM PREFORMADO CABLE AC 3/8,2.0,0.0
1390,VV-MT + FV-MT,1007014,RETENCION TERM PREFORMADO CABLE AC 3/8,2.0,0.0
1391,VV-MT + FV-MT,1006696,GRAPA CONEXION DOBLE S/TOR,1.0,0.0
1392,VV-MT + FV-MT,1007106,"VARILLAANCLAJE SIMPLE 3/4"" X 8""",0.0,0.0
1393,VV-MT + FV-MT,1006493,CONO ANCLAJE 500MM,0.0,0.0
1394,VV-MT + FV-MT,1007082,"TUBO ABIERTO SEÑALIZACIÓNY PROT 2"" X 8""",1.0,0.0
1395,VV-MT + FV-MT,1007094,"TUERCA CAB HEX AC GALV P/TORNILLO 5/8""",0.0,0.0
1396,VV-MT + FV-MT,1007058,"TORNILLO HEX PAS AC GALV 5/8"" X 14""",1.0,0.0
1397,VV-MT + FV-MT,1007223,"ABRAZADERA CONTRA PRESION P/TUBO ANCL 2""",1.0,0.0
1398,VV-MT + FV-MT,1006594,PLETINA FIJ ANG GUARDACAB P/TIRANTE 5/8,1.0,0.0
1399,VV-MT + FV-MT,1007057,"TORNILLO HEX PAS AC GALV 5/8"" X 12""",1.0,0.0
1400,VV-MT + FV-MT,1007278,"ARANDELA CUADRADA 3"" X 3""P/TORNILLO",0.0,0.0
1401,VV-MT + FV-MT,1006264,"ARANDELA PRESION ACERO GALV P/TORN 5/8""",3.0,0.0
1402,VV-MT + FV-MT,1006939,"SOPORTE TUBERIA ANCLAJE 2""",1.0,0.0
1403,VV-MT + FV-MT,1005963,"CABLE ACERO GALVANIZADOP/RETENIDA 3/8""",15.0,0.0
1404,VV-MT + FV-MT,1006723,TUBO D/ANCLAJE,0.5,0.0
1405,VV-MT,1007014,RETENCION TERM PREFORMADO CABLE AC 3/8,0.0,0.0
1406,VV-MT,1006696,GRAPA CONEXION DOBLE S/TOR,0.0,0.0
1407,VV-MT,1007106,"VARILLAANCLAJE SIMPLE 3/4"" X 8""",0.0,0.0
1408,VV-MT,1006493,CONO ANCLAJE 500MM,0.0,0.0
1409,VV-MT,1007082,"TUBO ABIERTO SEÑALIZACIÓNY PROT 2"" X 8""",0.0,0.0
1410,VV-MT,1007094,"TUERCA CAB HEX AC GALV P/TORNILLO 5/8""",0.0,0.0
1411,VV-MT,1007058,"TORNILLO HEX PAS AC GALV 5/8"" X 14""",1.0,0.0
1412,VV-MT,1007223,"ABRAZADERA CONTRA PRESION P/TUBO ANCL 2""",1.0,0.0
1413,VV-MT,1006594,PLETINA FIJ ANG GUARDACAB P/TIRANTE 5/8,1.0,0.0
1414,VV-MT,1006250,"ARAN PLAN CUA AC GALV 21/4""X21/4"" D 5/8""",1.0,0.0
1415,VV-MT,1007057,"TORNILLO HEX PAS AC GALV 5/8"" X 12""",1.0,0.0
1416,VV-MT,1007278,"ARANDELA CUADRADA 3"" X 3""P/TORNILLO",0.0,0.0
1417,VV-MT,1006264,"ARANDELA PRESION ACERO GALV P/TORN 5/8""",3.0,0.0
1418,VV-MT,1006939,"SOPORTE TUBERIA ANCLAJE 2""",1.0,0.0
1419,VV-MT,1005963,"CABLE ACERO GALVANIZADOP/RETENIDA 3/8""",0.0,0.0
1420,VV-MT,1006723,TUBO D/ANCLAJE,0.5,0.0
1421,ANCLA SIMPLE (AN-S1),1007094,"TUERCA CAB HEX AC GALV P/TORNILLO 5/8""",0.0,0.0
1422,ANCLA SIMPLE (AN-S1),1007082,"TUBO ABIERTO SEÑALIZACIÓNY PROT 2"" X 8""",0.0,0.0
1423,ANCLA SIMPLE (AN-S1),1007106,"VARILLAANCLAJE SIMPLE 3/4"" X 8""",1.0,0.0
1424,ANCLA SIMPLE (AN-S1),1006250,"ARAN PLAN CUA AC GALV 21/4""X21/4"" D 5/8""",0.0,0.0
1425,ANCLA SIMPLE (AN-S1),1006264,"ARANDELA PRESION ACERO GALV P/TORN 5/8""",0.0,0.0
1426,ANCLA SIMPLE (AN-S1),1007278,"ARANDELA CUADRADA 3"" X 3""P/TORNILLO",1.0,0.0
1427,ANCLA SIMPLE (AN-S1),1007057,"TORNILLO HEX PAS AC GALV 5/8"" X 12""",0.0,0.0
1428,ANCLA SIMPLE (AN-S1),1006696,GRAPA CONEXION DOBLE S/TOR,0.0,0.0
1429,ANCLA SIMPLE (AN-S1),1006493,CONO ANCLAJE 500MM,1.0,0.0
1430,ANCLA SIMPLE (AN-S1),1006594,PLETINA FIJ ANG GUARDACAB P/TIRANTE 5/8,0.0,0.0
1431,ANCLA SIMPLE (AN-S1),1005963,"CABLE ACERO GALVANIZADOP/RETENIDA 3/8""",0.0,0.0
1432,ANCLA SIMPLE (AN-S1),1007014,RETENCION TERM PREFORMADO CABLE AC 3/8,0.0,0.0
1433,ANCLA DOBLE (AN-D1),1006250,"ARAN PLAN CUA AC GALV 21/4""X21/4"" D 5/8""",0.0,0.0
1434,ANCLA DOBLE (AN-D1),1006264,"ARANDELA PRESION ACERO GALV P/TORN 5/8""",0.0,0.0
1435,ANCLA DOBLE (AN-D1),1007278,"ARANDELA CUADRADA 3"" X 3""P/TORNILLO",1.0,0.0
1436,ANCLA DOBLE (AN-D1),1007014,RETENCION TERM PREFORMADO CABLE AC 3/8,0.0,0.0
1437,ANCLA DOBLE (AN-D1),1005963,"CABLE ACERO GALVANIZADOP/RETENIDA 3/8""",0.0,0.0
1438,ANCLA DOBLE (AN-D1),1006594,PLETINA FIJ ANG GUARDACAB P/TIRANTE 5/8,0.0,0.0
1439,ANCLA DOBLE (AN-D1),1007105,"VARILLAANCLAJE DOBLE 3/4"" X 8""",1.0,0.0
1440,ANCLA DOBLE (AN-D1),1007082,"TUBO ABIERTO SEÑALIZACIÓNY PROT 2"" X 8""",0.0,0.0
1441,ANCLA DOBLE (AN-D1),1007094,"TUERCA CAB HEX AC GALV P/TORNILLO 5/8""",0.0,0.0
1442,ANCLA DOBLE (AN-D1),1007057,"TORNILLO HEX PAS AC GALV 5/8"" X 12""",0.0,0.0
1443,ANCLA DOBLE (AN-D1),1006696,GRAPA CONEXION DOBLE S/TOR,0.0,0.0
1444,ANCLA DOBLE (AN-D1),1006493,CONO ANCLAJE 500MM,1.0,0.0
1445,"HA-100B (Cable de 1/2"")",1007094,"TUERCA CAB HEX AC GALV P/TORNILLO 5/8""",0.0,0.0
1446,"HA-100B (Cable de 1/2"")",1007082,"TUBO ABIERTO SEÑALIZACIÓNY PROT 2"" X 8""",1.0,0.0
1447,"HA-100B (Cable de 1/2"")",1006696,GRAPA CONEXION DOBLE S/TOR,1.0,0.0
1448,"HA-100B (Cable de 1/2"")",1007106,"VARILLAANCLAJE SIMPLE 3/4"" X 8""",1.0,0.0
1449,"HA-100B (Cable de 1/2"")",1006250,"ARAN PLAN CUA AC GALV 21/4""X21/4"" D 5/8""",1.0,0.0
1450,"HA-100B (Cable de 1/2"")",1006264,"ARANDELA PRESION ACERO GALV P/TORN 5/8""",1.0,0.0
1451,"HA-100B (Cable de 1/2"")",1007278,"ARANDELA CUADRADA 3"" X 3""P/TORNILLO",1.0,0.0
1452,"HA-100B (Cable de 1/2"")",1007057,"TORNILLO HEX PAS AC GALV 5/8"" X 12""",1.0,0.0
1453,"HA-100B (Cable de 1/2"")",1006493,CONO ANCLAJE 500MM,1.0,0.0
1454,"HA-100B (Cable de 1/2"")",1006594,PLETINA FIJ ANG GUARDACAB P/TIRANTE 5/8,1.0,0.0
1455,"HA-100B (Cable de 1/2"")",1005962,"CABLE ACERO GALVANIZADO P/RETENIDA 1/2""",15.0,0.0
1456,"HA-100B (Cable de 1/2"")",1006718,"GUARDACABOS P/RETENCION AC GALV 1/2""",2.0,0.0
1457,"HA-100B (Cable de 1/2"")",1006910,"RETENCION PREF TERM CABLE AC GALV 1/2""",2.0,0.0
1458,"HA-105 (Cable de 1/2"")",1007094,"TUERCA CAB HEX AC GALV P/TORNILLO 5/8""",0.0,0.0
1459,"HA-105 (Cable de 1/2"")",1006696,GRAPA CONEXION DOBLE S/TOR,1.0,0.0
1460,"HA-105 (Cable de 1/2"")",1006910,"RETENCION PREF TERM CABLE AC GALV 1/2""",2.0,0.0
1461,"HA-105 (Cable de 1/2"")",1006250,"ARAN PLAN CUA AC GALV 21/4""X21/4"" D 5/8""",1.0,0.0
1462,"HA-105 (Cable de 1/2"")",1007096,"TUERCA GUARDA CABO RECTO P/TOR 5/8""",2.0,0.0
1463,"HA-105 (Cable de 1/2"")",1006264,"ARANDELA PRESION ACERO GALV P/TORN 5/8""",1.0,0.0
1464,"HA-105 (Cable de 1/2"")",1007057,"TORNILLO HEX PAS AC GALV 5/8"" X 12""",1.0,0.0
1465,"HA-105 (Cable de 1/2"")",1005962,"CABLE ACERO GALVANIZADO P/RETENIDA 1/2""",12.0,0.0
1466,"HA-108 (Cable de 1/2"" y 3/8"")",1006250,"ARAN PLAN CUA AC GALV 21/4""X21/4"" D 5/8""",2.0,0.0
1467,"HA-108 (Cable de 1/2"" y 3/8"")",1006264,"ARANDELA PRESION ACERO GALV P/TORN 5/8""",2.0,0.0
1468,"HA-108 (Cable de 1/2"" y 3/8"")",1007278,"ARANDELA CUADRADA 3"" X 3""P/TORNILLO",1.0,0.0
1469,"HA-108 (Cable de 1/2"" y 3/8"")",1007014,RETENCION TERM PREFORMADO CABLE AC 3/8,2.0,0.0
1470,"HA-108 (Cable de 1/2"" y 3/8"")",1005963,"CABLE ACERO GALVANIZADOP/RETENIDA 3/8""",13.0,0.0
1471,"HA-108 (Cable de 1/2"" y 3/8"")",1006594,PLETINA FIJ ANG GUARDACAB P/TIRANTE 5/8,1.0,0.0
1472,"HA-108 (Cable de 1/2"" y 3/8"")",1007105,"VARILLAANCLAJE DOBLE 3/4"" X 8""",1.0,0.0
1473,"HA-108 (Cable de 1/2"" y 3/8"")",1007082,"TUBO ABIERTO SEÑALIZACIÓNY PROT 2"" X 8""",2.0,0.0
1474,"HA-108 (Cable de 1/2"" y 3/8"")",1007094,"TUERCA CAB HEX AC GALV P/TORNILLO 5/8""",0.0,0.0
1475,"HA-108 (Cable de 1/2"" y 3/8"")",1007057,"TORNILLO HEX PAS AC GALV 5/8"" X 12""",2.0,0.0
1476,"HA-108 (Cable de 1/2"" y 3/8"")",1006696,GRAPA CONEXION DOBLE S/TOR,2.0,0.0
1477,"HA-108 (Cable de 1/2"" y 3/8"")",1006493,CONO ANCLAJE 500MM,1.0,0.0
1478,"HA-108 (Cable de 1/2"" y 3/8"")",1005962,"CABLE ACERO GALVANIZADO P/RETENIDA 1/2""",13.0,0.0
1479,"HA-108 (Cable de 1/2"" y 3/8"")",1006718,"GUARDACABOS P/RETENCION AC GALV 1/2""",1.0,0.0
1480,"HA-108 (Cable de 1/2"" y 3/8"")",1006910,"RETENCION PREF TERM CABLE AC GALV 1/2""",2.0,0.0
1481,MT-101 (55-5),1005947,ALAMBRE LIGADURAALUMINIO,1.0,0.0
1482,MT-101 (55-5),1006696,GRAPA CONEXION DOBLE S/TOR,0.0,0.0
1483,MT-101 (55-5),1007057,"TORNILLO HEX PAS AC GALV 5/8"" X 12""",2.0,0.0
1484,MT-101 (55-5),1006580,"ESPIGA ACERO GALV 20"" P/INST CZA POSTE",1.0,0.0
1485,MT-101 (55-5),1007094,"TUERCA CAB HEX AC GALV P/TORNILLO 5/8""",0.0,0.0
1486,MT-101 (55-5),1006264,"ARANDELA PRESION ACERO GALV P/TORN 5/8""",2.0,0.0
1487,MT-101 (55-5),1006250,"ARAN PLAN CUA AC GALV 21/4""X21/4"" D 5/8""",2.0,0.0
1488,MT-101 (55-5),1006238,AISLADOR PORC.TIPO ESPIGA ANSI 55-5,1.0,0.0
1489,MT-102 (55-5),1005947,ALAMBRE LIGADURAALUMINIO,2.0,0.0
1490,MT-102 (55-5),1007057,"TORNILLO HEX PAS AC GALV 5/8"" X 12""",2.0,0.0
1491,MT-102 (55-5),1006580,"ESPIGA ACERO GALV 20"" P/INST CZA POSTE",2.0,0.0
1492,MT-102 (55-5),1006696,GRAPA CONEXION DOBLE S/TOR,0.0,0.0
1493,MT-102 (55-5),1007094,"TUERCA CAB HEX AC GALV P/TORNILLO 5/8""",0.0,0.0
1494,MT-102 (55-5),1006264,"ARANDELA PRESION ACERO GALV P/TORN 5/8""",2.0,0.0
1495,MT-102 (55-5),1006238,AISLADOR PORC.TIPO ESPIGA ANSI 55-5,2.0,0.0
1496,MT-103 (55-5),1006710,GRAPA SUSPENSION AL P/COND 4/0-266 AWG,1.0,0.0
1497,MT-103 (55-5),1007099,"TUERCA D/OJO AC GALV P/TORNILLO 5/8""",2.0,0.0
1498,MT-103 (55-5),1006841,"PERNO ROSCA CORRIDA AC GALV 5/8""X14'",1.0,0.0
1499,MT-103 (55-5),1006840,"PERNO ROSCA CORRIDA AC GALV 5/8"" X12""",1.0,0.0
1500,MT-103 (55-5),1007094,"TUERCA CAB HEX AC GALV P/TORNILLO 5/8""",0.0,0.0
1501,MT-103 (55-5),1006696,GRAPA CONEXION DOBLE S/TOR,0.0,0.0
1502,MT-103 (55-5),1006264,"ARANDELA PRESION ACERO GALV P/TORN 5/8""",4.0,0.0
1503,MT-103 (55-5),1006250,"ARAN PLAN CUA AC GALV 21/4""X21/4"" D 5/8""",2.0,0.0
1504,MT-103 (55-5),1006234,AISLADOR PORC.TIPO SUSPENSION ANSI 52-1,2.0,0.0
1505,MT-103 (55-5),1007225,"ABRAZADERA PERNO P/TORNILLO 5/8""",1.0,0.0
1506,MT-104 (55-5),1007099,"TUERCA D/OJO AC GALV P/TORNILLO 5/8""",4.0,0.0
1507,MT-104 (55-5),1006694,GRAPA RETENCION 2/0 AWG A 4/0 AWG,2.0,0.0
1508,MT-104 (55-5),1006841,"PERNO ROSCA CORRIDA AC GALV 5/8""X14'",2.0,0.0
1509,MT-104 (55-5),1006840,"PERNO ROSCA CORRIDA AC GALV 5/8"" X12""",2.0,0.0
1510,MT-104 (55-5),1007094,"TUERCA CAB HEX AC GALV P/TORNILLO 5/8""",0.0,0.0
1511,MT-104 (55-5),1006696,GRAPA CONEXION DOBLE S/TOR,0.0,0.0
1512,MT-104 (55-5),1006264,"ARANDELA PRESION ACERO GALV P/TORN 5/8""",8.0,0.0
1513,MT-104 (55-5),1006250,"ARAN PLAN CUA AC GALV 21/4""X21/4"" D 5/8""",4.0,0.0
1514,MT-104 (55-5),1006234,AISLADOR PORC.TIPO SUSPENSION ANSI 52-1,4.0,0.0
1515,MT-104 (55-5),1007225,"ABRAZADERA PERNO P/TORNILLO 5/8""",2.0,0.0
1516,MT-105 (2/0-4/0) (55-5),1007099,"TUERCA D/OJO AC GALV P/TORNILLO 5/8""",2.0,0.0
1517,MT-105 (2/0-4/0) (55-5),1006694,GRAPA RETENCION 2/0 AWG A 4/0 AWG,1.0,0.0
1518,MT-105 (2/0-4/0) (55-5),1006841,"PERNO ROSCA CORRIDA AC GALV 5/8""X14'",1.0,0.0
1519,MT-105 (2/0-4/0) (55-5),1006840,"PERNO ROSCA CORRIDA AC GALV 5/8"" X12""",1.0,0.0
1520,MT-105 (2/0-4/0) (55-5),1007094,"TUERCA CAB HEX AC GALV P/TORNILLO 5/8""",0.0,0.0
1521,MT-105 (2/0-4/0) (55-5),1006696,GRAPA CONEXION DOBLE S/TOR,0.0,0.0
1522,MT-105 (2/0-4/0) (55-5),1006264,"ARANDELA PRESION ACERO GALV P/TORN 5/8""",4.0,0.0
1523,MT-105 (2/0-4/0) (55-5),1006250,"ARAN PLAN CUA AC GALV 21/4""X21/4"" D 5/8""",2.0,0.0
1524,MT-105 (2/0-4/0) (55-5),1006234,AISLADOR PORC.TIPO SUSPENSION ANSI 52-1,2.0,0.0
1525,MT-105 (2/0-4/0) (55-5),1007225,"ABRAZADERA PERNO P/TORNILLO 5/8""",1.0,0.0
1526,MT-105 (336-477) (55-5),1006695,GRAPA RETENCION 336 MCM A 477 MCM,1.0,0.0
1527,MT-105 (336-477) (55-5),1006841,"PERNO ROSCA CORRIDA AC GALV 5/8""X14'",1.0,0.0
1528,MT-105 (336-477) (55-5),1006840,"PERNO ROSCA CORRIDA AC GALV 5/8"" X12""",1.0,0.0
1529,MT-105 (336-477) (55-5),1007094,"TUERCA CAB HEX AC GALV P/TORNILLO 5/8""",0.0,0.0
1530,MT-105 (336-477) (55-5),1006696,GRAPA CONEXION DOBLE S/TOR,0.0,0.0
1531,MT-105 (336-477) (55-5),1006264,"ARANDELA PRESION ACERO GALV P/TORN 5/8""",4.0,0.0
1532,MT-105 (336-477) (55-5),1006234,AISLADOR PORC.TIPO SUSPENSION ANSI 52-1,2.0,0.0
1533,MT-105 (336-477) (55-5),1006250,"ARAN PLAN CUA AC GALV 21/4""X21/4"" D 5/8""",2.0,0.0
1534,MT-105 (336-477) (55-5),1007225,"ABRAZADERA PERNO P/TORNILLO 5/8""",1.0,0.0
1535,MT-106 (2/0-4/0) (55-5),1006841,"PERNO ROSCA CORRIDA AC GALV 5/8""X14'",2.0,0.0
1536,MT-106 (2/0-4/0) (55-5),1006840,"PERNO ROSCA CORRIDA AC GALV 5/8"" X12""",1.0,0.0
1537,MT-106 (2/0-4/0) (55-5),1006696,GRAPA CONEXION DOBLE S/TOR,0.0,0.0
1538,MT-106 (2/0-4/0) (55-5),1007057,"TORNILLO HEX PAS AC GALV 5/8"" X 12""",2.0,0.0
1539,MT-106 (2/0-4/0) (55-5),1007099,"TUERCA D/OJO AC GALV P/TORNILLO 5/8""",4.0,0.0
1540,MT-106 (2/0-4/0) (55-5),1006694,GRAPA RETENCION 2/0 AWG A 4/0 AWG,2.0,0.0
1541,MT-106 (2/0-4/0) (55-5),1005947,ALAMBRE LIGADURAALUMINIO,1.0,0.0
1542,MT-106 (2/0-4/0) (55-5),1007225,"ABRAZADERA PERNO P/TORNILLO 5/8""",2.0,0.0
1543,MT-106 (2/0-4/0) (55-5),1006234,AISLADOR PORC.TIPO SUSPENSION ANSI 52-1,4.0,0.0
1544,MT-106 (2/0-4/0) (55-5),1006238,AISLADOR PORC.TIPO ESPIGA ANSI 55-5,1.0,0.0
1545,MT-106 (2/0-4/0) (55-5),1006250,"ARAN PLAN CUA AC GALV 21/4""X21/4"" D 5/8""",4.0,0.0
1546,MT-106 (2/0-4/0) (55-5),1006264,"ARANDELA PRESION ACERO GALV P/TORN 5/8""",6.0,0.0
1547,MT-106 (2/0-4/0) (55-5),1007094,"TUERCA CAB HEX AC GALV P/TORNILLO 5/8""",0.0,0.0
1548,MT-106 (2/0-4/0) (55-5),1006580,"ESPIGA ACERO GALV 20"" P/INST CZA POSTE",1.0,0.0
1549,MT-106 (336-477) (55-5),1005947,ALAMBRE LIGADURAALUMINIO,1.0,0.0
1550,MT-106 (336-477) (55-5),1006695,GRAPA RETENCION 336 MCM A 477 MCM,2.0,0.0
1551,MT-106 (336-477) (55-5),1007099,"TUERCA D/OJO AC GALV P/TORNILLO 5/8""",4.0,0.0
1552,MT-106 (336-477) (55-5),1007057,"TORNILLO HEX PAS AC GALV 5/8"" X 12""",2.0,0.0
1553,MT-106 (336-477) (55-5),1006841,"PERNO ROSCA CORRIDA AC GALV 5/8""X14'",2.0,0.0
1554,MT-106 (336-477) (55-5),1006840,"PERNO ROSCA CORRIDA AC GALV 5/8"" X12""",1.0,0.0
1555,MT-106 (336-477) (55-5),1007094,"TUERCA CAB HEX AC GALV P/TORNILLO 5/8""",0.0,0.0
1556,MT-106 (336-477) (55-5),1007225,"ABRAZADERA PERNO P/TORNILLO 5/8""",2.0,0.0
1557,MT-106 (336-477) (55-5),1006234,AISLADOR PORC.TIPO SUSPENSION ANSI 52-1,4.0,0.0
1558,MT-106 (336-477) (55-5),1006238,AISLADOR PORC.TIPO ESPIGA ANSI 55-5,1.0,0.0
1559,MT-106 (336-477) (55-5),1006250,"ARAN PLAN CUA AC GALV 21/4""X21/4"" D 5/8""",4.0,0.0
1560,MT-106 (336-477) (55-5),1006264,"ARANDELA PRESION ACERO GALV P/TORN 5/8""",6.0,0.0
1561,MT-106 (336-477) (55-5),1006580,"ESPIGA ACERO GALV 20"" P/INST CZA POSTE",1.0,0.0
1562,MT-106 (336-477) (55-5),1006696,GRAPA CONEXION DOBLE S/TOR,0.0,0.0
1563,MT-108 (55-5),1005947,ALAMBRE LIGADURAALUMINIO,1.0,0.0
1564,MT-108 (55-5),1007200,"TORNILLO MAQUINA 1/2"" X 2""",1.0,0.0
1565,MT-108 (55-5),1007057,"TORNILLO HEX PAS AC GALV 5/8"" X 12""",2.0,0.0
1566,MT-108 (55-5),1006595,"FLEJE AC GALV 1-3/4""X1-3/4""X3/16""X84""",1.0,0.0
1567,MT-108 (55-5),1006579,"ESPIGA ACERO GAL VASTAGO 3/4"" X 7 3/4""",1.0,0.0
1568,MT-108 (55-5),1006508,"CRUCETA ACERO GALV 8'-0""3"" X 3""",1.0,0.0
1569,MT-108 (55-5),1006238,AISLADOR PORC.TIPO ESPIGA ANSI 55-5,1.0,0.0
1570,MT-108 (55-5),1006250,"ARAN PLAN CUA AC GALV 21/4""X21/4"" D 5/8""",2.0,0.0
1571,MT-108 (55-5),1006264,"ARANDELA PRESION ACERO GALV P/TORN 5/8""",2.0,0.0
1572,MT-108 (55-5),1006262,"ARANDELA PRESION ACERO GALV P/TORN 1/2""",1.0,0.0
1573,MT-108 (55-5),1007094,"TUERCA CAB HEX AC GALV P/TORNILLO 5/8""",0.0,0.0
1574,MT-108 (55-5),1006696,GRAPA CONEXION DOBLE S/TOR,0.0,0.0
1575,MT-109 (55-5),1006250,"ARAN PLAN CUA AC GALV 21/4""X21/4"" D 5/8""",1.0,0.0
1576,MT-109 (55-5),1005947,ALAMBRE LIGADURAALUMINIO,2.0,0.0
1577,MT-109 (55-5),1006840,"PERNO ROSCA CORRIDA AC GALV 5/8"" X12""",3.0,0.0
1578,MT-109 (55-5),1006595,"FLEJE AC GALV 1-3/4""X1-3/4""X3/16""X84""",1.0,0.0
1579,MT-109 (55-5),1006579,"ESPIGA ACERO GAL VASTAGO 3/4"" X 7 3/4""",2.0,0.0
1580,MT-109 (55-5),1006508,"CRUCETA ACERO GALV 8'-0""3"" X 3""",2.0,0.0
1581,MT-109 (55-5),1007094,"TUERCA CAB HEX AC GALV P/TORNILLO 5/8""",0.0,0.0
1582,MT-109 (55-5),1007057,"TORNILLO HEX PAS AC GALV 5/8"" X 12""",1.0,0.0
1583,MT-109 (55-5),1006238,AISLADOR PORC.TIPO ESPIGA ANSI 55-5,2.0,0.0
1584,MT-109 (55-5),1007282,"TORNILLO ESP ROSCA CORRIDA 1/2"" X12""",1.0,0.0
1585,MT-109 (55-5),1006264,"ARANDELA PRESION ACERO GALV P/TORN 5/8""",9.0,0.0
1586,MT-109 (55-5),1006262,"ARANDELA PRESION ACERO GALV P/TORN 1/2""",4.0,0.0
1587,MT-109 (55-5),1006696,GRAPA CONEXION DOBLE S/TOR,0.0,0.0
1588,MT-101 (57-1),1005947,ALAMBRE LIGADURAALUMINIO,1.0,0.0
1589,MT-101 (57-1),1006696,GRAPA CONEXION DOBLE S/TOR,0.0,0.0
1590,MT-101 (57-1),1007057,"TORNILLO HEX PAS AC GALV 5/8"" X 12""",2.0,0.0
1591,MT-101 (57-1),1006940,SOPORTE DE ACERO PARA AISLADOR RIGIDO EN CABEZA DE POSTE,1.0,0.0
1592,MT-101 (57-1),1007094,"TUERCA CAB HEX AC GALV P/TORNILLO 5/8""",0.0,0.0
1593,MT-101 (57-1),1006264,"ARANDELA PRESION ACERO GALV P/TORN 5/8""",2.0,0.0
1594,MT-101 (57-1),1006250,"ARAN PLAN CUA AC GALV 21/4""X21/4"" D 5/8""",2.0,0.0
1595,MT-101 (57-1),1006241,AISLADOR PORC.TIPO LINE POST ANSI 57-1,1.0,0.0
1596,MT-101 (57-1),1006838,PERNO CORTO GALVANIZADO ANSI 57-1/3,1.0,0.0
1597,MT-102 (57-1),1005947,ALAMBRE LIGADURAALUMINIO,2.0,0.0
1598,MT-102 (57-1),1007057,"TORNILLO HEX PAS AC GALV 5/8"" X 12""",0.0,0.0
1599,MT-102 (57-1),1007058,"TORNILLO HEX PAS AC GALV 5/8"" X 14""",2.0,0.0
1600,MT-102 (57-1),1006940,SOPORTE DE ACERO PARA AISLADOR RIGIDO EN CABEZA DE POSTE,2.0,0.0
1601,MT-102 (57-1),1006696,GRAPA CONEXION DOBLE S/TOR,0.0,0.0
1602,MT-102 (57-1),1007094,"TUERCA CAB HEX AC GALV P/TORNILLO 5/8""",0.0,0.0
1603,MT-102 (57-1),1006264,"ARANDELA PRESION ACERO GALV P/TORN 5/8""",2.0,0.0
1604,MT-102 (57-1),1006241,AISLADOR PORC.TIPO LINE POST ANSI 57-1,2.0,0.0
1605,MT-102 (57-1),1006838,PERNO CORTO GALVANIZADO ANSI 57-1/3,2.0,0.0
1606,MT-103 (57-1),1006710,GRAPA SUSPENSION AL P/COND 4/0-266 AWG,1.0,0.0
1607,MT-103 (57-1),1007099,"TUERCA D/OJO AC GALV P/TORNILLO 5/8""",2.0,0.0
1608,MT-103 (57-1),1006841,"PERNO ROSCA CORRIDA AC GALV 5/8""X14'",1.0,0.0
1609,MT-103 (57-1),1006840,"PERNO ROSCA CORRIDA AC GALV 5/8"" X12""",1.0,0.0
1610,MT-103 (57-1),1007094,"TUERCA CAB HEX AC GALV P/TORNILLO 5/8""",0.0,0.0
1611,MT-103 (57-1),1006696,GRAPA CONEXION DOBLE S/TOR,0.0,0.0
1612,MT-103 (57-1),1006264,"ARANDELA PRESION ACERO GALV P/TORN 5/8""",4.0,0.0
1613,MT-103 (57-1),1006250,"ARAN PLAN CUA AC GALV 21/4""X21/4"" D 5/8""",2.0,0.0
1614,MT-103 (57-1),1006230,AISLADOR COMPOSITE T/SUSPENSION 13.2KV,1.0,0.0
1615,MT-103 (57-1),1007225,"ABRAZADERA PERNO P/TORNILLO 5/8""",1.0,0.0
1616,MT-104 (57-1),1007099,"TUERCA D/OJO AC GALV P/TORNILLO 5/8""",4.0,0.0
1617,MT-104 (57-1),1006694,GRAPA RETENCION 2/0 AWG A 4/0 AWG,2.0,0.0
1618,MT-104 (57-1),1006841,"PERNO ROSCA CORRIDA AC GALV 5/8""X14'",2.0,0.0
1619,MT-104 (57-1),1006840,"PERNO ROSCA CORRIDA AC GALV 5/8"" X12""",2.0,0.0
1620,MT-104 (57-1),1007094,"TUERCA CAB HEX AC GALV P/TORNILLO 5/8""",0.0,0.0
1621,MT-104 (57-1),1006696,GRAPA CONEXION DOBLE S/TOR,0.0,0.0
1622,MT-104 (57-1),1006264,"ARANDELA PRESION ACERO GALV P/TORN 5/8""",8.0,0.0
1623,MT-104 (57-1),1006250,"ARAN PLAN CUA AC GALV 21/4""X21/4"" D 5/8""",4.0,0.0
1624,MT-104 (57-1),1006230,AISLADOR COMPOSITE T/SUSPENSION 13.2KV,2.0,0.0
1625,MT-104 (57-1),1007225,"ABRAZADERA PERNO P/TORNILLO 5/8""",2.0,0.0
1626,MT-105 (2/0-4/0) (57-1),1007099,"TUERCA D/OJO AC GALV P/TORNILLO 5/8""",2.0,0.0
1627,MT-105 (2/0-4/0) (57-1),1006694,GRAPA RETENCION 2/0 AWG A 4/0 AWG,1.0,0.0
1628,MT-105 (2/0-4/0) (57-1),1006841,"PERNO ROSCA CORRIDA AC GALV 5/8""X14'",1.0,0.0
1629,MT-105 (2/0-4/0) (57-1),1006840,"PERNO ROSCA CORRIDA AC GALV 5/8"" X12""",1.0,0.0
1630,MT-105 (2/0-4/0) (57-1),1007094,"TUERCA CAB HEX AC GALV P/TORNILLO 5/8""",0.0,0.0
1631,MT-105 (2/0-4/0) (57-1),1006696,GRAPA CONEXION DOBLE S/TOR,0.0,0.0
1632,MT-105 (2/0-4/0) (57-1),1006264,"ARANDELA PRESION ACERO GALV P/TORN 5/8""",4.0,0.0
1633,MT-105 (2/0-4/0) (57-1),1006250,"ARAN PLAN CUA AC GALV 21/4""X21/4"" D 5/8""",2.0,0.0
1634,MT-105 (2/0-4/0) (57-1),1006230,AISLADOR COMPOSITE T/SUSPENSION 13.2KV,1.0,0.0
1635,MT-105 (2/0-4/0) (57-1),1007225,"ABRAZADERA PERNO P/TORNILLO 5/8""",1.0,0.0
1636,MT-105 (336-477) (57-1),1006695,GRAPA RETENCION 336 MCM A 477 MCM,1.0,0.0
1637,MT-105 (336-477) (57-1),1006841,"PERNO ROSCA CORRIDA AC GALV 5/8""X14'",1.0,0.0
1638,MT-105 (336-477) (57-1),1006840,"PERNO ROSCA CORRIDA AC GALV 5/8"" X12""",1.0,0.0
1639,MT-105 (336-477) (57-1),1007094,"TUERCA CAB HEX AC GALV P/TORNILLO 5/8""",0.0,0.0
1640,MT-105 (336-477) (57-1),1006696,GRAPA CONEXION DOBLE S/TOR,0.0,0.0
1641,MT-105 (336-477) (57-1),1006264,"ARANDELA PRESION ACERO GALV P/TORN 5/8""",4.0,0.0
1642,MT-105 (336-477) (57-1),1006230,AISLADOR COMPOSITE T/SUSPENSION 13.2KV,1.0,0.0
1643,MT-105 (336-477) (57-1),1006250,"ARAN PLAN CUA AC GALV 21/4""X21/4"" D 5/8""",2.0,0.0
1644,MT-105 (336-477) (57-1),1007225,"ABRAZADERA PERNO P/TORNILLO 5/8""",1.0,0.0
1645,MT-106 (2/0-4/0) (57-1),1006841,"PERNO ROSCA CORRIDA AC GALV 5/8""X14'",2.0,0.0
1646,MT-106 (2/0-4/0) (57-1),1006840,"PERNO ROSCA CORRIDA AC GALV 5/8"" X12""",1.0,0.0
1647,MT-106 (2/0-4/0) (57-1),1006838,PERNO CORTO GALVANIZADO ANSI 57-1/3,1.0,0.0
1648,MT-106 (2/0-4/0) (57-1),1006696,GRAPA CONEXION DOBLE S/TOR,0.0,0.0
1649,MT-106 (2/0-4/0) (57-1),1007057,"TORNILLO HEX PAS AC GALV 5/8"" X 12""",1.0,0.0
1650,MT-106 (2/0-4/0) (57-1),1007058,"TORNILLO HEX PAS AC GALV 5/8"" X 14""",1.0,0.0
1651,MT-106 (2/0-4/0) (57-1),1007099,"TUERCA D/OJO AC GALV P/TORNILLO 5/8""",4.0,0.0
1652,MT-106 (2/0-4/0) (57-1),1006694,GRAPA RETENCION 2/0 AWG A 4/0 AWG,2.0,0.0
1653,MT-106 (2/0-4/0) (57-1),1005947,ALAMBRE LIGADURAALUMINIO,1.0,0.0
1654,MT-106 (2/0-4/0) (57-1),1007225,"ABRAZADERA PERNO P/TORNILLO 5/8""",2.0,0.0
1655,MT-106 (2/0-4/0) (57-1),1006230,AISLADOR COMPOSITE T/SUSPENSION 13.2KV,2.0,0.0
1656,MT-106 (2/0-4/0) (57-1),1006241,AISLADOR PORC.TIPO LINE POST ANSI 57-1,1.0,0.0
1657,MT-106 (2/0-4/0) (57-1),1006250,"ARAN PLAN CUA AC GALV 21/4""X21/4"" D 5/8""",4.0,0.0
1658,MT-106 (2/0-4/0) (57-1),1006264,"ARANDELA PRESION ACERO GALV P/TORN 5/8""",6.0,0.0
1659,MT-106 (2/0-4/0) (57-1),1007094,"TUERCA CAB HEX AC GALV P/TORNILLO 5/8""",0.0,0.0
1660,MT-106 (2/0-4/0) (57-1),1006940,SOPORTE DE ACERO PARA AISLADOR RIGIDO EN CABEZA DE POSTE,1.0,0.0
1661,MT-106 (336-477) (57-1),1005947,ALAMBRE LIGADURAALUMINIO,1.0,0.0
1662,MT-106 (336-477) (57-1),1006695,GRAPA RETENCION 336 MCM A 477 MCM,2.0,0.0
1663,MT-106 (336-477) (57-1),1007099,"TUERCA D/OJO AC GALV P/TORNILLO 5/8""",4.0,0.0
1664,MT-106 (336-477) (57-1),1007057,"TORNILLO HEX PAS AC GALV 5/8"" X 12""",1.0,0.0
1665,MT-106 (336-477) (57-1),1007058,"TORNILLO HEX PAS AC GALV 5/8"" X 14""",1.0,0.0
1666,MT-106 (336-477) (57-1),1006841,"PERNO ROSCA CORRIDA AC GALV 5/8""X14'",2.0,0.0
1667,MT-106 (336-477) (57-1),1006840,"PERNO ROSCA CORRIDA AC GALV 5/8"" X12""",1.0,0.0
1668,MT-106 (336-477) (57-1),1006838,PERNO CORTO GALVANIZADO ANSI 57-1/3,1.0,0.0
1669,MT-106 (336-477) (57-1),1007094,"TUERCA CAB HEX AC GALV P/TORNILLO 5/8""",0.0,0.0
1670,MT-106 (336-477) (57-1),1007225,"ABRAZADERA PERNO P/TORNILLO 5/8""",2.0,0.0
1671,MT-106 (336-477) (57-1),1006230,AISLADOR COMPOSITE T/SUSPENSION 13.2KV,2.0,0.0
1672,MT-106 (336-477) (57-1),1006241,AISLADOR PORC.TIPO LINE POST ANSI 57-1,1.0,0.0
1673,MT-106 (336-477) (57-1),1006250,"ARAN PLAN CUA AC GALV 21/4""X21/4"" D 5/8""",4.0,0.0
1674,MT-106 (336-477) (57-1),1006264,"ARANDELA PRESION ACERO GALV P/TORN 5/8""",6.0,0.0
1675,MT-106 (336-477) (57-1),1006940,SOPORTE DE ACERO PARA AISLADOR RIGIDO EN CABEZA DE POSTE,1.0,0.0
1676,MT-106 (336-477) (57-1),1006696,GRAPA CONEXION DOBLE S/TOR,0.0,0.0
1677,MT-108 (57-1),1005947,ALAMBRE LIGADURAALUMINIO,1.0,0.0
1678,MT-108 (57-1),1007200,"TORNILLO MAQUINA 1/2"" X 2""",1.0,0.0
1679,MT-108 (57-1),1007057,"TORNILLO HEX PAS AC GALV 5/8"" X 12""",2.0,0.0
1680,MT-108 (57-1),1006838,PERNO CORTO GALVANIZADO ANSI 57-1/3,1.0,0.0
1681,MT-108 (57-1),1006595,"FLEJE AC GALV 1-3/4""X1-3/4""X3/16""X84""",1.0,0.0
1682,MT-108 (57-1),1006508,"CRUCETA ACERO GALV 8'-0""3"" X 3""",1.0,0.0
1683,MT-108 (57-1),1006241,AISLADOR PORC.TIPO LINE POST ANSI 57-1,1.0,0.0
1684,MT-108 (57-1),1006250,"ARAN PLAN CUA AC GALV 21/4""X21/4"" D 5/8""",2.0,0.0
1685,MT-108 (57-1),1006264,"ARANDELA PRESION ACERO GALV P/TORN 5/8""",2.0,0.0
1686,MT-108 (57-1),1006262,"ARANDELA PRESION ACERO GALV P/TORN 1/2""",1.0,0.0
1687,MT-108 (57-1),1007094,"TUERCA CAB HEX AC GALV P/TORNILLO 5/8""",0.0,0.0
1688,MT-108 (57-1),1006696,GRAPA CONEXION DOBLE S/TOR,0.0,0.0
1689,MT-109 (57-1),1006250,"ARAN PLAN CUA AC GALV 21/4""X21/4"" D 5/8""",1.0,0.0
1690,MT-109 (57-1),1005947,ALAMBRE LIGADURAALUMINIO,2.0,0.0
1691,MT-109 (57-1),1006840,"PERNO ROSCA CORRIDA AC GALV 5/8"" X12""",3.0,0.0
1692,MT-109 (57-1),1006595,"FLEJE AC GALV 1-3/4""X1-3/4""X3/16""X84""",1.0,0.0
1693,MT-109 (57-1),1006838,PERNO CORTO GALVANIZADO ANSI 57-1/3,2.0,0.0
1694,MT-109 (57-1),1006508,"CRUCETA ACERO GALV 8'-0""3"" X 3""",2.0,0.0
1695,MT-109 (57-1),1007094,"TUERCA CAB HEX AC GALV P/TORNILLO 5/8""",0.0,0.0
1696,MT-109 (57-1),1007057,"TORNILLO HEX PAS AC GALV 5/8"" X 12""",1.0,0.0
1697,MT-109 (57-1),1006241,AISLADOR PORC.TIPO LINE POST ANSI 57-1,2.0,0.0
1698,MT-109 (57-1),1007282,"TORNILLO ESP ROSCA CORRIDA 1/2"" X12""",1.0,0.0
1699,MT-109 (57-1),1006264,"ARANDELA PRESION ACERO GALV P/TORN 5/8""",9.0,0.0
1700,MT-109 (57-1),1006262,"ARANDELA PRESION ACERO GALV P/TORN 1/2""",4.0,0.0
1701,MT-109 (57-1),1006696,GRAPA CONEXION DOBLE S/TOR,0.0,0.0
1702,MT-108 (57-1) C 6',1007039,"TORNILLOCABEZA HEXAGONAL 5/8"" X 3""",0.0,0.0
1703,MT-108 (57-1) C 6',1006838,PERNO CORTO GALVANIZADO ANSI 57-1/3,1.0,0.0
1704,MT-108 (57-1) C 6',1006696,GRAPA CONEXION DOBLE S/TOR,0.0,0.0
1705,MT-108 (57-1) C 6',1005947,ALAMBRE LIGADURAALUMINIO,2.0,0.0
1706,MT-108 (57-1) C 6',1006250,"ARAN PLAN CUA AC GALV 21/4""X21/4"" D 5/8""",2.0,0.0
1707,MT-108 (57-1) C 6',1006262,"ARANDELA PRESION ACERO GALV P/TORN 1/2""",1.0,0.0
1708,MT-108 (57-1) C 6',1006241,AISLADOR PORC.TIPO LINE POST ANSI 57-1,1.0,0.0
1709,MT-108 (57-1) C 6',1006506,"CRUCETA ACERO GALV 5'-7"" 3"" X 3""",1.0,0.0
1710,MT-108 (57-1) C 6',1006602,"FLEJE GALV 13/4""X13/4""X3/16""X60""ORF9/16""",1.0,0.0
1711,MT-108 (57-1) C 6',1007057,"TORNILLO HEX PAS AC GALV 5/8"" X 12""",2.0,0.0
1712,MT-108 (57-1) C 6',1007200,"TORNILLO MAQUINA 1/2"" X 2""",1.0,0.0
1713,MT-108 (57-1) C 6',1006264,"ARANDELA PRESION ACERO GALV P/TORN 5/8""",2.0,0.0
1714,MTA-109 (57-1) C 6',1007094,"TUERCA CAB HEX AC GALV P/TORNILLO 5/8""",0.0,0.0
1715,MTA-109 (57-1) C 6',1006840,"PERNO ROSCA CORRIDA AC GALV 5/8"" X12""",2.0,0.0
1716,MTA-109 (57-1) C 6',1005947,ALAMBRE LIGADURAALUMINIO,4.0,0.0
1717,MTA-109 (57-1) C 6',1006262,"ARANDELA PRESION ACERO GALV P/TORN 1/2""",6.0,0.0
1718,MTA-109 (57-1) C 6',1006264,"ARANDELA PRESION ACERO GALV P/TORN 5/8""",7.0,0.0
1719,MTA-109 (57-1) C 6',1006602,"FLEJE GALV 13/4""X13/4""X3/16""X60""ORF9/16""",1.0,0.0
1720,MTA-109 (57-1) C 6',1007057,"TORNILLO HEX PAS AC GALV 5/8"" X 12""",1.0,0.0
1721,MTA-109 (57-1) C 6',1006506,"CRUCETA ACERO GALV 5'-7"" 3"" X 3""",2.0,0.0
1722,MTA-109 (57-1) C 6',1007282,"TORNILLO ESP ROSCA CORRIDA 1/2"" X12""",1.0,0.0
1723,MTA-109 (57-1) C 6',1006250,"ARAN PLAN CUA AC GALV 21/4""X21/4"" D 5/8""",1.0,0.0
1724,MTA-109 (57-1) C 6',1006838,PERNO CORTO GALVANIZADO ANSI 57-1/3,2.0,0.0
1725,MTA-109 (57-1) C 6',1006241,AISLADOR PORC.TIPO LINE POST ANSI 57-1,2.0,0.0
1726,MT-301 (55-5),1008251,"TORNILLO MAQUINA AC GALV 1/2"" X 12""",1.0,0.0
1727,MT-301 (55-5),1006601,"FLEJE GALV 1-1/4"" X 1/4"" X 28'ORIF 9/16""",2.0,0.0
1728,MT-301 (55-5),1006579,"ESPIGA ACERO GAL VASTAGO 3/4"" X 7 3/4""",2.0,0.0
1729,MT-301 (55-5),1006580,"ESPIGA ACERO GALV 20"" P/INST CZA POSTE",1.0,0.0
1730,MT-301 (55-5),1006506,"CRUCETA ACERO GALV 5'-7"" 3"" X 3""",1.0,0.0
1731,MT-301 (55-5),1005947,ALAMBRE LIGADURAALUMINIO,3.0,0.0
1732,MT-301 (55-5),1006696,GRAPA CONEXION DOBLE S/TOR,0.0,0.0
1733,MT-301 (55-5),1006265,"ARANDELA PRESION ACERO GALV P/TORN 3/8""",2.0,0.0
1734,MT-301 (55-5),1006262,"ARANDELA PRESION ACERO GALV P/TORN 1/2""",1.0,0.0
1735,MT-301 (55-5),1006264,"ARANDELA PRESION ACERO GALV P/TORN 5/8""",3.0,0.0
1736,MT-301 (55-5),1006250,"ARAN PLAN CUA AC GALV 21/4""X21/4"" D 5/8""",3.0,0.0
1737,MT-301 (55-5),1006238,AISLADOR PORC.TIPO ESPIGA ANSI 55-5,3.0,0.0
1738,MT-301 (55-5),1007279,"ARANDELA CUADRADA 2""X2"" P/TORNILLO 1/2""",1.0,0.0
1739,MT-301 (55-5),1007057,"TORNILLO HEX PAS AC GALV 5/8"" X 12""",3.0,0.0
1740,MT-301 (55-5),1007052,"TORNILLO HEX PAS AC GALV 3/8"" X 2""",2.0,0.0
1741,MT-301 (55-5),1007094,"TUERCA CAB HEX AC GALV P/TORNILLO 5/8""",0.0,0.0
1742,MT-302 (55-5),1005947,ALAMBRE LIGADURAALUMINIO,6.0,0.0
1743,MT-302 (55-5),1007052,"TORNILLO HEX PAS AC GALV 3/8"" X 2""",4.0,0.0
1744,MT-302 (55-5),1008251,"TORNILLO MAQUINA AC GALV 1/2"" X 12""",1.0,0.0
1745,MT-302 (55-5),1006840,"PERNO ROSCA CORRIDA AC GALV 5/8"" X12""",3.0,0.0
1746,MT-302 (55-5),1006601,"FLEJE GALV 1-1/4"" X 1/4"" X 28'ORIF 9/16""",4.0,0.0
1747,MT-302 (55-5),1006579,"ESPIGA ACERO GAL VASTAGO 3/4"" X 7 3/4""",6.0,0.0
1748,MT-302 (55-5),1006508,"CRUCETA ACERO GALV 8'-0""3"" X 3""",2.0,0.0
1749,MT-302 (55-5),1007094,"TUERCA CAB HEX AC GALV P/TORNILLO 5/8""",0.0,0.0
1750,MT-302 (55-5),1006696,GRAPA CONEXION DOBLE S/TOR,0.0,0.0
1751,MT-302 (55-5),1006265,"ARANDELA PRESION ACERO GALV P/TORN 3/8""",4.0,0.0
1752,MT-302 (55-5),1006262,"ARANDELA PRESION ACERO GALV P/TORN 1/2""",1.0,0.0
1753,MT-302 (55-5),1006264,"ARANDELA PRESION ACERO GALV P/TORN 5/8""",10.0,0.0
1754,MT-302 (55-5),1006238,AISLADOR PORC.TIPO ESPIGA ANSI 55-5,6.0,0.0
1755,MT-305 (2/0-4/0) (55-5),1006601,"FLEJE GALV 1-1/4"" X 1/4"" X 28'ORIF 9/16""",8.0,0.0
1756,MT-305 (2/0-4/0) (55-5),1006840,"PERNO ROSCA CORRIDA AC GALV 5/8"" X12""",6.0,0.0
1757,MT-305 (2/0-4/0) (55-5),1008251,"TORNILLO MAQUINA AC GALV 1/2"" X 12""",2.0,0.0
1758,MT-305 (2/0-4/0) (55-5),1007052,"TORNILLO HEX PAS AC GALV 3/8"" X 2""",8.0,0.0
1759,MT-305 (2/0-4/0) (55-5),1006696,GRAPA CONEXION DOBLE S/TOR,0.0,0.0
1760,MT-305 (2/0-4/0) (55-5),1007099,"TUERCA D/OJO AC GALV P/TORNILLO 5/8""",7.0,0.0
1761,MT-305 (2/0-4/0) (55-5),1006694,GRAPA RETENCION 2/0 AWG A 4/0 AWG,6.0,0.0
1762,MT-305 (2/0-4/0) (55-5),1005947,ALAMBRE LIGADURAALUMINIO,2.0,0.0
1763,MT-305 (2/0-4/0) (55-5),1006841,"PERNO ROSCA CORRIDA AC GALV 5/8""X14'",1.0,0.0
1764,MT-305 (2/0-4/0) (55-5),1007225,"ABRAZADERA PERNO P/TORNILLO 5/8""",1.0,0.0
1765,MT-305 (2/0-4/0) (55-5),1006238,AISLADOR PORC.TIPO ESPIGA ANSI 55-5,2.0,0.0
1766,MT-305 (2/0-4/0) (55-5),1006234,AISLADOR PORC.TIPO SUSPENSION ANSI 52-1,12.0,0.0
1767,MT-305 (2/0-4/0) (55-5),1006264,"ARANDELA PRESION ACERO GALV P/TORN 5/8""",22.0,0.0
1768,MT-305 (2/0-4/0) (55-5),1006262,"ARANDELA PRESION ACERO GALV P/TORN 1/2""",2.0,0.0
1769,MT-305 (2/0-4/0) (55-5),1006265,"ARANDELA PRESION ACERO GALV P/TORN 3/8""",8.0,0.0
1770,MT-305 (2/0-4/0) (55-5),1007094,"TUERCA CAB HEX AC GALV P/TORNILLO 5/8""",0.0,0.0
1771,MT-305 (2/0-4/0) (55-5),1006506,"CRUCETA ACERO GALV 5'-7"" 3"" X 3""",4.0,0.0
1772,MT-305 (2/0-4/0) (55-5),1006579,"ESPIGA ACERO GAL VASTAGO 3/4"" X 7 3/4""",2.0,0.0
1773,MT-305 (2/0-4/0) C8 (55-5),1006601,"FLEJE GALV 1-1/4"" X 1/4"" X 28'ORIF 9/16""",8.0,0.0
1774,MT-305 (2/0-4/0) C8 (55-5),1006840,"PERNO ROSCA CORRIDA AC GALV 5/8"" X12""",6.0,0.0
1775,MT-305 (2/0-4/0) C8 (55-5),1008251,"TORNILLO MAQUINA AC GALV 1/2"" X 12""",2.0,0.0
1776,MT-305 (2/0-4/0) C8 (55-5),1007052,"TORNILLO HEX PAS AC GALV 3/8"" X 2""",8.0,0.0
1777,MT-305 (2/0-4/0) C8 (55-5),1006696,GRAPA CONEXION DOBLE S/TOR,0.0,0.0
1778,MT-305 (2/0-4/0) C8 (55-5),1007099,"TUERCA D/OJO AC GALV P/TORNILLO 5/8""",7.0,0.0
1779,MT-305 (2/0-4/0) C8 (55-5),1006694,GRAPA RETENCION 2/0 AWG A 4/0 AWG,6.0,0.0
1780,MT-305 (2/0-4/0) C8 (55-5),1005947,ALAMBRE LIGADURAALUMINIO,2.0,0.0
1781,MT-305 (2/0-4/0) C8 (55-5),1006841,"PERNO ROSCA CORRIDA AC GALV 5/8""X14'",1.0,0.0
1782,MT-305 (2/0-4/0) C8 (55-5),1007225,"ABRAZADERA PERNO P/TORNILLO 5/8""",1.0,0.0
1783,MT-305 (2/0-4/0) C8 (55-5),1006238,AISLADOR PORC.TIPO ESPIGA ANSI 55-5,2.0,0.0
1784,MT-305 (2/0-4/0) C8 (55-5),1006234,AISLADOR PORC.TIPO SUSPENSION ANSI 52-1,12.0,0.0
1785,MT-305 (2/0-4/0) C8 (55-5),1006264,"ARANDELA PRESION ACERO GALV P/TORN 5/8""",22.0,0.0
1786,MT-305 (2/0-4/0) C8 (55-5),1006262,"ARANDELA PRESION ACERO GALV P/TORN 1/2""",2.0,0.0
1787,MT-305 (2/0-4/0) C8 (55-5),1006265,"ARANDELA PRESION ACERO GALV P/TORN 3/8""",8.0,0.0
1788,MT-305 (2/0-4/0) C8 (55-5),1007094,"TUERCA CAB HEX AC GALV P/TORNILLO 5/8""",0.0,0.0
1789,MT-305 (2/0-4/0) C8 (55-5),1006508,"CRUCETA ACERO GALV 8'-0""3"" X 3""",4.0,0.0
1790,MT-305 (2/0-4/0) C8 (55-5),1006579,"ESPIGA ACERO GAL VASTAGO 3/4"" X 7 3/4""",2.0,0.0
1791,MT-305 (336-477) (55-5),1006601,"FLEJE GALV 1-1/4"" X 1/4"" X 28'ORIF 9/16""",8.0,0.0
1792,MT-305 (336-477) (55-5),1006840,"PERNO ROSCA CORRIDA AC GALV 5/8"" X12""",6.0,0.0
1793,MT-305 (336-477) (55-5),1008251,"TORNILLO MAQUINA AC GALV 1/2"" X 12""",2.0,0.0
1794,MT-305 (336-477) (55-5),1007052,"TORNILLO HEX PAS AC GALV 3/8"" X 2""",8.0,0.0
1795,MT-305 (336-477) (55-5),1006696,GRAPA CONEXION DOBLE S/TOR,0.0,0.0
1796,MT-305 (336-477) (55-5),1007099,"TUERCA D/OJO AC GALV P/TORNILLO 5/8""",7.0,0.0
1797,MT-305 (336-477) (55-5),1006695,GRAPA RETENCION 336 MCM A 477 MCM,6.0,0.0
1798,MT-305 (336-477) (55-5),1005947,ALAMBRE LIGADURAALUMINIO,2.0,0.0
1799,MT-305 (336-477) (55-5),1006841,"PERNO ROSCA CORRIDA AC GALV 5/8""X14'",1.0,0.0
1800,MT-305 (336-477) (55-5),1007225,"ABRAZADERA PERNO P/TORNILLO 5/8""",1.0,0.0
1801,MT-305 (336-477) (55-5),1006238,AISLADOR PORC.TIPO ESPIGA ANSI 55-5,2.0,0.0
1802,MT-305 (336-477) (55-5),1006234,AISLADOR PORC.TIPO SUSPENSION ANSI 52-1,12.0,0.0
1803,MT-305 (336-477) (55-5),1006264,"ARANDELA PRESION ACERO GALV P/TORN 5/8""",22.0,0.0
1804,MT-305 (336-477) (55-5),1006262,"ARANDELA PRESION ACERO GALV P/TORN 1/2""",2.0,0.0
1805,MT-305 (336-477) (55-5),1006265,"ARANDELA PRESION ACERO GALV P/TORN 3/8""",8.0,0.0
1806,MT-305 (336-477) (55-5),1007094,"TUERCA CAB HEX AC GALV P/TORNILLO 5/8""",0.0,0.0
1807,MT-305 (336-477) (55-5),1006506,"CRUCETA ACERO GALV 5'-7"" 3"" X 3""",4.0,0.0
1808,MT-305 (336-477) (55-5),1006579,"ESPIGA ACERO GAL VASTAGO 3/4"" X 7 3/4""",2.0,0.0
1809,MT-305 (336-477) C8 (55-5),1006601,"FLEJE GALV 1-1/4"" X 1/4"" X 28'ORIF 9/16""",8.0,0.0
1810,MT-305 (336-477) C8 (55-5),1006840,"PERNO ROSCA CORRIDA AC GALV 5/8"" X12""",6.0,0.0
1811,MT-305 (336-477) C8 (55-5),1008251,"TORNILLO MAQUINA AC GALV 1/2"" X 12""",2.0,0.0
1812,MT-305 (336-477) C8 (55-5),1007052,"TORNILLO HEX PAS AC GALV 3/8"" X 2""",8.0,0.0
1813,MT-305 (336-477) C8 (55-5),1006696,GRAPA CONEXION DOBLE S/TOR,0.0,0.0
1814,MT-305 (336-477) C8 (55-5),1007099,"TUERCA D/OJO AC GALV P/TORNILLO 5/8""",7.0,0.0
1815,MT-305 (336-477) C8 (55-5),1006695,GRAPA RETENCION 336 MCM A 477 MCM,6.0,0.0
1816,MT-305 (336-477) C8 (55-5),1005947,ALAMBRE LIGADURAALUMINIO,2.0,0.0
1817,MT-305 (336-477) C8 (55-5),1006841,"PERNO ROSCA CORRIDA AC GALV 5/8""X14'",1.0,0.0
1818,MT-305 (336-477) C8 (55-5),1007225,"ABRAZADERA PERNO P/TORNILLO 5/8""",1.0,0.0
1819,MT-305 (336-477) C8 (55-5),1006238,AISLADOR PORC.TIPO ESPIGA ANSI 55-5,2.0,0.0
1820,MT-305 (336-477) C8 (55-5),1006234,AISLADOR PORC.TIPO SUSPENSION ANSI 52-1,12.0,0.0
1821,MT-305 (336-477) C8 (55-5),1006264,"ARANDELA PRESION ACERO GALV P/TORN 5/8""",22.0,0.0
1822,MT-305 (336-477) C8 (55-5),1006262,"ARANDELA PRESION ACERO GALV P/TORN 1/2""",2.0,0.0
1823,MT-305 (336-477) C8 (55-5),1006265,"ARANDELA PRESION ACERO GALV P/TORN 3/8""",8.0,0.0
1824,MT-305 (336-477) C8 (55-5),1007094,"TUERCA CAB HEX AC GALV P/TORNILLO 5/8""",0.0,0.0
1825,MT-305 (336-477) C8 (55-5),1006508,"CRUCETA ACERO GALV 8'-0""3"" X 3""",4.0,0.0
1826,MT-305 (336-477) C8 (55-5),1006579,"ESPIGA ACERO GAL VASTAGO 3/4"" X 7 3/4""",2.0,0.0
1827,MT-307 (2/0-4/0) C6 (55-5),1006841,"PERNO ROSCA CORRIDA AC GALV 5/8""X14'",1.0,0.0
1828,MT-307 (2/0-4/0) C6 (55-5),1006694,GRAPA RETENCION 2/0 AWG A 4/0 AWG,3.0,0.0
1829,MT-307 (2/0-4/0) C6 (55-5),1007099,"TUERCA D/OJO AC GALV P/TORNILLO 5/8""",4.0,0.0
1830,MT-307 (2/0-4/0) C6 (55-5),1006696,GRAPA CONEXION DOBLE S/TOR,0.0,0.0
1831,MT-307 (2/0-4/0) C6 (55-5),1007052,"TORNILLO HEX PAS AC GALV 3/8"" X 2""",4.0,0.0
1832,MT-307 (2/0-4/0) C6 (55-5),1008251,"TORNILLO MAQUINA AC GALV 1/2"" X 12""",1.0,0.0
1833,MT-307 (2/0-4/0) C6 (55-5),1006840,"PERNO ROSCA CORRIDA AC GALV 5/8"" X12""",3.0,0.0
1834,MT-307 (2/0-4/0) C6 (55-5),1006601,"FLEJE GALV 1-1/4"" X 1/4"" X 28'ORIF 9/16""",4.0,0.0
1835,MT-307 (2/0-4/0) C6 (55-5),1007225,"ABRAZADERA PERNO P/TORNILLO 5/8""",1.0,0.0
1836,MT-307 (2/0-4/0) C6 (55-5),1006234,AISLADOR PORC.TIPO SUSPENSION ANSI 52-1,6.0,0.0
1837,MT-307 (2/0-4/0) C6 (55-5),1006264,"ARANDELA PRESION ACERO GALV P/TORN 5/8""",12.0,0.0
1838,MT-307 (2/0-4/0) C6 (55-5),1006262,"ARANDELA PRESION ACERO GALV P/TORN 1/2""",1.0,0.0
1839,MT-307 (2/0-4/0) C6 (55-5),1006265,"ARANDELA PRESION ACERO GALV P/TORN 3/8""",4.0,0.0
1840,MT-307 (2/0-4/0) C6 (55-5),1007094,"TUERCA CAB HEX AC GALV P/TORNILLO 5/8""",0.0,0.0
1841,MT-307 (2/0-4/0) C6 (55-5),1006506,"CRUCETA ACERO GALV 5'-7"" 3"" X 3""",2.0,0.0
1842,MT-307 (2/0-4/0) C8 (55-5),1006841,"PERNO ROSCA CORRIDA AC GALV 5/8""X14'",1.0,0.0
1843,MT-307 (2/0-4/0) C8 (55-5),1006694,GRAPA RETENCION 2/0 AWG A 4/0 AWG,3.0,0.0
1844,MT-307 (2/0-4/0) C8 (55-5),1007099,"TUERCA D/OJO AC GALV P/TORNILLO 5/8""",4.0,0.0
1845,MT-307 (2/0-4/0) C8 (55-5),1006696,GRAPA CONEXION DOBLE S/TOR,1.0,0.0
1846,MT-307 (2/0-4/0) C8 (55-5),1007052,"TORNILLO HEX PAS AC GALV 3/8"" X 2""",4.0,0.0
1847,MT-307 (2/0-4/0) C8 (55-5),1008251,"TORNILLO MAQUINA AC GALV 1/2"" X 12""",0.0,0.0
1848,MT-307 (2/0-4/0) C8 (55-5),1006840,"PERNO ROSCA CORRIDA AC GALV 5/8"" X12""",3.0,0.0
1849,MT-307 (2/0-4/0) C8 (55-5),1006601,"FLEJE GALV 1-1/4"" X 1/4"" X 28'ORIF 9/16""",4.0,0.0
1850,MT-307 (2/0-4/0) C8 (55-5),1007225,"ABRAZADERA PERNO P/TORNILLO 5/8""",1.0,0.0
1851,MT-307 (2/0-4/0) C8 (55-5),1006234,AISLADOR PORC.TIPO SUSPENSION ANSI 52-1,6.0,0.0
1852,MT-307 (2/0-4/0) C8 (55-5),1006264,"ARANDELA PRESION ACERO GALV P/TORN 5/8""",11.0,0.0
1853,MT-307 (2/0-4/0) C8 (55-5),1006262,"ARANDELA PRESION ACERO GALV P/TORN 1/2""",1.0,0.0
1854,MT-307 (2/0-4/0) C8 (55-5),1006265,"ARANDELA PRESION ACERO GALV P/TORN 3/8""",4.0,0.0
1855,MT-307 (2/0-4/0) C8 (55-5),1007094,"TUERCA CAB HEX AC GALV P/TORNILLO 5/8""",1.0,0.0
1856,MT-307 (2/0-4/0) C8 (55-5),1006508,"CRUCETA ACERO GALV 8'-0""3"" X 3""",2.0,0.0
1857,MT-307 (336-447) C6 (55-5),1006841,"PERNO ROSCA CORRIDA AC GALV 5/8""X14'",1.0,0.0
1858,MT-307 (336-447) C6 (55-5),1006695,GRAPA RETENCION 336 MCM A 477 MCM,1.0,0.0
1859,MT-307 (336-447) C6 (55-5),1007099,"TUERCA D/OJO AC GALV P/TORNILLO 5/8""",3.0,0.0
1860,MT-307 (336-447) C6 (55-5),1006696,GRAPA CONEXION DOBLE S/TOR,4.0,0.0
1861,MT-307 (336-447) C6 (55-5),1007052,"TORNILLO HEX PAS AC GALV 3/8"" X 2""",1.0,0.0
1862,MT-307 (336-447) C6 (55-5),1008251,"TORNILLO MAQUINA AC GALV 1/2"" X 12""",4.0,0.0
1863,MT-307 (336-447) C6 (55-5),1006840,"PERNO ROSCA CORRIDA AC GALV 5/8"" X12""",0.0,0.0
1864,MT-307 (336-447) C6 (55-5),1006601,"FLEJE GALV 1-1/4"" X 1/4"" X 28'ORIF 9/16""",3.0,0.0
1865,MT-307 (336-447) C6 (55-5),1007225,"ABRAZADERA PERNO P/TORNILLO 5/8""",1.0,0.0
1866,MT-307 (336-447) C6 (55-5),1006234,AISLADOR PORC.TIPO SUSPENSION ANSI 52-1,6.0,0.0
1867,MT-307 (336-447) C6 (55-5),1006264,"ARANDELA PRESION ACERO GALV P/TORN 5/8""",11.0,0.0
1868,MT-307 (336-447) C6 (55-5),1006262,"ARANDELA PRESION ACERO GALV P/TORN 1/2""",1.0,0.0
1869,MT-307 (336-447) C6 (55-5),1006265,"ARANDELA PRESION ACERO GALV P/TORN 3/8""",4.0,0.0
1870,MT-307 (336-447) C6 (55-5),1007094,"TUERCA CAB HEX AC GALV P/TORNILLO 5/8""",2.0,0.0
1871,MT-307 (336-447) C6 (55-5),1006506,"CRUCETA ACERO GALV 5'-7"" 3"" X 3""",4.0,0.0
1872,MT-307 (336-447) C8 (55-5),1006841,"PERNO ROSCA CORRIDA AC GALV 5/8""X14'",1.0,0.0
1873,MT-307 (336-447) C8 (55-5),1006695,GRAPA RETENCION 336 MCM A 477 MCM,1.0,0.0
1874,MT-307 (336-447) C8 (55-5),1007099,"TUERCA D/OJO AC GALV P/TORNILLO 5/8""",3.0,0.0
1875,MT-307 (336-447) C8 (55-5),1006696,GRAPA CONEXION DOBLE S/TOR,4.0,0.0
1876,MT-307 (336-447) C8 (55-5),1007052,"TORNILLO HEX PAS AC GALV 3/8"" X 2""",1.0,0.0
1877,MT-307 (336-447) C8 (55-5),1008251,"TORNILLO MAQUINA AC GALV 1/2"" X 12""",4.0,0.0
1878,MT-307 (336-447) C8 (55-5),1006840,"PERNO ROSCA CORRIDA AC GALV 5/8"" X12""",0.0,0.0
1879,MT-307 (336-447) C8 (55-5),1006601,"FLEJE GALV 1-1/4"" X 1/4"" X 28'ORIF 9/16""",3.0,0.0
1880,MT-307 (336-447) C8 (55-5),1007225,"ABRAZADERA PERNO P/TORNILLO 5/8""",1.0,0.0
1881,MT-307 (336-447) C8 (55-5),1006234,AISLADOR PORC.TIPO SUSPENSION ANSI 52-1,6.0,0.0
1882,MT-307 (336-447) C8 (55-5),1006264,"ARANDELA PRESION ACERO GALV P/TORN 5/8""",11.0,0.0
1883,MT-307 (336-447) C8 (55-5),1006262,"ARANDELA PRESION ACERO GALV P/TORN 1/2""",1.0,0.0
1884,MT-307 (336-447) C8 (55-5),1006265,"ARANDELA PRESION ACERO GALV P/TORN 3/8""",4.0,0.0
1885,MT-307 (336-447) C8 (55-5),1007094,"TUERCA CAB HEX AC GALV P/TORNILLO 5/8""",2.0,0.0
1886,MT-307 (336-447) C8 (55-5),1006508,"CRUCETA ACERO GALV 8'-0""3"" X 3""",4.0,0.0
1887,MT-316 (2/0-4/0) C6 (55-5),1006580,"ESPIGA ACERO GALV 20"" P/INST CZA POSTE",1.0,0.0
1888,MT-316 (2/0-4/0) C6 (55-5),1006601,"FLEJE GALV 1-1/4"" X 1/4"" X 28'ORIF 9/16""",4.0,0.0
1889,MT-316 (2/0-4/0) C6 (55-5),1006840,"PERNO ROSCA CORRIDA AC GALV 5/8"" X12""",3.0,0.0
1890,MT-316 (2/0-4/0) C6 (55-5),1007057,"TORNILLO HEX PAS AC GALV 5/8"" X 12""",2.0,0.0
1891,MT-316 (2/0-4/0) C6 (55-5),1008251,"TORNILLO MAQUINA AC GALV 1/2"" X 12""",1.0,0.0
1892,MT-316 (2/0-4/0) C6 (55-5),1007052,"TORNILLO HEX PAS AC GALV 3/8"" X 2""",4.0,0.0
1893,MT-316 (2/0-4/0) C6 (55-5),1007099,"TUERCA D/OJO AC GALV P/TORNILLO 5/8""",8.0,0.0
1894,MT-316 (2/0-4/0) C6 (55-5),1006694,GRAPA RETENCION 2/0 AWG A 4/0 AWG,6.0,0.0
1895,MT-316 (2/0-4/0) C6 (55-5),1005947,ALAMBRE LIGADURAALUMINIO,3.0,0.0
1896,MT-316 (2/0-4/0) C6 (55-5),1006841,"PERNO ROSCA CORRIDA AC GALV 5/8""X14'",2.0,0.0
1897,MT-316 (2/0-4/0) C6 (55-5),1006579,"ESPIGA ACERO GAL VASTAGO 3/4"" X 7 3/4""",2.0,0.0
1898,MT-316 (2/0-4/0) C6 (55-5),1007225,"ABRAZADERA PERNO P/TORNILLO 5/8""",2.0,0.0
1899,MT-316 (2/0-4/0) C6 (55-5),1006238,AISLADOR PORC.TIPO ESPIGA ANSI 55-5,3.0,0.0
1900,MT-316 (2/0-4/0) C6 (55-5),1006234,AISLADOR PORC.TIPO SUSPENSION ANSI 52-1,12.0,0.0
1901,MT-316 (2/0-4/0) C6 (55-5),1006250,"ARAN PLAN CUA AC GALV 21/4""X21/4"" D 5/8""",2.0,0.0
1902,MT-316 (2/0-4/0) C6 (55-5),1006264,"ARANDELA PRESION ACERO GALV P/TORN 5/8""",16.0,0.0
1903,MT-316 (2/0-4/0) C6 (55-5),1006262,"ARANDELA PRESION ACERO GALV P/TORN 1/2""",1.0,0.0
1904,MT-316 (2/0-4/0) C6 (55-5),1006265,"ARANDELA PRESION ACERO GALV P/TORN 3/8""",4.0,0.0
1905,MT-316 (2/0-4/0) C6 (55-5),1006696,GRAPA CONEXION DOBLE S/TOR,0.0,0.0
1906,MT-316 (2/0-4/0) C6 (55-5),1007094,"TUERCA CAB HEX AC GALV P/TORNILLO 5/8""",0.0,0.0
1907,MT-316 (2/0-4/0) C6 (55-5),1006506,"CRUCETA ACERO GALV 5'-7"" 3"" X 3""",2.0,0.0
1908,MT-316 (2/0-4/0) C6 (55-5),1007200,"TORNILLO MAQUINA 1/2"" X 2""",0.0,0.0
1909,MT-316 (2/0-4/0) C8 (55-5),1006580,"ESPIGA ACERO GALV 20"" P/INST CZA POSTE",1.0,0.0
1910,MT-316 (2/0-4/0) C8 (55-5),1006601,"FLEJE GALV 1-1/4"" X 1/4"" X 28'ORIF 9/16""",4.0,0.0
1911,MT-316 (2/0-4/0) C8 (55-5),1006840,"PERNO ROSCA CORRIDA AC GALV 5/8"" X12""",3.0,0.0
1912,MT-316 (2/0-4/0) C8 (55-5),1007057,"TORNILLO HEX PAS AC GALV 5/8"" X 12""",2.0,0.0
1913,MT-316 (2/0-4/0) C8 (55-5),1008251,"TORNILLO MAQUINA AC GALV 1/2"" X 12""",1.0,0.0
1914,MT-316 (2/0-4/0) C8 (55-5),1007052,"TORNILLO HEX PAS AC GALV 3/8"" X 2""",4.0,0.0
1915,MT-316 (2/0-4/0) C8 (55-5),1007099,"TUERCA D/OJO AC GALV P/TORNILLO 5/8""",8.0,0.0
1916,MT-316 (2/0-4/0) C8 (55-5),1006694,GRAPA RETENCION 2/0 AWG A 4/0 AWG,6.0,0.0
1917,MT-316 (2/0-4/0) C8 (55-5),1005947,ALAMBRE LIGADURAALUMINIO,3.0,0.0
1918,MT-316 (2/0-4/0) C8 (55-5),1006841,"PERNO ROSCA CORRIDA AC GALV 5/8""X14'",2.0,0.0
1919,MT-316 (2/0-4/0) C8 (55-5),1006579,"ESPIGA ACERO GAL VASTAGO 3/4"" X 7 3/4""",2.0,0.0
1920,MT-316 (2/0-4/0) C8 (55-5),1007225,"ABRAZADERA PERNO P/TORNILLO 5/8""",2.0,0.0
1921,MT-316 (2/0-4/0) C8 (55-5),1006238,AISLADOR PORC.TIPO ESPIGA ANSI 55-5,3.0,0.0
1922,MT-316 (2/0-4/0) C8 (55-5),1006234,AISLADOR PORC.TIPO SUSPENSION ANSI 52-1,12.0,0.0
1923,MT-316 (2/0-4/0) C8 (55-5),1006250,"ARAN PLAN CUA AC GALV 21/4""X21/4"" D 5/8""",2.0,0.0
1924,MT-316 (2/0-4/0) C8 (55-5),1006264,"ARANDELA PRESION ACERO GALV P/TORN 5/8""",16.0,0.0
1925,MT-316 (2/0-4/0) C8 (55-5),1006262,"ARANDELA PRESION ACERO GALV P/TORN 1/2""",1.0,0.0
1926,MT-316 (2/0-4/0) C8 (55-5),1006265,"ARANDELA PRESION ACERO GALV P/TORN 3/8""",4.0,0.0
1927,MT-316 (2/0-4/0) C8 (55-5),1006696,GRAPA CONEXION DOBLE S/TOR,0.0,0.0
1928,MT-316 (2/0-4/0) C8 (55-5),1007094,"TUERCA CAB HEX AC GALV P/TORNILLO 5/8""",0.0,0.0
1929,MT-316 (2/0-4/0) C8 (55-5),1006508,"CRUCETA ACERO GALV 8'-0""3"" X 3""",2.0,0.0
1930,MT-316 (2/0-4/0) C8 (55-5),1007200,"TORNILLO MAQUINA 1/2"" X 2""",0.0,0.0
1931,MT-316 (2/0-4/0) C8 EA-MT (55-5),1006580,"ESPIGA ACERO GALV 20"" P/INST CZA POSTE",0.0,0.0
1932,MT-316 (2/0-4/0) C8 EA-MT (55-5),1006601,"FLEJE GALV 1-1/4"" X 1/4"" X 28'ORIF 9/16""",4.0,0.0
1933,MT-316 (2/0-4/0) C8 EA-MT (55-5),1006840,"PERNO ROSCA CORRIDA AC GALV 5/8"" X12""",3.0,0.0
1934,MT-316 (2/0-4/0) C8 EA-MT (55-5),1007057,"TORNILLO HEX PAS AC GALV 5/8"" X 12""",0.0,0.0
1935,MT-316 (2/0-4/0) C8 EA-MT (55-5),1008251,"TORNILLO MAQUINA AC GALV 1/2"" X 12""",1.0,0.0
1936,MT-316 (2/0-4/0) C8 EA-MT (55-5),1007052,"TORNILLO HEX PAS AC GALV 3/8"" X 2""",4.0,0.0
1937,MT-316 (2/0-4/0) C8 EA-MT (55-5),1007099,"TUERCA D/OJO AC GALV P/TORNILLO 5/8""",8.0,0.0
1938,MT-316 (2/0-4/0) C8 EA-MT (55-5),1006694,GRAPA RETENCION 2/0 AWG A 4/0 AWG,6.0,0.0
1939,MT-316 (2/0-4/0) C8 EA-MT (55-5),1005947,ALAMBRE LIGADURAALUMINIO,3.0,0.0
1940,MT-316 (2/0-4/0) C8 EA-MT (55-5),1006841,"PERNO ROSCA CORRIDA AC GALV 5/8""X14'",2.0,0.0
1941,MT-316 (2/0-4/0) C8 EA-MT (55-5),1006579,"ESPIGA ACERO GAL VASTAGO 3/4"" X 7 3/4""",3.0,0.0
1942,MT-316 (2/0-4/0) C8 EA-MT (55-5),1007225,"ABRAZADERA PERNO P/TORNILLO 5/8""",2.0,0.0
1943,MT-316 (2/0-4/0) C8 EA-MT (55-5),1006238,AISLADOR PORC.TIPO ESPIGA ANSI 55-5,3.0,0.0
1944,MT-316 (2/0-4/0) C8 EA-MT (55-5),1006234,AISLADOR PORC.TIPO SUSPENSION ANSI 52-1,12.0,0.0
1945,MT-316 (2/0-4/0) C8 EA-MT (55-5),1006250,"ARAN PLAN CUA AC GALV 21/4""X21/4"" D 5/8""",0.0,0.0
1946,MT-316 (2/0-4/0) C8 EA-MT (55-5),1006264,"ARANDELA PRESION ACERO GALV P/TORN 5/8""",14.0,0.0
1947,MT-316 (2/0-4/0) C8 EA-MT (55-5),1006262,"ARANDELA PRESION ACERO GALV P/TORN 1/2""",1.0,0.0
1948,MT-316 (2/0-4/0) C8 EA-MT (55-5),1006265,"ARANDELA PRESION ACERO GALV P/TORN 3/8""",4.0,0.0
1949,MT-316 (2/0-4/0) C8 EA-MT (55-5),1006696,GRAPA CONEXION DOBLE S/TOR,0.0,0.0
1950,MT-316 (2/0-4/0) C8 EA-MT (55-5),1007094,"TUERCA CAB HEX AC GALV P/TORNILLO 5/8""",0.0,0.0
1951,MT-316 (2/0-4/0) C8 EA-MT (55-5),1006508,"CRUCETA ACERO GALV 8'-0""3"" X 3""",2.0,0.0
1952,MT-316 (2/0-4/0) C8 EA-MT (55-5),1007200,"TORNILLO MAQUINA 1/2"" X 2""",0.0,0.0
1953,MT-316 (336-477) C6 (55-5),1006580,"ESPIGA ACERO GALV 20"" P/INST CZA POSTE",1.0,0.0
1954,MT-316 (336-477) C6 (55-5),1006601,"FLEJE GALV 1-1/4"" X 1/4"" X 28'ORIF 9/16""",4.0,0.0
1955,MT-316 (336-477) C6 (55-5),1006840,"PERNO ROSCA CORRIDA AC GALV 5/8"" X12""",3.0,0.0
1956,MT-316 (336-477) C6 (55-5),1007057,"TORNILLO HEX PAS AC GALV 5/8"" X 12""",2.0,0.0
1957,MT-316 (336-477) C6 (55-5),1008251,"TORNILLO MAQUINA AC GALV 1/2"" X 12""",1.0,0.0
1958,MT-316 (336-477) C6 (55-5),1007052,"TORNILLO HEX PAS AC GALV 3/8"" X 2""",4.0,0.0
1959,MT-316 (336-477) C6 (55-5),1007099,"TUERCA D/OJO AC GALV P/TORNILLO 5/8""",8.0,0.0
1960,MT-316 (336-477) C6 (55-5),1006695,GRAPA RETENCION 336 MCM A 477 MCM,6.0,0.0
1961,MT-316 (336-477) C6 (55-5),1005947,ALAMBRE LIGADURAALUMINIO,3.0,0.0
1962,MT-316 (336-477) C6 (55-5),1006841,"PERNO ROSCA CORRIDA AC GALV 5/8""X14'",2.0,0.0
1963,MT-316 (336-477) C6 (55-5),1006579,"ESPIGA ACERO GAL VASTAGO 3/4"" X 7 3/4""",2.0,0.0
1964,MT-316 (336-477) C6 (55-5),1007225,"ABRAZADERA PERNO P/TORNILLO 5/8""",2.0,0.0
1965,MT-316 (336-477) C6 (55-5),1006238,AISLADOR PORC.TIPO ESPIGA ANSI 55-5,3.0,0.0
1966,MT-316 (336-477) C6 (55-5),1006234,AISLADOR PORC.TIPO SUSPENSION ANSI 52-1,12.0,0.0
1967,MT-316 (336-477) C6 (55-5),1006250,"ARAN PLAN CUA AC GALV 21/4""X21/4"" D 5/8""",2.0,0.0
1968,MT-316 (336-477) C6 (55-5),1006264,"ARANDELA PRESION ACERO GALV P/TORN 5/8""",16.0,0.0
1969,MT-316 (336-477) C6 (55-5),1006262,"ARANDELA PRESION ACERO GALV P/TORN 1/2""",1.0,0.0
1970,MT-316 (336-477) C6 (55-5),1006265,"ARANDELA PRESION ACERO GALV P/TORN 3/8""",4.0,0.0
1971,MT-316 (336-477) C6 (55-5),1006696,GRAPA CONEXION DOBLE S/TOR,0.0,0.0
1972,MT-316 (336-477) C6 (55-5),1007094,"TUERCA CAB HEX AC GALV P/TORNILLO 5/8""",0.0,0.0
1973,MT-316 (336-477) C6 (55-5),1006506,"CRUCETA ACERO GALV 5'-7"" 3"" X 3""",2.0,0.0
1974,MT-316 (336-477) C6 (55-5),1007200,"TORNILLO MAQUINA 1/2"" X 2""",0.0,0.0
1975,MT-316 (336-477) C8 (55-5),1006580,"ESPIGA ACERO GALV 20"" P/INST CZA POSTE",1.0,0.0
1976,MT-316 (336-477) C8 (55-5),1006601,"FLEJE GALV 1-1/4"" X 1/4"" X 28'ORIF 9/16""",4.0,0.0
1977,MT-316 (336-477) C8 (55-5),1006840,"PERNO ROSCA CORRIDA AC GALV 5/8"" X12""",3.0,0.0
1978,MT-316 (336-477) C8 (55-5),1007057,"TORNILLO HEX PAS AC GALV 5/8"" X 12""",2.0,0.0
1979,MT-316 (336-477) C8 (55-5),1008251,"TORNILLO MAQUINA AC GALV 1/2"" X 12""",1.0,0.0
1980,MT-316 (336-477) C8 (55-5),1007052,"TORNILLO HEX PAS AC GALV 3/8"" X 2""",4.0,0.0
1981,MT-316 (336-477) C8 (55-5),1007099,"TUERCA D/OJO AC GALV P/TORNILLO 5/8""",8.0,0.0
1982,MT-316 (336-477) C8 (55-5),1006695,GRAPA RETENCION 336 MCM A 477 MCM,6.0,0.0
1983,MT-316 (336-477) C8 (55-5),1005947,ALAMBRE LIGADURAALUMINIO,3.0,0.0
1984,MT-316 (336-477) C8 (55-5),1006841,"PERNO ROSCA CORRIDA AC GALV 5/8""X14'",2.0,0.0
1985,MT-316 (336-477) C8 (55-5),1006579,"ESPIGA ACERO GAL VASTAGO 3/4"" X 7 3/4""",2.0,0.0
1986,MT-316 (336-477) C8 (55-5),1007225,"ABRAZADERA PERNO P/TORNILLO 5/8""",2.0,0.0
1987,MT-316 (336-477) C8 (55-5),1006238,AISLADOR PORC.TIPO ESPIGA ANSI 55-5,3.0,0.0
1988,MT-316 (336-477) C8 (55-5),1006234,AISLADOR PORC.TIPO SUSPENSION ANSI 52-1,12.0,0.0
1989,MT-316 (336-477) C8 (55-5),1006250,"ARAN PLAN CUA AC GALV 21/4""X21/4"" D 5/8""",2.0,0.0
1990,MT-316 (336-477) C8 (55-5),1006264,"ARANDELA PRESION ACERO GALV P/TORN 5/8""",16.0,0.0
1991,MT-316 (336-477) C8 (55-5),1006262,"ARANDELA PRESION ACERO GALV P/TORN 1/2""",1.0,0.0
1992,MT-316 (336-477) C8 (55-5),1006265,"ARANDELA PRESION ACERO GALV P/TORN 3/8""",4.0,0.0
1993,MT-316 (336-477) C8 (55-5),1006696,GRAPA CONEXION DOBLE S/TOR,0.0,0.0
1994,MT-316 (336-477) C8 (55-5),1007094,"TUERCA CAB HEX AC GALV P/TORNILLO 5/8""",0.0,0.0
1995,MT-316 (336-477) C8 (55-5),1006508,"CRUCETA ACERO GALV 8'-0""3"" X 3""",2.0,0.0
1996,MT-316 (336-477) C8 (55-5),1007200,"TORNILLO MAQUINA 1/2"" X 2""",0.0,0.0
1997,MT-316 (336-477) C8 EA-MT (55-5),1006580,"ESPIGA ACERO GALV 20"" P/INST CZA POSTE",0.0,0.0
1998,MT-316 (336-477) C8 EA-MT (55-5),1006601,"FLEJE GALV 1-1/4"" X 1/4"" X 28'ORIF 9/16""",4.0,0.0
1999,MT-316 (336-477) C8 EA-MT (55-5),1006840,"PERNO ROSCA CORRIDA AC GALV 5/8"" X12""",3.0,0.0
2000,MT-316 (336-477) C8 EA-MT (55-5),1007057,"TORNILLO HEX PAS AC GALV 5/8"" X 12""",0.0,0.0
2001,MT-316 (336-477) C8 EA-MT (55-5),1008251,"TORNILLO MAQUINA AC GALV 1/2"" X 12""",1.0,0.0
2002,MT-316 (336-477) C8 EA-MT (55-5),1007052,"TORNILLO HEX PAS AC GALV 3/8"" X 2""",4.0,0.0
2003,MT-316 (336-477) C8 EA-MT (55-5),1007099,"TUERCA D/OJO AC GALV P/TORNILLO 5/8""",8.0,0.0
2004,MT-316 (336-477) C8 EA-MT (55-5),1006695,GRAPA RETENCION 336 MCM A 477 MCM,6.0,0.0
2005,MT-316 (336-477) C8 EA-MT (55-5),1005947,ALAMBRE LIGADURAALUMINIO,3.0,0.0
2006,MT-316 (336-477) C8 EA-MT (55-5),1006841,"PERNO ROSCA CORRIDA AC GALV 5/8""X14'",2.0,0.0
2007,MT-316 (336-477) C8 EA-MT (55-5),1006579,"ESPIGA ACERO GAL VASTAGO 3/4"" X 7 3/4""",3.0,0.0
2008,MT-316 (336-477) C8 EA-MT (55-5),1007225,"ABRAZADERA PERNO P/TORNILLO 5/8""",2.0,0.0
2009,MT-316 (336-477) C8 EA-MT (55-5),1006238,AISLADOR PORC.TIPO ESPIGA ANSI 55-5,3.0,0.0
2010,MT-316 (336-477) C8 EA-MT (55-5),1006234,AISLADOR PORC.TIPO SUSPENSION ANSI 52-1,12.0,0.0
2011,MT-316 (336-477) C8 EA-MT (55-5),1006250,"ARAN PLAN CUA AC GALV 21/4""X21/4"" D 5/8""",0.0,0.0
2012,MT-316 (336-477) C8 EA-MT (55-5),1006264,"ARANDELA PRESION ACERO GALV P/TORN 5/8""",14.0,0.0
2013,MT-316 (336-477) C8 EA-MT (55-5),1006262,"ARANDELA PRESION ACERO GALV P/TORN 1/2""",1.0,0.0
2014,MT-316 (336-477) C8 EA-MT (55-5),1006265,"ARANDELA PRESION ACERO GALV P/TORN 3/8""",4.0,0.0
2015,MT-316 (336-477) C8 EA-MT (55-5),1006696,GRAPA CONEXION DOBLE S/TOR,0.0,0.0
2016,MT-316 (336-477) C8 EA-MT (55-5),1007094,"TUERCA CAB HEX AC GALV P/TORNILLO 5/8""",0.0,0.0
2017,MT-316 (336-477) C8 EA-MT (55-5),1006508,"CRUCETA ACERO GALV 8'-0""3"" X 3""",2.0,0.0
2018,MT-316 (336-477) C8 EA-MT (55-5),1007200,"TORNILLO MAQUINA 1/2"" X 2""",0.0,0.0
2019,MT-319 (55-5),1005947,ALAMBRE LIGADURAALUMINIO,3.0,0.0
2020,MT-319 (55-5),1007200,"TORNILLO MAQUINA 1/2"" X 2""",1.0,0.0
2021,MT-319 (55-5),1007057,"TORNILLO HEX PAS AC GALV 5/8"" X 12""",2.0,0.0
2022,MT-319 (55-5),1006595,"FLEJE AC GALV 1-3/4""X1-3/4""X3/16""X84""",1.0,0.0
2023,MT-319 (55-5),1006579,"ESPIGA ACERO GAL VASTAGO 3/4"" X 7 3/4""",3.0,0.0
2024,MT-319 (55-5),1006508,"CRUCETA ACERO GALV 8'-0""3"" X 3""",1.0,0.0
2025,MT-319 (55-5),1006238,AISLADOR PORC.TIPO ESPIGA ANSI 55-5,3.0,0.0
2026,MT-319 (55-5),1006250,"ARAN PLAN CUA AC GALV 21/4""X21/4"" D 5/8""",2.0,0.0
2027,MT-319 (55-5),1006264,"ARANDELA PRESION ACERO GALV P/TORN 5/8""",2.0,0.0
2028,MT-319 (55-5),1006262,"ARANDELA PRESION ACERO GALV P/TORN 1/2""",1.0,0.0
2029,MT-319 (55-5),1007094,"TUERCA CAB HEX AC GALV P/TORNILLO 5/8""",0.0,0.0
2030,MT-319 (55-5),1006696,GRAPA CONEXION DOBLE S/TOR,0.0,0.0
2031,MT-321 (55-5),1006696,GRAPA CONEXION DOBLE S/TOR,0.0,0.0
2032,MT-321 (55-5),1005947,ALAMBRE LIGADURAALUMINIO,3.0,0.0
2033,MT-321 (55-5),1007200,"TORNILLO MAQUINA 1/2"" X 2""",1.0,0.0
2034,MT-321 (55-5),1007057,"TORNILLO HEX PAS AC GALV 5/8"" X 12""",4.0,0.0
2035,MT-321 (55-5),1006602,"FLEJE GALV 13/4""X13/4""X3/16""X60""ORF9/16""",1.0,0.0
2036,MT-321 (55-5),1006579,"ESPIGA ACERO GAL VASTAGO 3/4"" X 7 3/4""",2.0,0.0
2037,MT-321 (55-5),1006580,"ESPIGA ACERO GALV 20"" P/INST CZA POSTE",1.0,0.0
2038,MT-321 (55-5),1006238,AISLADOR PORC.TIPO ESPIGA ANSI 55-5,3.0,0.0
2039,MT-321 (55-5),1006250,"ARAN PLAN CUA AC GALV 21/4""X21/4"" D 5/8""",4.0,0.0
2040,MT-321 (55-5),1006264,"ARANDELA PRESION ACERO GALV P/TORN 5/8""",4.0,0.0
2041,MT-321 (55-5),1006262,"ARANDELA PRESION ACERO GALV P/TORN 1/2""",1.0,0.0
2042,MT-321 (55-5),1007094,"TUERCA CAB HEX AC GALV P/TORNILLO 5/8""",0.0,0.0
2043,MT-321 (55-5),1006506,"CRUCETA ACERO GALV 5'-7"" 3"" X 3""",1.0,0.0
2044,MT-322 (55-5),1007057,"TORNILLO HEX PAS AC GALV 5/8"" X 12""",1.0,0.0
2045,MT-322 (55-5),1005947,ALAMBRE LIGADURAALUMINIO,6.0,0.0
2046,MT-322 (55-5),1007097,"TUERCA HEXAGONALACERO GALVANIZADO 1/2""",0.0,0.0
2047,MT-322 (55-5),1006840,"PERNO ROSCA CORRIDA AC GALV 5/8"" X12""",3.0,0.0
2048,MT-322 (55-5),1007282,"TORNILLO ESP ROSCA CORRIDA 1/2"" X12""",1.0,0.0
2049,MT-322 (55-5),1006595,"FLEJE AC GALV 1-3/4""X1-3/4""X3/16""X84""",1.0,0.0
2050,MT-322 (55-5),1006579,"ESPIGA ACERO GAL VASTAGO 3/4"" X 7 3/4""",6.0,0.0
2051,MT-322 (55-5),1006250,"ARAN PLAN CUA AC GALV 21/4""X21/4"" D 5/8""",1.0,0.0
2052,MT-322 (55-5),1006238,AISLADOR PORC.TIPO ESPIGA ANSI 55-5,6.0,0.0
2053,MT-322 (55-5),1006264,"ARANDELA PRESION ACERO GALV P/TORN 5/8""",11.0,0.0
2054,MT-322 (55-5),1006262,"ARANDELA PRESION ACERO GALV P/TORN 1/2""",4.0,0.0
2055,MT-322 (55-5),1006696,GRAPA CONEXION DOBLE S/TOR,0.0,0.0
2056,MT-322 (55-5),1007094,"TUERCA CAB HEX AC GALV P/TORNILLO 5/8""",0.0,0.0
2057,MT-322 (55-5),1006508,"CRUCETA ACERO GALV 8'-0""3"" X 3""",2.0,0.0
2058,LB-601 (55-5),1006264,"ARANDELA PRESION ACERO GALV P/TORN 5/8""",4.0,0.0
2059,LB-601 (55-5),1006579,"ESPIGA ACERO GAL VASTAGO 3/4"" X 7 3/4""",5.0,0.0
2060,LB-601 (55-5),1006238,AISLADOR PORC.TIPO ESPIGA ANSI 55-5,6.0,0.0
2061,LB-601 (55-5),1006580,"ESPIGA ACERO GALV 20"" P/INST CZA POSTE",1.0,0.0
2062,LB-601 (55-5),1007094,"TUERCA CAB HEX AC GALV P/TORNILLO 5/8""",0.0,0.0
2063,LB-601 (55-5),1006696,GRAPA CONEXION DOBLE S/TOR,0.0,0.0
2064,LB-601 (55-5),1005947,ALAMBRE LIGADURAALUMINIO,6.0,0.0
2065,LB-601 (55-5),1007057,"TORNILLO HEX PAS AC GALV 5/8"" X 12""",4.0,0.0
2066,LB-601 (55-5),1007279,"ARANDELA CUADRADA 2""X2"" P/TORNILLO 1/2""",2.0,0.0
2067,LB-601 (55-5),1007052,"TORNILLO HEX PAS AC GALV 3/8"" X 2""",4.0,0.0
2068,LB-601 (55-5),1008251,"TORNILLO MAQUINA AC GALV 1/2"" X 12""",2.0,0.0
2069,LB-601 (55-5),1006601,"FLEJE GALV 1-1/4"" X 1/4"" X 28'ORIF 9/16""",4.0,0.0
2070,LB-601 (55-5),1006508,"CRUCETA ACERO GALV 8'-0""3"" X 3""",2.0,0.0
2071,LB-601 (55-5),1006250,"ARAN PLAN CUA AC GALV 21/4""X21/4"" D 5/8""",4.0,0.0
2072,LB-601 (55-5),1006265,"ARANDELA PRESION ACERO GALV P/TORN 3/8""",4.0,0.0
2073,LB-601 (55-5),1006262,"ARANDELA PRESION ACERO GALV P/TORN 1/2""",2.0,0.0
2074,LB-603 (55-5),1006840,"PERNO ROSCA CORRIDA AC GALV 5/8"" X12""",6.0,0.0
2075,LB-603 (55-5),1007052,"TORNILLO HEX PAS AC GALV 3/8"" X 2""",8.0,0.0
2076,LB-603 (55-5),1008251,"TORNILLO MAQUINA AC GALV 1/2"" X 12""",2.0,0.0
2077,LB-603 (55-5),1006601,"FLEJE GALV 1-1/4"" X 1/4"" X 28'ORIF 9/16""",8.0,0.0
2078,LB-603 (55-5),1006508,"CRUCETA ACERO GALV 8'-0""3"" X 3""",4.0,0.0
2079,LB-603 (55-5),1006265,"ARANDELA PRESION ACERO GALV P/TORN 3/8""",8.0,0.0
2080,LB-603 (55-5),1006262,"ARANDELA PRESION ACERO GALV P/TORN 1/2""",2.0,0.0
2081,LB-603 (55-5),1006841,"PERNO ROSCA CORRIDA AC GALV 5/8""X14'",0.0,0.0
2082,LB-603 (55-5),1005947,ALAMBRE LIGADURAALUMINIO,6.0,0.0
2083,LB-603 (55-5),1006696,GRAPA CONEXION DOBLE S/TOR,0.0,0.0
2084,LB-603 (55-5),1007094,"TUERCA CAB HEX AC GALV P/TORNILLO 5/8""",0.0,0.0
2085,LB-603 (55-5),1006264,"ARANDELA PRESION ACERO GALV P/TORN 5/8""",20.0,0.0
2086,LB-603 (55-5),1006579,"ESPIGA ACERO GAL VASTAGO 3/4"" X 7 3/4""",12.0,0.0
2087,LB-603 (55-5),1006238,AISLADOR PORC.TIPO ESPIGA ANSI 55-5,12.0,0.0
2088,LB-606 (55-5),1006250,"ARAN PLAN CUA AC GALV 21/4""X21/4"" D 5/8""",12.0,0.0
2089,LB-606 (55-5),1007225,"ABRAZADERA PERNO P/TORNILLO 5/8""",6.0,0.0
2090,LB-606 (55-5),1006264,"ARANDELA PRESION ACERO GALV P/TORN 5/8""",24.0,0.0
2091,LB-606 (55-5),1007094,"TUERCA CAB HEX AC GALV P/TORNILLO 5/8""",0.0,0.0
2092,LB-606 (55-5),1006696,GRAPA CONEXION DOBLE S/TOR,0.0,0.0
2093,LB-606 (55-5),1006234,AISLADOR PORC.TIPO SUSPENSION ANSI 52-1,12.0,0.0
2094,LB-606 (55-5),1007099,"TUERCA D/OJO AC GALV P/TORNILLO 5/8""",12.0,0.0
2095,LB-606 (55-5),1006710,GRAPA SUSPENSION AL P/COND 4/0-266 AWG,6.0,0.0
2096,LB-606 (55-5),1006840,"PERNO ROSCA CORRIDA AC GALV 5/8"" X12""",6.0,0.0
2097,LB-606 (55-5),1006841,"PERNO ROSCA CORRIDA AC GALV 5/8""X14'",6.0,0.0
2098,LB-606 (55-5),1007057,"TORNILLO HEX PAS AC GALV 5/8"" X 12""",0.0,0.0
2099,LB-607 (55-5),1007094,"TUERCA CAB HEX AC GALV P/TORNILLO 5/8""",0.0,0.0
2100,LB-607 (55-5),1006696,GRAPA CONEXION DOBLE S/TOR,0.0,0.0
2101,LB-607 (55-5),1006264,"ARANDELA PRESION ACERO GALV P/TORN 5/8""",48.0,0.0
2102,LB-607 (55-5),1006250,"ARAN PLAN CUA AC GALV 21/4""X21/4"" D 5/8""",24.0,0.0
2103,LB-607 (55-5),1007225,"ABRAZADERA PERNO P/TORNILLO 5/8""",12.0,0.0
2104,LB-607 (55-5),1006234,AISLADOR PORC.TIPO SUSPENSION ANSI 52-1,24.0,0.0
2105,LB-607 (55-5),1007099,"TUERCA D/OJO AC GALV P/TORNILLO 5/8""",24.0,0.0
2106,LB-607 (55-5),1006694,GRAPA RETENCION 2/0 AWG A 4/0 AWG,12.0,0.0
2107,LB-607 (55-5),1006841,"PERNO ROSCA CORRIDA AC GALV 5/8""X14'",12.0,0.0
2108,LB-607 (55-5),1006840,"PERNO ROSCA CORRIDA AC GALV 5/8"" X12""",12.0,0.0
2109,LB-608 (55-5),1006238,AISLADOR PORC.TIPO ESPIGA ANSI 55-5,6.0,0.0
2110,LB-608 (55-5),1006579,"ESPIGA ACERO GAL VASTAGO 3/4"" X 7 3/4""",6.0,0.0
2111,LB-608 (55-5),1006264,"ARANDELA PRESION ACERO GALV P/TORN 5/8""",3.0,0.0
2112,LB-608 (55-5),1007094,"TUERCA CAB HEX AC GALV P/TORNILLO 5/8""",0.0,0.0
2113,LB-608 (55-5),1006696,GRAPA CONEXION DOBLE S/TOR,0.0,0.0
2114,LB-608 (55-5),1006605,"FLEJE VERTICAL11/2""X11/2""X3/16""X35-1/2""",1.0,0.0
2115,LB-608 (55-5),1006595,"FLEJE AC GALV 1-3/4""X1-3/4""X3/16""X84""",1.0,0.0
2116,LB-608 (55-5),1006262,"ARANDELA PRESION ACERO GALV P/TORN 1/2""",3.0,0.0
2117,LB-608 (55-5),1006250,"ARAN PLAN CUA AC GALV 21/4""X21/4"" D 5/8""",3.0,0.0
2118,LB-608 (55-5),1006508,"CRUCETA ACERO GALV 8'-0""3"" X 3""",2.0,0.0
2119,LB-608 (55-5),1007200,"TORNILLO MAQUINA 1/2"" X 2""",3.0,0.0
2120,LB-608 (55-5),1007057,"TORNILLO HEX PAS AC GALV 5/8"" X 12""",3.0,0.0
2121,LB-608 (55-5),1005947,ALAMBRE LIGADURAALUMINIO,6.0,0.0
2122,LB-610 (55-5),1006696,GRAPA CONEXION DOBLE S/TOR,0.0,0.0
2123,LB-610 (55-5),1007094,"TUERCA CAB HEX AC GALV P/TORNILLO 5/8""",0.0,0.0
2124,LB-610 (55-5),1006238,AISLADOR PORC.TIPO ESPIGA ANSI 55-5,12.0,0.0
2125,LB-610 (55-5),1006579,"ESPIGA ACERO GAL VASTAGO 3/4"" X 7 3/4""",12.0,0.0
2126,LB-610 (55-5),1006250,"ARAN PLAN CUA AC GALV 21/4""X21/4"" D 5/8""",1.0,0.0
2127,LB-610 (55-5),1006264,"ARANDELA PRESION ACERO GALV P/TORN 5/8""",21.0,0.0
2128,LB-610 (55-5),1007057,"TORNILLO HEX PAS AC GALV 5/8"" X 12""",1.0,0.0
2129,LB-610 (55-5),1006262,"ARANDELA PRESION ACERO GALV P/TORN 1/2""",8.0,0.0
2130,LB-610 (55-5),1006508,"CRUCETA ACERO GALV 8'-0""3"" X 3""",4.0,0.0
2131,LB-610 (55-5),1006605,"FLEJE VERTICAL11/2""X11/2""X3/16""X35-1/2""",2.0,0.0
2132,LB-610 (55-5),1006595,"FLEJE AC GALV 1-3/4""X1-3/4""X3/16""X84""",1.0,0.0
2133,LB-610 (55-5),1007026,"TORNILLO CABEZA HEXAGONAL 1/2"" X 2""",4.0,0.0
2134,LB-610 (55-5),1006840,"PERNO ROSCA CORRIDA AC GALV 5/8"" X12""",6.0,0.0
2135,LB-610 (55-5),1007282,"TORNILLO ESP ROSCA CORRIDA 1/2"" X12""",1.0,0.0
2136,LB-610 (55-5),1005947,ALAMBRE LIGADURAALUMINIO,12.0,0.0
2137,LB-611 (2/0-4/0) (55-5),1006696,GRAPA CONEXION DOBLE S/TOR,0.0,0.0
2138,LB-611 (2/0-4/0) (55-5),1006694,GRAPA RETENCION 2/0 AWG A 4/0 AWG,12.0,0.0
2139,LB-611 (2/0-4/0) (55-5),1006264,"ARANDELA PRESION ACERO GALV P/TORN 5/8""",42.0,0.0
2140,LB-611 (2/0-4/0) (55-5),1007094,"TUERCA CAB HEX AC GALV P/TORNILLO 5/8""",0.0,0.0
2141,LB-611 (2/0-4/0) (55-5),1006262,"ARANDELA PRESION ACERO GALV P/TORN 1/2""",4.0,0.0
2142,LB-611 (2/0-4/0) (55-5),1007052,"TORNILLO HEX PAS AC GALV 3/8"" X 2""",16.0,0.0
2143,LB-611 (2/0-4/0) (55-5),1006841,"PERNO ROSCA CORRIDA AC GALV 5/8""X14'",13.0,0.0
2144,LB-611 (2/0-4/0) (55-5),1008251,"TORNILLO MAQUINA AC GALV 1/2"" X 12""",4.0,0.0
2145,LB-611 (2/0-4/0) (55-5),1006508,"CRUCETA ACERO GALV 8'-0""3"" X 3""",8.0,0.0
2146,LB-611 (2/0-4/0) (55-5),1006601,"FLEJE GALV 1-1/4"" X 1/4"" X 28'ORIF 9/16""",16.0,0.0
2147,LB-611 (2/0-4/0) (55-5),1006265,"ARANDELA PRESION ACERO GALV P/TORN 3/8""",16.0,0.0
2148,LB-611 (2/0-4/0) (55-5),1006579,"ESPIGA ACERO GAL VASTAGO 3/4"" X 7 3/4""",4.0,0.0
2149,LB-611 (2/0-4/0) (55-5),1006238,AISLADOR PORC.TIPO ESPIGA ANSI 55-5,4.0,0.0
2150,LB-611 (2/0-4/0) (55-5),1006234,AISLADOR PORC.TIPO SUSPENSION ANSI 52-1,24.0,0.0
2151,LB-611 (2/0-4/0) (55-5),1005947,ALAMBRE LIGADURAALUMINIO,4.0,0.0
2152,LB-611 (2/0-4/0) (55-5),1007099,"TUERCA D/OJO AC GALV P/TORNILLO 5/8""",13.0,0.0
2153,LB-611 (2/0-4/0) (55-5),1007225,"ABRAZADERA PERNO P/TORNILLO 5/8""",1.0,0.0
2154,LB-611 (336-477) (55-5),1006696,GRAPA CONEXION DOBLE S/TOR,0.0,0.0
2155,LB-611 (336-477) (55-5),1006695,GRAPA RETENCION 336 MCM A 477 MCM,12.0,0.0
2156,LB-611 (336-477) (55-5),1006264,"ARANDELA PRESION ACERO GALV P/TORN 5/8""",42.0,0.0
2157,LB-611 (336-477) (55-5),1007094,"TUERCA CAB HEX AC GALV P/TORNILLO 5/8""",0.0,0.0
2158,LB-611 (336-477) (55-5),1006262,"ARANDELA PRESION ACERO GALV P/TORN 1/2""",4.0,0.0
2159,LB-611 (336-477) (55-5),1007052,"TORNILLO HEX PAS AC GALV 3/8"" X 2""",16.0,0.0
2160,LB-611 (336-477) (55-5),1006841,"PERNO ROSCA CORRIDA AC GALV 5/8""X14'",13.0,0.0
2161,LB-611 (336-477) (55-5),1008251,"TORNILLO MAQUINA AC GALV 1/2"" X 12""",4.0,0.0
2162,LB-611 (336-477) (55-5),1006508,"CRUCETA ACERO GALV 8'-0""3"" X 3""",8.0,0.0
2163,LB-611 (336-477) (55-5),1006601,"FLEJE GALV 1-1/4"" X 1/4"" X 28'ORIF 9/16""",16.0,0.0
2164,LB-611 (336-477) (55-5),1006265,"ARANDELA PRESION ACERO GALV P/TORN 3/8""",16.0,0.0
2165,LB-611 (336-477) (55-5),1006579,"ESPIGA ACERO GAL VASTAGO 3/4"" X 7 3/4""",4.0,0.0
2166,LB-611 (336-477) (55-5),1006238,AISLADOR PORC.TIPO ESPIGA ANSI 55-5,4.0,0.0
2167,LB-611 (336-477) (55-5),1006234,AISLADOR PORC.TIPO SUSPENSION ANSI 52-1,24.0,0.0
2168,LB-611 (336-477) (55-5),1005947,ALAMBRE LIGADURAALUMINIO,4.0,0.0
2169,LB-611 (336-477) (55-5),1007099,"TUERCA D/OJO AC GALV P/TORNILLO 5/8""",13.0,0.0
2170,LB-611 (336-477) (55-5),1007225,"ABRAZADERA PERNO P/TORNILLO 5/8""",1.0,0.0
2171,MT-301 (57-1),1008251,"TORNILLO MAQUINA AC GALV 1/2"" X 12""",1.0,0.0
2172,MT-301 (57-1),1006601,"FLEJE GALV 1-1/4"" X 1/4"" X 28'ORIF 9/16""",2.0,0.0
2173,MT-301 (57-1),1006838,PERNO CORTO GALVANIZADO ANSI 57-1/3,3.0,0.0
2174,MT-301 (57-1),1006940,SOPORTE DE ACERO PARA AISLADOR RIGIDO EN CABEZA DE POSTE,1.0,0.0
2175,MT-301 (57-1),1006506,"CRUCETA ACERO GALV 5'-7"" 3"" X 3""",1.0,0.0
2176,MT-301 (57-1),1005947,ALAMBRE LIGADURAALUMINIO,3.0,0.0
2177,MT-301 (57-1),1006696,GRAPA CONEXION DOBLE S/TOR,0.0,0.0
2178,MT-301 (57-1),1006265,"ARANDELA PRESION ACERO GALV P/TORN 3/8""",2.0,0.0
2179,MT-301 (57-1),1006262,"ARANDELA PRESION ACERO GALV P/TORN 1/2""",1.0,0.0
2180,MT-301 (57-1),1006264,"ARANDELA PRESION ACERO GALV P/TORN 5/8""",3.0,0.0
2181,MT-301 (57-1),1006250,"ARAN PLAN CUA AC GALV 21/4""X21/4"" D 5/8""",3.0,0.0
2182,MT-301 (57-1),1006241,AISLADOR PORC.TIPO LINE POST ANSI 57-1,3.0,0.0
2183,MT-301 (57-1),1007279,"ARANDELA CUADRADA 2""X2"" P/TORNILLO 1/2""",1.0,0.0
2184,MT-301 (57-1),1007057,"TORNILLO HEX PAS AC GALV 5/8"" X 12""",3.0,0.0
2185,MT-301 (57-1),1007052,"TORNILLO HEX PAS AC GALV 3/8"" X 2""",2.0,0.0
2186,MT-301 (57-1),1007094,"TUERCA CAB HEX AC GALV P/TORNILLO 5/8""",0.0,0.0
2187,MT-301 (57-1) CON EA-MT,1008251,"TORNILLO MAQUINA AC GALV 1/2"" X 12""",1.0,0.0
2188,MT-301 (57-1) CON EA-MT,1006601,"FLEJE GALV 1-1/4"" X 1/4"" X 28'ORIF 9/16""",2.0,0.0
2189,MT-301 (57-1) CON EA-MT,1006838,PERNO CORTO GALVANIZADO ANSI 57-1/3,4.0,0.0
2190,MT-301 (57-1) CON EA-MT,1006940,SOPORTE DE ACERO PARA AISLADOR RIGIDO EN CABEZA DE POSTE,0.0,0.0
2191,MT-301 (57-1) CON EA-MT,1006508,"CRUCETA ACERO GALV 8'-0""3"" X 3""",1.0,0.0
2192,MT-301 (57-1) CON EA-MT,1005947,ALAMBRE LIGADURAALUMINIO,3.0,0.0
2193,MT-301 (57-1) CON EA-MT,1006696,GRAPA CONEXION DOBLE S/TOR,0.0,0.0
2194,MT-301 (57-1) CON EA-MT,1006265,"ARANDELA PRESION ACERO GALV P/TORN 3/8""",2.0,0.0
2195,MT-301 (57-1) CON EA-MT,1006262,"ARANDELA PRESION ACERO GALV P/TORN 1/2""",1.0,0.0
2196,MT-301 (57-1) CON EA-MT,1006264,"ARANDELA PRESION ACERO GALV P/TORN 5/8""",1.0,0.0
2197,MT-301 (57-1) CON EA-MT,1006250,"ARAN PLAN CUA AC GALV 21/4""X21/4"" D 5/8""",1.0,0.0
2198,MT-301 (57-1) CON EA-MT,1006241,AISLADOR PORC.TIPO LINE POST ANSI 57-1,4.0,0.0
2199,MT-301 (57-1) CON EA-MT,1007279,"ARANDELA CUADRADA 2""X2"" P/TORNILLO 1/2""",1.0,0.0
2200,MT-301 (57-1) CON EA-MT,1007057,"TORNILLO HEX PAS AC GALV 5/8"" X 12""",1.0,0.0
2201,MT-301 (57-1) CON EA-MT,1007052,"TORNILLO HEX PAS AC GALV 3/8"" X 2""",2.0,0.0
2202,MT-301 (57-1) CON EA-MT,1007094,"TUERCA CAB HEX AC GALV P/TORNILLO 5/8""",0.0,0.0
2203,MT-302 (57-1),1005947,ALAMBRE LIGADURAALUMINIO,6.0,0.0
2204,MT-302 (57-1),1007052,"TORNILLO HEX PAS AC GALV 3/8"" X 2""",4.0,0.0
2205,MT-302 (57-1),1008251,"TORNILLO MAQUINA AC GALV 1/2"" X 12""",1.0,0.0
2206,MT-302 (57-1),1006840,"PERNO ROSCA CORRIDA AC GALV 5/8"" X12""",3.0,0.0
2207,MT-302 (57-1),1006601,"FLEJE GALV 1-1/4"" X 1/4"" X 28'ORIF 9/16""",4.0,0.0
2208,MT-302 (57-1),1006838,PERNO CORTO GALVANIZADO ANSI 57-1/3,6.0,0.0
2209,MT-302 (57-1),1006508,"CRUCETA ACERO GALV 8'-0""3"" X 3""",2.0,0.0
2210,MT-302 (57-1),1007094,"TUERCA CAB HEX AC GALV P/TORNILLO 5/8""",0.0,0.0
2211,MT-302 (57-1),1006696,GRAPA CONEXION DOBLE S/TOR,0.0,0.0
2212,MT-302 (57-1),1006265,"ARANDELA PRESION ACERO GALV P/TORN 3/8""",4.0,0.0
2213,MT-302 (57-1),1006262,"ARANDELA PRESION ACERO GALV P/TORN 1/2""",1.0,0.0
2214,MT-302 (57-1),1006264,"ARANDELA PRESION ACERO GALV P/TORN 5/8""",10.0,0.0
2215,MT-302 (57-1),1006241,AISLADOR PORC.TIPO LINE POST ANSI 57-1,6.0,0.0
2216,MT-305 (2/0-4/0) (57-1),1006601,"FLEJE GALV 1-1/4"" X 1/4"" X 28'ORIF 9/16""",8.0,0.0
2217,MT-305 (2/0-4/0) (57-1),1006840,"PERNO ROSCA CORRIDA AC GALV 5/8"" X12""",6.0,0.0
2218,MT-305 (2/0-4/0) (57-1),1008251,"TORNILLO MAQUINA AC GALV 1/2"" X 12""",2.0,0.0
2219,MT-305 (2/0-4/0) (57-1),1007052,"TORNILLO HEX PAS AC GALV 3/8"" X 2""",8.0,0.0
2220,MT-305 (2/0-4/0) (57-1),1006696,GRAPA CONEXION DOBLE S/TOR,0.0,0.0
2221,MT-305 (2/0-4/0) (57-1),1007099,"TUERCA D/OJO AC GALV P/TORNILLO 5/8""",7.0,0.0
2222,MT-305 (2/0-4/0) (57-1),1006694,GRAPA RETENCION 2/0 AWG A 4/0 AWG,6.0,0.0
2223,MT-305 (2/0-4/0) (57-1),1005947,ALAMBRE LIGADURAALUMINIO,2.0,0.0
2224,MT-305 (2/0-4/0) (57-1),1006841,"PERNO ROSCA CORRIDA AC GALV 5/8""X14'",1.0,0.0
2225,MT-305 (2/0-4/0) (57-1),1007225,"ABRAZADERA PERNO P/TORNILLO 5/8""",1.0,0.0
2226,MT-305 (2/0-4/0) (57-1),1006241,AISLADOR PORC.TIPO LINE POST ANSI 57-1,2.0,0.0
2227,MT-305 (2/0-4/0) (57-1),1006230,AISLADOR COMPOSITE T/SUSPENSION 13.2KV,6.0,0.0
2228,MT-305 (2/0-4/0) (57-1),1006264,"ARANDELA PRESION ACERO GALV P/TORN 5/8""",22.0,0.0
2229,MT-305 (2/0-4/0) (57-1),1006262,"ARANDELA PRESION ACERO GALV P/TORN 1/2""",2.0,0.0
2230,MT-305 (2/0-4/0) (57-1),1006265,"ARANDELA PRESION ACERO GALV P/TORN 3/8""",8.0,0.0
2231,MT-305 (2/0-4/0) (57-1),1007094,"TUERCA CAB HEX AC GALV P/TORNILLO 5/8""",0.0,0.0
2232,MT-305 (2/0-4/0) (57-1),1006506,"CRUCETA ACERO GALV 5'-7"" 3"" X 3""",4.0,0.0
2233,MT-305 (2/0-4/0) (57-1),1006838,PERNO CORTO GALVANIZADO ANSI 57-1/3,2.0,0.0
2234,MT-305 (2/0-4/0) C8 (57-1),1006601,"FLEJE GALV 1-1/4"" X 1/4"" X 28'ORIF 9/16""",8.0,0.0
2235,MT-305 (2/0-4/0) C8 (57-1),1006840,"PERNO ROSCA CORRIDA AC GALV 5/8"" X12""",6.0,0.0
2236,MT-305 (2/0-4/0) C8 (57-1),1008251,"TORNILLO MAQUINA AC GALV 1/2"" X 12""",2.0,0.0
2237,MT-305 (2/0-4/0) C8 (57-1),1007052,"TORNILLO HEX PAS AC GALV 3/8"" X 2""",8.0,0.0
2238,MT-305 (2/0-4/0) C8 (57-1),1006696,GRAPA CONEXION DOBLE S/TOR,0.0,0.0
2239,MT-305 (2/0-4/0) C8 (57-1),1007099,"TUERCA D/OJO AC GALV P/TORNILLO 5/8""",7.0,0.0
2240,MT-305 (2/0-4/0) C8 (57-1),1006694,GRAPA RETENCION 2/0 AWG A 4/0 AWG,6.0,0.0
2241,MT-305 (2/0-4/0) C8 (57-1),1005947,ALAMBRE LIGADURAALUMINIO,2.0,0.0
2242,MT-305 (2/0-4/0) C8 (57-1),1006841,"PERNO ROSCA CORRIDA AC GALV 5/8""X14'",1.0,0.0
2243,MT-305 (2/0-4/0) C8 (57-1),1007225,"ABRAZADERA PERNO P/TORNILLO 5/8""",1.0,0.0
2244,MT-305 (2/0-4/0) C8 (57-1),1006241,AISLADOR PORC.TIPO LINE POST ANSI 57-1,2.0,0.0
2245,MT-305 (2/0-4/0) C8 (57-1),1006230,AISLADOR COMPOSITE T/SUSPENSION 13.2KV,6.0,0.0
2246,MT-305 (2/0-4/0) C8 (57-1),1006264,"ARANDELA PRESION ACERO GALV P/TORN 5/8""",22.0,0.0
2247,MT-305 (2/0-4/0) C8 (57-1),1006262,"ARANDELA PRESION ACERO GALV P/TORN 1/2""",2.0,0.0
2248,MT-305 (2/0-4/0) C8 (57-1),1006265,"ARANDELA PRESION ACERO GALV P/TORN 3/8""",8.0,0.0
2249,MT-305 (2/0-4/0) C8 (57-1),1007094,"TUERCA CAB HEX AC GALV P/TORNILLO 5/8""",0.0,0.0
2250,MT-305 (2/0-4/0) C8 (57-1),1006508,"CRUCETA ACERO GALV 8'-0""3"" X 3""",4.0,0.0
2251,MT-305 (2/0-4/0) C8 (57-1),1006838,PERNO CORTO GALVANIZADO ANSI 57-1/3,2.0,0.0
2252,MT-305 (336-477) (57-1),1006601,"FLEJE GALV 1-1/4"" X 1/4"" X 28'ORIF 9/16""",8.0,0.0
2253,MT-305 (336-477) (57-1),1006840,"PERNO ROSCA CORRIDA AC GALV 5/8"" X12""",6.0,0.0
2254,MT-305 (336-477) (57-1),1008251,"TORNILLO MAQUINA AC GALV 1/2"" X 12""",2.0,0.0
2255,MT-305 (336-477) (57-1),1007052,"TORNILLO HEX PAS AC GALV 3/8"" X 2""",8.0,0.0
2256,MT-305 (336-477) (57-1),1006696,GRAPA CONEXION DOBLE S/TOR,0.0,0.0
2257,MT-305 (336-477) (57-1),1007099,"TUERCA D/OJO AC GALV P/TORNILLO 5/8""",7.0,0.0
2258,MT-305 (336-477) (57-1),1006695,GRAPA RETENCION 336 MCM A 477 MCM,6.0,0.0
2259,MT-305 (336-477) (57-1),1005947,ALAMBRE LIGADURAALUMINIO,2.0,0.0
2260,MT-305 (336-477) (57-1),1006841,"PERNO ROSCA CORRIDA AC GALV 5/8""X14'",1.0,0.0
2261,MT-305 (336-477) (57-1),1007225,"ABRAZADERA PERNO P/TORNILLO 5/8""",1.0,0.0
2262,MT-305 (336-477) (57-1),1006241,AISLADOR PORC.TIPO LINE POST ANSI 57-1,2.0,0.0
2263,MT-305 (336-477) (57-1),1006230,AISLADOR COMPOSITE T/SUSPENSION 13.2KV,6.0,0.0
2264,MT-305 (336-477) (57-1),1006264,"ARANDELA PRESION ACERO GALV P/TORN 5/8""",22.0,0.0
2265,MT-305 (336-477) (57-1),1006262,"ARANDELA PRESION ACERO GALV P/TORN 1/2""",2.0,0.0
2266,MT-305 (336-477) (57-1),1006265,"ARANDELA PRESION ACERO GALV P/TORN 3/8""",8.0,0.0
2267,MT-305 (336-477) (57-1),1007094,"TUERCA CAB HEX AC GALV P/TORNILLO 5/8""",0.0,0.0
2268,MT-305 (336-477) (57-1),1006506,"CRUCETA ACERO GALV 5'-7"" 3"" X 3""",4.0,0.0
2269,MT-305 (336-477) (57-1),1006838,PERNO CORTO GALVANIZADO ANSI 57-1/3,2.0,0.0
2270,MT-305 (336-477) C8 (57-1),1006601,"FLEJE GALV 1-1/4"" X 1/4"" X 28'ORIF 9/16""",8.0,0.0
2271,MT-305 (336-477) C8 (57-1),1006840,"PERNO ROSCA CORRIDA AC GALV 5/8"" X12""",6.0,0.0
2272,MT-305 (336-477) C8 (57-1),1008251,"TORNILLO MAQUINA AC GALV 1/2"" X 12""",2.0,0.0
2273,MT-305 (336-477) C8 (57-1),1007052,"TORNILLO HEX PAS AC GALV 3/8"" X 2""",8.0,0.0
2274,MT-305 (336-477) C8 (57-1),1006696,GRAPA CONEXION DOBLE S/TOR,0.0,0.0
2275,MT-305 (336-477) C8 (57-1),1007099,"TUERCA D/OJO AC GALV P/TORNILLO 5/8""",7.0,0.0
2276,MT-305 (336-477) C8 (57-1),1006695,GRAPA RETENCION 336 MCM A 477 MCM,6.0,0.0
2277,MT-305 (336-477) C8 (57-1),1005947,ALAMBRE LIGADURAALUMINIO,2.0,0.0
2278,MT-305 (336-477) C8 (57-1),1006841,"PERNO ROSCA CORRIDA AC GALV 5/8""X14'",1.0,0.0
2279,MT-305 (336-477) C8 (57-1),1007225,"ABRAZADERA PERNO P/TORNILLO 5/8""",1.0,0.0
2280,MT-305 (336-477) C8 (57-1),1006241,AISLADOR PORC.TIPO LINE POST ANSI 57-1,2.0,0.0
2281,MT-305 (336-477) C8 (57-1),1006230,AISLADOR COMPOSITE T/SUSPENSION 13.2KV,6.0,0.0
2282,MT-305 (336-477) C8 (57-1),1006264,"ARANDELA PRESION ACERO GALV P/TORN 5/8""",22.0,0.0
2283,MT-305 (336-477) C8 (57-1),1006262,"ARANDELA PRESION ACERO GALV P/TORN 1/2""",2.0,0.0
2284,MT-305 (336-477) C8 (57-1),1006265,"ARANDELA PRESION ACERO GALV P/TORN 3/8""",8.0,0.0
2285,MT-305 (336-477) C8 (57-1),1007094,"TUERCA CAB HEX AC GALV P/TORNILLO 5/8""",0.0,0.0
2286,MT-305 (336-477) C8 (57-1),1006508,"CRUCETA ACERO GALV 8'-0""3"" X 3""",4.0,0.0
2287,MT-305 (336-477) C8 (57-1),1006838,PERNO CORTO GALVANIZADO ANSI 57-1/3,2.0,0.0
2288,MT-307 (2/0-4/0) C6 (57-1),1006841,"PERNO ROSCA CORRIDA AC GALV 5/8""X14'",0.0,0.0
2289,MT-307 (2/0-4/0) C6 (57-1),1006694,GRAPA RETENCION 2/0 AWG A 4/0 AWG,3.0,0.0
2290,MT-307 (2/0-4/0) C6 (57-1),1007099,"TUERCA D/OJO AC GALV P/TORNILLO 5/8""",4.0,0.0
2291,MT-307 (2/0-4/0) C6 (57-1),1006696,GRAPA CONEXION DOBLE S/TOR,0.0,0.0
2292,MT-307 (2/0-4/0) C6 (57-1),1007052,"TORNILLO HEX PAS AC GALV 3/8"" X 2""",4.0,0.0
2293,MT-307 (2/0-4/0) C6 (57-1),1008251,"TORNILLO MAQUINA AC GALV 1/2"" X 12""",1.0,0.0
2294,MT-307 (2/0-4/0) C6 (57-1),1006840,"PERNO ROSCA CORRIDA AC GALV 5/8"" X12""",3.0,0.0
2295,MT-307 (2/0-4/0) C6 (57-1),1006601,"FLEJE GALV 1-1/4"" X 1/4"" X 28'ORIF 9/16""",4.0,0.0
2296,MT-307 (2/0-4/0) C6 (57-1),1007225,"ABRAZADERA PERNO P/TORNILLO 5/8""",1.0,0.0
2297,MT-307 (2/0-4/0) C6 (57-1),1006230,AISLADOR COMPOSITE T/SUSPENSION 13.2KV,3.0,0.0
2298,MT-307 (2/0-4/0) C6 (57-1),1006264,"ARANDELA PRESION ACERO GALV P/TORN 5/8""",12.0,0.0
2299,MT-307 (2/0-4/0) C6 (57-1),1006262,"ARANDELA PRESION ACERO GALV P/TORN 1/2""",1.0,0.0
2300,MT-307 (2/0-4/0) C6 (57-1),1006265,"ARANDELA PRESION ACERO GALV P/TORN 3/8""",4.0,0.0
2301,MT-307 (2/0-4/0) C6 (57-1),1007094,"TUERCA CAB HEX AC GALV P/TORNILLO 5/8""",0.0,0.0
2302,MT-307 (2/0-4/0) C6 (57-1),1006506,"CRUCETA ACERO GALV 5'-7"" 3"" X 3""",2.0,0.0
2303,MT-307 (2/0-4/0) C8 (57-1),1006841,"PERNO ROSCA CORRIDA AC GALV 5/8""X14'",0.0,0.0
2304,MT-307 (2/0-4/0) C8 (57-1),1006694,GRAPA RETENCION 2/0 AWG A 4/0 AWG,3.0,0.0
2305,MT-307 (2/0-4/0) C8 (57-1),1007099,"TUERCA D/OJO AC GALV P/TORNILLO 5/8""",4.0,0.0
2306,MT-307 (2/0-4/0) C8 (57-1),1006696,GRAPA CONEXION DOBLE S/TOR,0.0,0.0
2307,MT-307 (2/0-4/0) C8 (57-1),1007052,"TORNILLO HEX PAS AC GALV 3/8"" X 2""",4.0,0.0
2308,MT-307 (2/0-4/0) C8 (57-1),1008251,"TORNILLO MAQUINA AC GALV 1/2"" X 12""",1.0,0.0
2309,MT-307 (2/0-4/0) C8 (57-1),1006840,"PERNO ROSCA CORRIDA AC GALV 5/8"" X12""",3.0,0.0
2310,MT-307 (2/0-4/0) C8 (57-1),1006601,"FLEJE GALV 1-1/4"" X 1/4"" X 28'ORIF 9/16""",4.0,0.0
2311,MT-307 (2/0-4/0) C8 (57-1),1007225,"ABRAZADERA PERNO P/TORNILLO 5/8""",1.0,0.0
2312,MT-307 (2/0-4/0) C8 (57-1),1006230,AISLADOR COMPOSITE T/SUSPENSION 13.2KV,3.0,0.0
2313,MT-307 (2/0-4/0) C8 (57-1),1006264,"ARANDELA PRESION ACERO GALV P/TORN 5/8""",12.0,0.0
2314,MT-307 (2/0-4/0) C8 (57-1),1006262,"ARANDELA PRESION ACERO GALV P/TORN 1/2""",1.0,0.0
2315,MT-307 (2/0-4/0) C8 (57-1),1006265,"ARANDELA PRESION ACERO GALV P/TORN 3/8""",4.0,0.0
2316,MT-307 (2/0-4/0) C8 (57-1),1007094,"TUERCA CAB HEX AC GALV P/TORNILLO 5/8""",0.0,0.0
2317,MT-307 (2/0-4/0) C8 (57-1),1006508,"CRUCETA ACERO GALV 8'-0""3"" X 3""",2.0,0.0
2318,MT-307 (336-447) C6 (57-1),1006841,"PERNO ROSCA CORRIDA AC GALV 5/8""X14'",0.0,0.0
2319,MT-307 (336-447) C6 (57-1),1006695,GRAPA RETENCION 336 MCM A 477 MCM,3.0,0.0
2320,MT-307 (336-447) C6 (57-1),1007099,"TUERCA D/OJO AC GALV P/TORNILLO 5/8""",4.0,0.0
2321,MT-307 (336-447) C6 (57-1),1006696,GRAPA CONEXION DOBLE S/TOR,0.0,0.0
2322,MT-307 (336-447) C6 (57-1),1007052,"TORNILLO HEX PAS AC GALV 3/8"" X 2""",4.0,0.0
2323,MT-307 (336-447) C6 (57-1),1008251,"TORNILLO MAQUINA AC GALV 1/2"" X 12""",1.0,0.0
2324,MT-307 (336-447) C6 (57-1),1006840,"PERNO ROSCA CORRIDA AC GALV 5/8"" X12""",3.0,0.0
2325,MT-307 (336-447) C6 (57-1),1006601,"FLEJE GALV 1-1/4"" X 1/4"" X 28'ORIF 9/16""",4.0,0.0
2326,MT-307 (336-447) C6 (57-1),1007225,"ABRAZADERA PERNO P/TORNILLO 5/8""",1.0,0.0
2327,MT-307 (336-447) C6 (57-1),1006230,AISLADOR COMPOSITE T/SUSPENSION 13.2KV,3.0,0.0
2328,MT-307 (336-447) C6 (57-1),1006264,"ARANDELA PRESION ACERO GALV P/TORN 5/8""",12.0,0.0
2329,MT-307 (336-447) C6 (57-1),1006262,"ARANDELA PRESION ACERO GALV P/TORN 1/2""",1.0,0.0
2330,MT-307 (336-447) C6 (57-1),1006265,"ARANDELA PRESION ACERO GALV P/TORN 3/8""",4.0,0.0
2331,MT-307 (336-447) C6 (57-1),1007094,"TUERCA CAB HEX AC GALV P/TORNILLO 5/8""",0.0,0.0
2332,MT-307 (336-447) C6 (57-1),1006506,"CRUCETA ACERO GALV 5'-7"" 3"" X 3""",2.0,0.0
2333,MT-307 (336-447) C8 (57-1),1006841,"PERNO ROSCA CORRIDA AC GALV 5/8""X14'",0.0,0.0
2334,MT-307 (336-447) C8 (57-1),1006695,GRAPA RETENCION 336 MCM A 477 MCM,3.0,0.0
2335,MT-307 (336-447) C8 (57-1),1007099,"TUERCA D/OJO AC GALV P/TORNILLO 5/8""",4.0,0.0
2336,MT-307 (336-447) C8 (57-1),1006696,GRAPA CONEXION DOBLE S/TOR,0.0,0.0
2337,MT-307 (336-447) C8 (57-1),1007052,"TORNILLO HEX PAS AC GALV 3/8"" X 2""",4.0,0.0
2338,MT-307 (336-447) C8 (57-1),1008251,"TORNILLO MAQUINA AC GALV 1/2"" X 12""",1.0,0.0
2339,MT-307 (336-447) C8 (57-1),1006840,"PERNO ROSCA CORRIDA AC GALV 5/8"" X12""",3.0,0.0
2340,MT-307 (336-447) C8 (57-1),1006601,"FLEJE GALV 1-1/4"" X 1/4"" X 28'ORIF 9/16""",4.0,0.0
2341,MT-307 (336-447) C8 (57-1),1007225,"ABRAZADERA PERNO P/TORNILLO 5/8""",1.0,0.0
2342,MT-307 (336-447) C8 (57-1),1006230,AISLADOR COMPOSITE T/SUSPENSION 13.2KV,3.0,0.0
2343,MT-307 (336-447) C8 (57-1),1006264,"ARANDELA PRESION ACERO GALV P/TORN 5/8""",12.0,0.0
2344,MT-307 (336-447) C8 (57-1),1006262,"ARANDELA PRESION ACERO GALV P/TORN 1/2""",1.0,0.0
2345,MT-307 (336-447) C8 (57-1),1006265,"ARANDELA PRESION ACERO GALV P/TORN 3/8""",4.0,0.0
2346,MT-307 (336-447) C8 (57-1),1007094,"TUERCA CAB HEX AC GALV P/TORNILLO 5/8""",0.0,0.0
2347,MT-307 (336-447) C8 (57-1),1006508,"CRUCETA ACERO GALV 8'-0""3"" X 3""",2.0,0.0
2348,MT-316 (2/0-4/0) C6 (57-1),1006940,SOPORTE DE ACERO PARA AISLADOR RIGIDO EN CABEZA DE POSTE,1.0,0.0
2349,MT-316 (2/0-4/0) C6 (57-1),1006601,"FLEJE GALV 1-1/4"" X 1/4"" X 28'ORIF 9/16""",4.0,0.0
2350,MT-316 (2/0-4/0) C6 (57-1),1006840,"PERNO ROSCA CORRIDA AC GALV 5/8"" X12""",3.0,0.0
2351,MT-316 (2/0-4/0) C6 (57-1),1007057,"TORNILLO HEX PAS AC GALV 5/8"" X 12""",2.0,0.0
2352,MT-316 (2/0-4/0) C6 (57-1),1008251,"TORNILLO MAQUINA AC GALV 1/2"" X 12""",1.0,0.0
2353,MT-316 (2/0-4/0) C6 (57-1),1007052,"TORNILLO HEX PAS AC GALV 3/8"" X 2""",4.0,0.0
2354,MT-316 (2/0-4/0) C6 (57-1),1007099,"TUERCA D/OJO AC GALV P/TORNILLO 5/8""",8.0,0.0
2355,MT-316 (2/0-4/0) C6 (57-1),1006694,GRAPA RETENCION 2/0 AWG A 4/0 AWG,6.0,0.0
2356,MT-316 (2/0-4/0) C6 (57-1),1005947,ALAMBRE LIGADURAALUMINIO,3.0,0.0
2357,MT-316 (2/0-4/0) C6 (57-1),1006841,"PERNO ROSCA CORRIDA AC GALV 5/8""X14'",2.0,0.0
2358,MT-316 (2/0-4/0) C6 (57-1),1006838,PERNO CORTO GALVANIZADO ANSI 57-1/3,3.0,0.0
2359,MT-316 (2/0-4/0) C6 (57-1),1007225,"ABRAZADERA PERNO P/TORNILLO 5/8""",2.0,0.0
2360,MT-316 (2/0-4/0) C6 (57-1),1006241,AISLADOR PORC.TIPO LINE POST ANSI 57-1,3.0,0.0
2361,MT-316 (2/0-4/0) C6 (57-1),1006230,AISLADOR COMPOSITE T/SUSPENSION 13.2KV,6.0,0.0
2362,MT-316 (2/0-4/0) C6 (57-1),1006250,"ARAN PLAN CUA AC GALV 21/4""X21/4"" D 5/8""",2.0,0.0
2363,MT-316 (2/0-4/0) C6 (57-1),1006264,"ARANDELA PRESION ACERO GALV P/TORN 5/8""",16.0,0.0
2364,MT-316 (2/0-4/0) C6 (57-1),1006262,"ARANDELA PRESION ACERO GALV P/TORN 1/2""",1.0,0.0
2365,MT-316 (2/0-4/0) C6 (57-1),1006265,"ARANDELA PRESION ACERO GALV P/TORN 3/8""",4.0,0.0
2366,MT-316 (2/0-4/0) C6 (57-1),1006696,GRAPA CONEXION DOBLE S/TOR,0.0,0.0
2367,MT-316 (2/0-4/0) C6 (57-1),1007094,"TUERCA CAB HEX AC GALV P/TORNILLO 5/8""",0.0,0.0
2368,MT-316 (2/0-4/0) C6 (57-1),1006506,"CRUCETA ACERO GALV 5'-7"" 3"" X 3""",2.0,0.0
2369,MT-316 (2/0-4/0) C6 (57-1),1007200,"TORNILLO MAQUINA 1/2"" X 2""",0.0,0.0
2370,MT-316 (2/0-4/0) C8 (57-1),1006940,SOPORTE DE ACERO PARA AISLADOR RIGIDO EN CABEZA DE POSTE,1.0,0.0
2371,MT-316 (2/0-4/0) C8 (57-1),1006601,"FLEJE GALV 1-1/4"" X 1/4"" X 28'ORIF 9/16""",4.0,0.0
2372,MT-316 (2/0-4/0) C8 (57-1),1006840,"PERNO ROSCA CORRIDA AC GALV 5/8"" X12""",3.0,0.0
2373,MT-316 (2/0-4/0) C8 (57-1),1007057,"TORNILLO HEX PAS AC GALV 5/8"" X 12""",2.0,0.0
2374,MT-316 (2/0-4/0) C8 (57-1),1008251,"TORNILLO MAQUINA AC GALV 1/2"" X 12""",1.0,0.0
2375,MT-316 (2/0-4/0) C8 (57-1),1007052,"TORNILLO HEX PAS AC GALV 3/8"" X 2""",4.0,0.0
2376,MT-316 (2/0-4/0) C8 (57-1),1007099,"TUERCA D/OJO AC GALV P/TORNILLO 5/8""",8.0,0.0
2377,MT-316 (2/0-4/0) C8 (57-1),1006694,GRAPA RETENCION 2/0 AWG A 4/0 AWG,6.0,0.0
2378,MT-316 (2/0-4/0) C8 (57-1),1005947,ALAMBRE LIGADURAALUMINIO,3.0,0.0
2379,MT-316 (2/0-4/0) C8 (57-1),1006841,"PERNO ROSCA CORRIDA AC GALV 5/8""X14'",2.0,0.0
2380,MT-316 (2/0-4/0) C8 (57-1),1006838,PERNO CORTO GALVANIZADO ANSI 57-1/3,3.0,0.0
2381,MT-316 (2/0-4/0) C8 (57-1),1007225,"ABRAZADERA PERNO P/TORNILLO 5/8""",2.0,0.0
2382,MT-316 (2/0-4/0) C8 (57-1),1006241,AISLADOR PORC.TIPO LINE POST ANSI 57-1,3.0,0.0
2383,MT-316 (2/0-4/0) C8 (57-1),1006230,AISLADOR COMPOSITE T/SUSPENSION 13.2KV,6.0,0.0
2384,MT-316 (2/0-4/0) C8 (57-1),1006250,"ARAN PLAN CUA AC GALV 21/4""X21/4"" D 5/8""",2.0,0.0
2385,MT-316 (2/0-4/0) C8 (57-1),1006264,"ARANDELA PRESION ACERO GALV P/TORN 5/8""",16.0,0.0
2386,MT-316 (2/0-4/0) C8 (57-1),1006262,"ARANDELA PRESION ACERO GALV P/TORN 1/2""",1.0,0.0
2387,MT-316 (2/0-4/0) C8 (57-1),1006265,"ARANDELA PRESION ACERO GALV P/TORN 3/8""",4.0,0.0
2388,MT-316 (2/0-4/0) C8 (57-1),1006696,GRAPA CONEXION DOBLE S/TOR,0.0,0.0
2389,MT-316 (2/0-4/0) C8 (57-1),1007094,"TUERCA CAB HEX AC GALV P/TORNILLO 5/8""",0.0,0.0
2390,MT-316 (2/0-4/0) C8 (57-1),1006508,"CRUCETA ACERO GALV 8'-0""3"" X 3""",2.0,0.0
2391,MT-316 (2/0-4/0) C8 (57-1),1007200,"TORNILLO MAQUINA 1/2"" X 2""",0.0,0.0
2392,MT-316 (2/0-4/0) C8 EA-MT (57-1),1006580,"ESPIGA ACERO GALV 20"" P/INST CZA POSTE",0.0,0.0
2393,MT-316 (2/0-4/0) C8 EA-MT (57-1),1006601,"FLEJE GALV 1-1/4"" X 1/4"" X 28'ORIF 9/16""",4.0,0.0
2394,MT-316 (2/0-4/0) C8 EA-MT (57-1),1006840,"PERNO ROSCA CORRIDA AC GALV 5/8"" X12""",3.0,0.0
2395,MT-316 (2/0-4/0) C8 EA-MT (57-1),1007057,"TORNILLO HEX PAS AC GALV 5/8"" X 12""",0.0,0.0
2396,MT-316 (2/0-4/0) C8 EA-MT (57-1),1008251,"TORNILLO MAQUINA AC GALV 1/2"" X 12""",1.0,0.0
2397,MT-316 (2/0-4/0) C8 EA-MT (57-1),1007052,"TORNILLO HEX PAS AC GALV 3/8"" X 2""",4.0,0.0
2398,MT-316 (2/0-4/0) C8 EA-MT (57-1),1007099,"TUERCA D/OJO AC GALV P/TORNILLO 5/8""",8.0,0.0
2399,MT-316 (2/0-4/0) C8 EA-MT (57-1),1006694,GRAPA RETENCION 2/0 AWG A 4/0 AWG,6.0,0.0
2400,MT-316 (2/0-4/0) C8 EA-MT (57-1),1005947,ALAMBRE LIGADURAALUMINIO,3.0,0.0
2401,MT-316 (2/0-4/0) C8 EA-MT (57-1),1006841,"PERNO ROSCA CORRIDA AC GALV 5/8""X14'",2.0,0.0
2402,MT-316 (2/0-4/0) C8 EA-MT (57-1),1006838,PERNO CORTO GALVANIZADO ANSI 57-1/3,3.0,0.0
2403,MT-316 (2/0-4/0) C8 EA-MT (57-1),1007225,"ABRAZADERA PERNO P/TORNILLO 5/8""",2.0,0.0
2404,MT-316 (2/0-4/0) C8 EA-MT (57-1),1006241,AISLADOR PORC.TIPO LINE POST ANSI 57-1,3.0,0.0
2405,MT-316 (2/0-4/0) C8 EA-MT (57-1),1006230,AISLADOR COMPOSITE T/SUSPENSION 13.2KV,6.0,0.0
2406,MT-316 (2/0-4/0) C8 EA-MT (57-1),1006250,"ARAN PLAN CUA AC GALV 21/4""X21/4"" D 5/8""",0.0,0.0
2407,MT-316 (2/0-4/0) C8 EA-MT (57-1),1006264,"ARANDELA PRESION ACERO GALV P/TORN 5/8""",14.0,0.0
2408,MT-316 (2/0-4/0) C8 EA-MT (57-1),1006262,"ARANDELA PRESION ACERO GALV P/TORN 1/2""",1.0,0.0
2409,MT-316 (2/0-4/0) C8 EA-MT (57-1),1006265,"ARANDELA PRESION ACERO GALV P/TORN 3/8""",4.0,0.0
2410,MT-316 (2/0-4/0) C8 EA-MT (57-1),1006696,GRAPA CONEXION DOBLE S/TOR,0.0,0.0
2411,MT-316 (2/0-4/0) C8 EA-MT (57-1),1007094,"TUERCA CAB HEX AC GALV P/TORNILLO 5/8""",0.0,0.0
2412,MT-316 (2/0-4/0) C8 EA-MT (57-1),1006508,"CRUCETA ACERO GALV 8'-0""3"" X 3""",2.0,0.0
2413,MT-316 (2/0-4/0) C8 EA-MT (57-1),1007200,"TORNILLO MAQUINA 1/2"" X 2""",0.0,0.0
2414,MT-316 (336-477) C6 (57-1),1006940,SOPORTE DE ACERO PARA AISLADOR RIGIDO EN CABEZA DE POSTE,1.0,0.0
2415,MT-316 (336-477) C6 (57-1),1006601,"FLEJE GALV 1-1/4"" X 1/4"" X 28'ORIF 9/16""",4.0,0.0
2416,MT-316 (336-477) C6 (57-1),1006840,"PERNO ROSCA CORRIDA AC GALV 5/8"" X12""",3.0,0.0
2417,MT-316 (336-477) C6 (57-1),1007057,"TORNILLO HEX PAS AC GALV 5/8"" X 12""",2.0,0.0
2418,MT-316 (336-477) C6 (57-1),1008251,"TORNILLO MAQUINA AC GALV 1/2"" X 12""",1.0,0.0
2419,MT-316 (336-477) C6 (57-1),1007052,"TORNILLO HEX PAS AC GALV 3/8"" X 2""",4.0,0.0
2420,MT-316 (336-477) C6 (57-1),1007099,"TUERCA D/OJO AC GALV P/TORNILLO 5/8""",8.0,0.0
2421,MT-316 (336-477) C6 (57-1),1006695,GRAPA RETENCION 336 MCM A 477 MCM,6.0,0.0
2422,MT-316 (336-477) C6 (57-1),1005947,ALAMBRE LIGADURAALUMINIO,3.0,0.0
2423,MT-316 (336-477) C6 (57-1),1006841,"PERNO ROSCA CORRIDA AC GALV 5/8""X14'",2.0,0.0
2424,MT-316 (336-477) C6 (57-1),1006838,PERNO CORTO GALVANIZADO ANSI 57-1/3,3.0,0.0
2425,MT-316 (336-477) C6 (57-1),1007225,"ABRAZADERA PERNO P/TORNILLO 5/8""",2.0,0.0
2426,MT-316 (336-477) C6 (57-1),1006241,AISLADOR PORC.TIPO LINE POST ANSI 57-1,3.0,0.0
2427,MT-316 (336-477) C6 (57-1),1006230,AISLADOR COMPOSITE T/SUSPENSION 13.2KV,6.0,0.0
2428,MT-316 (336-477) C6 (57-1),1006250,"ARAN PLAN CUA AC GALV 21/4""X21/4"" D 5/8""",2.0,0.0
2429,MT-316 (336-477) C6 (57-1),1006264,"ARANDELA PRESION ACERO GALV P/TORN 5/8""",16.0,0.0
2430,MT-316 (336-477) C6 (57-1),1006262,"ARANDELA PRESION ACERO GALV P/TORN 1/2""",1.0,0.0
2431,MT-316 (336-477) C6 (57-1),1006265,"ARANDELA PRESION ACERO GALV P/TORN 3/8""",4.0,0.0
2432,MT-316 (336-477) C6 (57-1),1006696,GRAPA CONEXION DOBLE S/TOR,0.0,0.0
2433,MT-316 (336-477) C6 (57-1),1007094,"TUERCA CAB HEX AC GALV P/TORNILLO 5/8""",0.0,0.0
2434,MT-316 (336-477) C6 (57-1),1006506,"CRUCETA ACERO GALV 5'-7"" 3"" X 3""",2.0,0.0
2435,MT-316 (336-477) C6 (57-1),1007200,"TORNILLO MAQUINA 1/2"" X 2""",0.0,0.0
2436,MT-316 (336-477) C8 (57-1),1006940,SOPORTE DE ACERO PARA AISLADOR RIGIDO EN CABEZA DE POSTE,1.0,0.0
2437,MT-316 (336-477) C8 (57-1),1006601,"FLEJE GALV 1-1/4"" X 1/4"" X 28'ORIF 9/16""",4.0,0.0
2438,MT-316 (336-477) C8 (57-1),1006840,"PERNO ROSCA CORRIDA AC GALV 5/8"" X12""",3.0,0.0
2439,MT-316 (336-477) C8 (57-1),1007057,"TORNILLO HEX PAS AC GALV 5/8"" X 12""",2.0,0.0
2440,MT-316 (336-477) C8 (57-1),1008251,"TORNILLO MAQUINA AC GALV 1/2"" X 12""",1.0,0.0
2441,MT-316 (336-477) C8 (57-1),1007052,"TORNILLO HEX PAS AC GALV 3/8"" X 2""",4.0,0.0
2442,MT-316 (336-477) C8 (57-1),1007099,"TUERCA D/OJO AC GALV P/TORNILLO 5/8""",8.0,0.0
2443,MT-316 (336-477) C8 (57-1),1006695,GRAPA RETENCION 336 MCM A 477 MCM,6.0,0.0
2444,MT-316 (336-477) C8 (57-1),1005947,ALAMBRE LIGADURAALUMINIO,3.0,0.0
2445,MT-316 (336-477) C8 (57-1),1006841,"PERNO ROSCA CORRIDA AC GALV 5/8""X14'",2.0,0.0
2446,MT-316 (336-477) C8 (57-1),1006838,PERNO CORTO GALVANIZADO ANSI 57-1/3,3.0,0.0
2447,MT-316 (336-477) C8 (57-1),1007225,"ABRAZADERA PERNO P/TORNILLO 5/8""",2.0,0.0
2448,MT-316 (336-477) C8 (57-1),1006241,AISLADOR PORC.TIPO LINE POST ANSI 57-1,3.0,0.0
2449,MT-316 (336-477) C8 (57-1),1006230,AISLADOR COMPOSITE T/SUSPENSION 13.2KV,6.0,0.0
2450,MT-316 (336-477) C8 (57-1),1006250,"ARAN PLAN CUA AC GALV 21/4""X21/4"" D 5/8""",2.0,0.0
2451,MT-316 (336-477) C8 (57-1),1006264,"ARANDELA PRESION ACERO GALV P/TORN 5/8""",16.0,0.0
2452,MT-316 (336-477) C8 (57-1),1006262,"ARANDELA PRESION ACERO GALV P/TORN 1/2""",1.0,0.0
2453,MT-316 (336-477) C8 (57-1),1006265,"ARANDELA PRESION ACERO GALV P/TORN 3/8""",4.0,0.0
2454,MT-316 (336-477) C8 (57-1),1006696,GRAPA CONEXION DOBLE S/TOR,0.0,0.0
2455,MT-316 (336-477) C8 (57-1),1007094,"TUERCA CAB HEX AC GALV P/TORNILLO 5/8""",0.0,0.0
2456,MT-316 (336-477) C8 (57-1),1006508,"CRUCETA ACERO GALV 8'-0""3"" X 3""",2.0,0.0
2457,MT-316 (336-477) C8 (57-1),1007200,"TORNILLO MAQUINA 1/2"" X 2""",0.0,0.0
2458,MT-316 (336-477) C8 EA-MT (57-1),1006580,"ESPIGA ACERO GALV 20"" P/INST CZA POSTE",0.0,0.0
2459,MT-316 (336-477) C8 EA-MT (57-1),1006601,"FLEJE GALV 1-1/4"" X 1/4"" X 28'ORIF 9/16""",4.0,0.0
2460,MT-316 (336-477) C8 EA-MT (57-1),1006840,"PERNO ROSCA CORRIDA AC GALV 5/8"" X12""",3.0,0.0
2461,MT-316 (336-477) C8 EA-MT (57-1),1007057,"TORNILLO HEX PAS AC GALV 5/8"" X 12""",0.0,0.0
2462,MT-316 (336-477) C8 EA-MT (57-1),1008251,"TORNILLO MAQUINA AC GALV 1/2"" X 12""",1.0,0.0
2463,MT-316 (336-477) C8 EA-MT (57-1),1007052,"TORNILLO HEX PAS AC GALV 3/8"" X 2""",4.0,0.0
2464,MT-316 (336-477) C8 EA-MT (57-1),1007099,"TUERCA D/OJO AC GALV P/TORNILLO 5/8""",8.0,0.0
2465,MT-316 (336-477) C8 EA-MT (57-1),1006695,GRAPA RETENCION 336 MCM A 477 MCM,6.0,0.0
2466,MT-316 (336-477) C8 EA-MT (57-1),1005947,ALAMBRE LIGADURAALUMINIO,3.0,0.0
2467,MT-316 (336-477) C8 EA-MT (57-1),1006841,"PERNO ROSCA CORRIDA AC GALV 5/8""X14'",2.0,0.0
2468,MT-316 (336-477) C8 EA-MT (57-1),1006838,PERNO CORTO GALVANIZADO ANSI 57-1/3,3.0,0.0
2469,MT-316 (336-477) C8 EA-MT (57-1),1007225,"ABRAZADERA PERNO P/TORNILLO 5/8""",2.0,0.0
2470,MT-316 (336-477) C8 EA-MT (57-1),1006241,AISLADOR PORC.TIPO LINE POST ANSI 57-1,3.0,0.0
2471,MT-316 (336-477) C8 EA-MT (57-1),1006230,AISLADOR COMPOSITE T/SUSPENSION 13.2KV,6.0,0.0
2472,MT-316 (336-477) C8 EA-MT (57-1),1006250,"ARAN PLAN CUA AC GALV 21/4""X21/4"" D 5/8""",0.0,0.0
2473,MT-316 (336-477) C8 EA-MT (57-1),1006264,"ARANDELA PRESION ACERO GALV P/TORN 5/8""",14.0,0.0
2474,MT-316 (336-477) C8 EA-MT (57-1),1006262,"ARANDELA PRESION ACERO GALV P/TORN 1/2""",1.0,0.0
2475,MT-316 (336-477) C8 EA-MT (57-1),1006265,"ARANDELA PRESION ACERO GALV P/TORN 3/8""",4.0,0.0
2476,MT-316 (336-477) C8 EA-MT (57-1),1006696,GRAPA CONEXION DOBLE S/TOR,0.0,0.0
2477,MT-316 (336-477) C8 EA-MT (57-1),1007094,"TUERCA CAB HEX AC GALV P/TORNILLO 5/8""",0.0,0.0
2478,MT-316 (336-477) C8 EA-MT (57-1),1006508,"CRUCETA ACERO GALV 8'-0""3"" X 3""",2.0,0.0
2479,MT-316 (336-477) C8 EA-MT (57-1),1007200,"TORNILLO MAQUINA 1/2"" X 2""",0.0,0.0
2480,MT-319 (57-1),1005947,ALAMBRE LIGADURAALUMINIO,3.0,0.0
2481,MT-319 (57-1),1007200,"TORNILLO MAQUINA 1/2"" X 2""",1.0,0.0
2482,MT-319 (57-1),1007057,"TORNILLO HEX PAS AC GALV 5/8"" X 12""",2.0,0.0
2483,MT-319 (57-1),1006595,"FLEJE AC GALV 1-3/4""X1-3/4""X3/16""X84""",1.0,0.0
2484,MT-319 (57-1),1006838,PERNO CORTO GALVANIZADO ANSI 57-1/3,3.0,0.0
2485,MT-319 (57-1),1006508,"CRUCETA ACERO GALV 8'-0""3"" X 3""",1.0,0.0
2486,MT-319 (57-1),1006241,AISLADOR PORC.TIPO LINE POST ANSI 57-1,3.0,0.0
2487,MT-319 (57-1),1006250,"ARAN PLAN CUA AC GALV 21/4""X21/4"" D 5/8""",2.0,0.0
2488,MT-319 (57-1),1006264,"ARANDELA PRESION ACERO GALV P/TORN 5/8""",2.0,0.0
2489,MT-319 (57-1),1006262,"ARANDELA PRESION ACERO GALV P/TORN 1/2""",1.0,0.0
2490,MT-319 (57-1),1007094,"TUERCA CAB HEX AC GALV P/TORNILLO 5/8""",0.0,0.0
2491,MT-319 (57-1),1006696,GRAPA CONEXION DOBLE S/TOR,0.0,0.0
2492,MT-321 (57-1),1006696,GRAPA CONEXION DOBLE S/TOR,0.0,0.0
2493,MT-321 (57-1),1005947,ALAMBRE LIGADURAALUMINIO,3.0,0.0
2494,MT-321 (57-1),1007200,"TORNILLO MAQUINA 1/2"" X 2""",1.0,0.0
2495,MT-321 (57-1),1007057,"TORNILLO HEX PAS AC GALV 5/8"" X 12""",4.0,0.0
2496,MT-321 (57-1),1006602,"FLEJE GALV 13/4""X13/4""X3/16""X60""ORF9/16""",1.0,0.0
2497,MT-321 (57-1),1006838,PERNO CORTO GALVANIZADO ANSI 57-1/3,3.0,0.0
2498,MT-321 (57-1),1006940,SOPORTE DE ACERO PARA AISLADOR RIGIDO EN CABEZA DE POSTE,1.0,0.0
2499,MT-321 (57-1),1006241,AISLADOR PORC.TIPO LINE POST ANSI 57-1,3.0,0.0
2500,MT-321 (57-1),1006250,"ARAN PLAN CUA AC GALV 21/4""X21/4"" D 5/8""",4.0,0.0
2501,MT-321 (57-1),1006264,"ARANDELA PRESION ACERO GALV P/TORN 5/8""",4.0,0.0
2502,MT-321 (57-1),1006262,"ARANDELA PRESION ACERO GALV P/TORN 1/2""",1.0,0.0
2503,MT-321 (57-1),1007094,"TUERCA CAB HEX AC GALV P/TORNILLO 5/8""",0.0,0.0
2504,MT-321 (57-1),1006506,"CRUCETA ACERO GALV 5'-7"" 3"" X 3""",1.0,0.0
2505,MT-322 (57-1),1007057,"TORNILLO HEX PAS AC GALV 5/8"" X 12""",1.0,0.0
2506,MT-322 (57-1),1005947,ALAMBRE LIGADURAALUMINIO,6.0,0.0
2507,MT-322 (57-1),1007097,"TUERCA HEXAGONALACERO GALVANIZADO 1/2""",0.0,0.0
2508,MT-322 (57-1),1006840,"PERNO ROSCA CORRIDA AC GALV 5/8"" X12""",3.0,0.0
2509,MT-322 (57-1),1007282,"TORNILLO ESP ROSCA CORRIDA 1/2"" X12""",1.0,0.0
2510,MT-322 (57-1),1006595,"FLEJE AC GALV 1-3/4""X1-3/4""X3/16""X84""",1.0,0.0
2511,MT-322 (57-1),1006838,PERNO CORTO GALVANIZADO ANSI 57-1/3,6.0,0.0
2512,MT-322 (57-1),1006250,"ARAN PLAN CUA AC GALV 21/4""X21/4"" D 5/8""",1.0,0.0
2513,MT-322 (57-1),1006241,AISLADOR PORC.TIPO LINE POST ANSI 57-1,6.0,0.0
2514,MT-322 (57-1),1006264,"ARANDELA PRESION ACERO GALV P/TORN 5/8""",11.0,0.0
2515,MT-322 (57-1),1006262,"ARANDELA PRESION ACERO GALV P/TORN 1/2""",4.0,0.0
2516,MT-322 (57-1),1006696,GRAPA CONEXION DOBLE S/TOR,0.0,0.0
2517,MT-322 (57-1),1007094,"TUERCA CAB HEX AC GALV P/TORNILLO 5/8""",0.0,0.0
2518,MT-322 (57-1),1006508,"CRUCETA ACERO GALV 8'-0""3"" X 3""",2.0,0.0
2519,LB-601 (57-1),1006264,"ARANDELA PRESION ACERO GALV P/TORN 5/8""",4.0,0.0
2520,LB-601 (57-1),1006838,PERNO CORTO GALVANIZADO ANSI 57-1/3,6.0,0.0
2521,LB-601 (57-1),1006241,AISLADOR PORC.TIPO LINE POST ANSI 57-1,6.0,0.0
2522,LB-601 (57-1),1006940,SOPORTE DE ACERO PARA AISLADOR RIGIDO EN CABEZA DE POSTE,1.0,0.0
2523,LB-601 (57-1),1007094,"TUERCA CAB HEX AC GALV P/TORNILLO 5/8""",0.0,0.0
2524,LB-601 (57-1),1006696,GRAPA CONEXION DOBLE S/TOR,0.0,0.0
2525,LB-601 (57-1),1005947,ALAMBRE LIGADURAALUMINIO,6.0,0.0
2526,LB-601 (57-1),1007057,"TORNILLO HEX PAS AC GALV 5/8"" X 12""",4.0,0.0
2527,LB-601 (57-1),1007279,"ARANDELA CUADRADA 2""X2"" P/TORNILLO 1/2""",2.0,0.0
2528,LB-601 (57-1),1007052,"TORNILLO HEX PAS AC GALV 3/8"" X 2""",4.0,0.0
2529,LB-601 (57-1),1008251,"TORNILLO MAQUINA AC GALV 1/2"" X 12""",2.0,0.0
2530,LB-601 (57-1),1006601,"FLEJE GALV 1-1/4"" X 1/4"" X 28'ORIF 9/16""",4.0,0.0
2531,LB-601 (57-1),1006508,"CRUCETA ACERO GALV 8'-0""3"" X 3""",2.0,0.0
2532,LB-601 (57-1),1006250,"ARAN PLAN CUA AC GALV 21/4""X21/4"" D 5/8""",4.0,0.0
2533,LB-601 (57-1),1006265,"ARANDELA PRESION ACERO GALV P/TORN 3/8""",4.0,0.0
2534,LB-601 (57-1),1006262,"ARANDELA PRESION ACERO GALV P/TORN 1/2""",2.0,0.0
2535,LB-603 (57-1),1006840,"PERNO ROSCA CORRIDA AC GALV 5/8"" X12""",6.0,0.0
2536,LB-603 (57-1),1007052,"TORNILLO HEX PAS AC GALV 3/8"" X 2""",8.0,0.0
2537,LB-603 (57-1),1008251,"TORNILLO MAQUINA AC GALV 1/2"" X 12""",2.0,0.0
2538,LB-603 (57-1),1006601,"FLEJE GALV 1-1/4"" X 1/4"" X 28'ORIF 9/16""",8.0,0.0
2539,LB-603 (57-1),1006508,"CRUCETA ACERO GALV 8'-0""3"" X 3""",4.0,0.0
2540,LB-603 (57-1),1006265,"ARANDELA PRESION ACERO GALV P/TORN 3/8""",8.0,0.0
2541,LB-603 (57-1),1006262,"ARANDELA PRESION ACERO GALV P/TORN 1/2""",2.0,0.0
2542,LB-603 (57-1),1006841,"PERNO ROSCA CORRIDA AC GALV 5/8""X14'",0.0,0.0
2543,LB-603 (57-1),1005947,ALAMBRE LIGADURAALUMINIO,6.0,0.0
2544,LB-603 (57-1),1006696,GRAPA CONEXION DOBLE S/TOR,0.0,0.0
2545,LB-603 (57-1),1007094,"TUERCA CAB HEX AC GALV P/TORNILLO 5/8""",0.0,0.0
2546,LB-603 (57-1),1006264,"ARANDELA PRESION ACERO GALV P/TORN 5/8""",20.0,0.0
2547,LB-603 (57-1),1006838,PERNO CORTO GALVANIZADO ANSI 57-1/3,12.0,0.0
2548,LB-603 (57-1),1006241,AISLADOR PORC.TIPO LINE POST ANSI 57-1,12.0,0.0
2549,LB-606 (57-1),1006250,"ARAN PLAN CUA AC GALV 21/4""X21/4"" D 5/8""",12.0,0.0
2550,LB-606 (57-1),1007225,"ABRAZADERA PERNO P/TORNILLO 5/8""",6.0,0.0
2551,LB-606 (57-1),1006264,"ARANDELA PRESION ACERO GALV P/TORN 5/8""",24.0,0.0
2552,LB-606 (57-1),1007094,"TUERCA CAB HEX AC GALV P/TORNILLO 5/8""",0.0,0.0
2553,LB-606 (57-1),1006696,GRAPA CONEXION DOBLE S/TOR,0.0,0.0
2554,LB-606 (57-1),1006230,AISLADOR COMPOSITE T/SUSPENSION 13.2KV,6.0,0.0
2555,LB-606 (57-1),1007099,"TUERCA D/OJO AC GALV P/TORNILLO 5/8""",12.0,0.0
2556,LB-606 (57-1),1006710,GRAPA SUSPENSION AL P/COND 4/0-266 AWG,6.0,0.0
2557,LB-606 (57-1),1006840,"PERNO ROSCA CORRIDA AC GALV 5/8"" X12""",6.0,0.0
2558,LB-606 (57-1),1006841,"PERNO ROSCA CORRIDA AC GALV 5/8""X14'",6.0,0.0
2559,LB-606 (57-1),1007057,"TORNILLO HEX PAS AC GALV 5/8"" X 12""",0.0,0.0
2560,LB-607 (57-1),1007094,"TUERCA CAB HEX AC GALV P/TORNILLO 5/8""",0.0,0.0
2561,LB-607 (57-1),1006696,GRAPA CONEXION DOBLE S/TOR,0.0,0.0
2562,LB-607 (57-1),1006264,"ARANDELA PRESION ACERO GALV P/TORN 5/8""",48.0,0.0
2563,LB-607 (57-1),1006250,"ARAN PLAN CUA AC GALV 21/4""X21/4"" D 5/8""",24.0,0.0
2564,LB-607 (57-1),1007225,"ABRAZADERA PERNO P/TORNILLO 5/8""",12.0,0.0
2565,LB-607 (57-1),1006230,AISLADOR COMPOSITE T/SUSPENSION 13.2KV,12.0,0.0
2566,LB-607 (57-1),1007099,"TUERCA D/OJO AC GALV P/TORNILLO 5/8""",24.0,0.0
2567,LB-607 (57-1),1006694,GRAPA RETENCION 2/0 AWG A 4/0 AWG,12.0,0.0
2568,LB-607 (57-1),1006841,"PERNO ROSCA CORRIDA AC GALV 5/8""X14'",12.0,0.0
2569,LB-607 (57-1),1006840,"PERNO ROSCA CORRIDA AC GALV 5/8"" X12""",12.0,0.0
2570,LB-608 (57-1),1006241,AISLADOR PORC.TIPO LINE POST ANSI 57-1,6.0,0.0
2571,LB-608 (57-1),1006838,PERNO CORTO GALVANIZADO ANSI 57-1/3,6.0,0.0
2572,LB-608 (57-1),1006264,"ARANDELA PRESION ACERO GALV P/TORN 5/8""",3.0,0.0
2573,LB-608 (57-1),1007094,"TUERCA CAB HEX AC GALV P/TORNILLO 5/8""",0.0,0.0
2574,LB-608 (57-1),1006696,GRAPA CONEXION DOBLE S/TOR,0.0,0.0
2575,LB-608 (57-1),1006605,"FLEJE VERTICAL11/2""X11/2""X3/16""X35-1/2""",1.0,0.0
2576,LB-608 (57-1),1006595,"FLEJE AC GALV 1-3/4""X1-3/4""X3/16""X84""",1.0,0.0
2577,LB-608 (57-1),1006262,"ARANDELA PRESION ACERO GALV P/TORN 1/2""",3.0,0.0
2578,LB-608 (57-1),1006250,"ARAN PLAN CUA AC GALV 21/4""X21/4"" D 5/8""",3.0,0.0
2579,LB-608 (57-1),1006508,"CRUCETA ACERO GALV 8'-0""3"" X 3""",2.0,0.0
2580,LB-608 (57-1),1007200,"TORNILLO MAQUINA 1/2"" X 2""",3.0,0.0
2581,LB-608 (57-1),1007057,"TORNILLO HEX PAS AC GALV 5/8"" X 12""",3.0,0.0
2582,LB-608 (57-1),1005947,ALAMBRE LIGADURAALUMINIO,6.0,0.0
2583,LB-610 (57-1),1006696,GRAPA CONEXION DOBLE S/TOR,0.0,0.0
2584,LB-610 (57-1),1007094,"TUERCA CAB HEX AC GALV P/TORNILLO 5/8""",0.0,0.0
2585,LB-610 (57-1),1006241,AISLADOR PORC.TIPO LINE POST ANSI 57-1,12.0,0.0
2586,LB-610 (57-1),1006838,PERNO CORTO GALVANIZADO ANSI 57-1/3,12.0,0.0
2587,LB-610 (57-1),1006250,"ARAN PLAN CUA AC GALV 21/4""X21/4"" D 5/8""",1.0,0.0
2588,LB-610 (57-1),1006264,"ARANDELA PRESION ACERO GALV P/TORN 5/8""",21.0,0.0
2589,LB-610 (57-1),1007057,"TORNILLO HEX PAS AC GALV 5/8"" X 12""",1.0,0.0
2590,LB-610 (57-1),1006262,"ARANDELA PRESION ACERO GALV P/TORN 1/2""",8.0,0.0
2591,LB-610 (57-1),1006508,"CRUCETA ACERO GALV 8'-0""3"" X 3""",4.0,0.0
2592,LB-610 (57-1),1006605,"FLEJE VERTICAL11/2""X11/2""X3/16""X35-1/2""",2.0,0.0
2593,LB-610 (57-1),1006595,"FLEJE AC GALV 1-3/4""X1-3/4""X3/16""X84""",1.0,0.0
2594,LB-610 (57-1),1007026,"TORNILLO CABEZA HEXAGONAL 1/2"" X 2""",4.0,0.0
2595,LB-610 (57-1),1006840,"PERNO ROSCA CORRIDA AC GALV 5/8"" X12""",6.0,0.0
2596,LB-610 (57-1),1007282,"TORNILLO ESP ROSCA CORRIDA 1/2"" X12""",1.0,0.0
2597,LB-610 (57-1),1005947,ALAMBRE LIGADURAALUMINIO,12.0,0.0
2598,LB-611 (2/0-4/0) (57-1),1006696,GRAPA CONEXION DOBLE S/TOR,0.0,0.0
2599,LB-611 (2/0-4/0) (57-1),1006694,GRAPA RETENCION 2/0 AWG A 4/0 AWG,12.0,0.0
2600,LB-611 (2/0-4/0) (57-1),1006264,"ARANDELA PRESION ACERO GALV P/TORN 5/8""",42.0,0.0
2601,LB-611 (2/0-4/0) (57-1),1007094,"TUERCA CAB HEX AC GALV P/TORNILLO 5/8""",0.0,0.0
2602,LB-611 (2/0-4/0) (57-1),1006262,"ARANDELA PRESION ACERO GALV P/TORN 1/2""",4.0,0.0
2603,LB-611 (2/0-4/0) (57-1),1007052,"TORNILLO HEX PAS AC GALV 3/8"" X 2""",16.0,0.0
2604,LB-611 (2/0-4/0) (57-1),1006841,"PERNO ROSCA CORRIDA AC GALV 5/8""X14'",13.0,0.0
2605,LB-611 (2/0-4/0) (57-1),1008251,"TORNILLO MAQUINA AC GALV 1/2"" X 12""",4.0,0.0
2606,LB-611 (2/0-4/0) (57-1),1006508,"CRUCETA ACERO GALV 8'-0""3"" X 3""",8.0,0.0
2607,LB-611 (2/0-4/0) (57-1),1006601,"FLEJE GALV 1-1/4"" X 1/4"" X 28'ORIF 9/16""",16.0,0.0
2608,LB-611 (2/0-4/0) (57-1),1006265,"ARANDELA PRESION ACERO GALV P/TORN 3/8""",16.0,0.0
2609,LB-611 (2/0-4/0) (57-1),1006838,PERNO CORTO GALVANIZADO ANSI 57-1/3,4.0,0.0
2610,LB-611 (2/0-4/0) (57-1),1006241,AISLADOR PORC.TIPO LINE POST ANSI 57-1,4.0,0.0
2611,LB-611 (2/0-4/0) (57-1),1006230,AISLADOR COMPOSITE T/SUSPENSION 13.2KV,12.0,0.0
2612,LB-611 (2/0-4/0) (57-1),1005947,ALAMBRE LIGADURAALUMINIO,4.0,0.0
2613,LB-611 (2/0-4/0) (57-1),1007099,"TUERCA D/OJO AC GALV P/TORNILLO 5/8""",13.0,0.0
2614,LB-611 (2/0-4/0) (57-1),1007225,"ABRAZADERA PERNO P/TORNILLO 5/8""",1.0,0.0
2615,LB-611 (336-477) (57-1),1006696,GRAPA CONEXION DOBLE S/TOR,0.0,0.0
2616,LB-611 (336-477) (57-1),1006695,GRAPA RETENCION 336 MCM A 477 MCM,12.0,0.0
2617,LB-611 (336-477) (57-1),1006264,"ARANDELA PRESION ACERO GALV P/TORN 5/8""",42.0,0.0
2618,LB-611 (336-477) (57-1),1007094,"TUERCA CAB HEX AC GALV P/TORNILLO 5/8""",0.0,0.0
2619,LB-611 (336-477) (57-1),1006262,"ARANDELA PRESION ACERO GALV P/TORN 1/2""",4.0,0.0
2620,LB-611 (336-477) (57-1),1007052,"TORNILLO HEX PAS AC GALV 3/8"" X 2""",16.0,0.0
2621,LB-611 (336-477) (57-1),1006841,"PERNO ROSCA CORRIDA AC GALV 5/8""X14'",13.0,0.0
2622,LB-611 (336-477) (57-1),1008251,"TORNILLO MAQUINA AC GALV 1/2"" X 12""",4.0,0.0
2623,LB-611 (336-477) (57-1),1006508,"CRUCETA ACERO GALV 8'-0""3"" X 3""",8.0,0.0
2624,LB-611 (336-477) (57-1),1006601,"FLEJE GALV 1-1/4"" X 1/4"" X 28'ORIF 9/16""",16.0,0.0
2625,LB-611 (336-477) (57-1),1006265,"ARANDELA PRESION ACERO GALV P/TORN 3/8""",16.0,0.0
2626,LB-611 (336-477) (57-1),1006838,PERNO CORTO GALVANIZADO ANSI 57-1/3,4.0,0.0
2627,LB-611 (336-477) (57-1),1006241,AISLADOR PORC.TIPO LINE POST ANSI 57-1,4.0,0.0
2628,LB-611 (336-477) (57-1),1006230,AISLADOR COMPOSITE T/SUSPENSION 13.2KV,12.0,0.0
2629,LB-611 (336-477) (57-1),1005947,ALAMBRE LIGADURAALUMINIO,4.0,0.0
2630,LB-611 (336-477) (57-1),1007099,"TUERCA D/OJO AC GALV P/TORNILLO 5/8""",13.0,0.0
2631,LB-611 (336-477) (57-1),1007225,"ABRAZADERA PERNO P/TORNILLO 5/8""",1.0,0.0
2632,MT-201 (55-5),1005947,ALAMBRE LIGADURAALUMINIO,2.0,0.0
2633,MT-201 (55-5),1006696,GRAPA CONEXION DOBLE S/TOR,0.0,0.0
2634,MT-201 (55-5),1007094,"TUERCA CAB HEX AC GALV P/TORNILLO 5/8""",0.0,0.0
2635,MT-201 (55-5),1006238,AISLADOR PORC.TIPO ESPIGA ANSI 55-5,2.0,0.0
2636,MT-201 (55-5),1006579,"ESPIGA ACERO GAL VASTAGO 3/4"" X 7 3/4""",2.0,0.0
2637,MT-201 (55-5),1006264,"ARANDELA PRESION ACERO GALV P/TORN 5/8""",1.0,0.0
2638,MT-201 (55-5),1006262,"ARANDELA PRESION ACERO GALV P/TORN 1/2""",1.0,0.0
2639,MT-201 (55-5),1006265,"ARANDELA PRESION ACERO GALV P/TORN 3/8""",2.0,0.0
2640,MT-201 (55-5),1007279,"ARANDELA CUADRADA 2""X2"" P/TORNILLO 1/2""",1.0,0.0
2641,MT-201 (55-5),1007052,"TORNILLO HEX PAS AC GALV 3/8"" X 2""",2.0,0.0
2642,MT-201 (55-5),1008251,"TORNILLO MAQUINA AC GALV 1/2"" X 12""",1.0,0.0
2643,MT-201 (55-5),1007057,"TORNILLO HEX PAS AC GALV 5/8"" X 12""",1.0,0.0
2644,MT-201 (55-5),1006601,"FLEJE GALV 1-1/4"" X 1/4"" X 28'ORIF 9/16""",2.0,0.0
2645,MT-201 (55-5),1006506,"CRUCETA ACERO GALV 5'-7"" 3"" X 3""",1.0,0.0
2646,MT-201 (55-5),1006250,"ARAN PLAN CUA AC GALV 21/4""X21/4"" D 5/8""",1.0,0.0
2647,MT-202 (55-5),1005947,ALAMBRE LIGADURAALUMINIO,4.0,0.0
2648,MT-202 (55-5),1006696,GRAPA CONEXION DOBLE S/TOR,0.0,0.0
2649,MT-202 (55-5),1007094,"TUERCA CAB HEX AC GALV P/TORNILLO 5/8""",0.0,0.0
2650,MT-202 (55-5),1006238,AISLADOR PORC.TIPO ESPIGA ANSI 55-5,4.0,0.0
2651,MT-202 (55-5),1006579,"ESPIGA ACERO GAL VASTAGO 3/4"" X 7 3/4""",4.0,0.0
2652,MT-202 (55-5),1006264,"ARANDELA PRESION ACERO GALV P/TORN 5/8""",10.0,0.0
2653,MT-202 (55-5),1006262,"ARANDELA PRESION ACERO GALV P/TORN 1/2""",1.0,0.0
2654,MT-202 (55-5),1006265,"ARANDELA PRESION ACERO GALV P/TORN 3/8""",4.0,0.0
2655,MT-202 (55-5),1006508,"CRUCETA ACERO GALV 8'-0""3"" X 3""",2.0,0.0
2656,MT-202 (55-5),1006601,"FLEJE GALV 1-1/4"" X 1/4"" X 28'ORIF 9/16""",4.0,0.0
2657,MT-202 (55-5),1008251,"TORNILLO MAQUINA AC GALV 1/2"" X 12""",1.0,0.0
2658,MT-202 (55-5),1007052,"TORNILLO HEX PAS AC GALV 3/8"" X 2""",4.0,0.0
2659,MT-202 (55-5),1006840,"PERNO ROSCA CORRIDA AC GALV 5/8"" X12""",3.0,0.0
2660,MT-203 (55-5),1006264,"ARANDELA PRESION ACERO GALV P/TORN 5/8""",8.0,0.0
2661,MT-203 (55-5),1006250,"ARAN PLAN CUA AC GALV 21/4""X21/4"" D 5/8""",4.0,0.0
2662,MT-203 (55-5),1007225,"ABRAZADERA PERNO P/TORNILLO 5/8""",2.0,0.0
2663,MT-203 (55-5),1006234,AISLADOR PORC.TIPO SUSPENSION ANSI 52-1,4.0,0.0
2664,MT-203 (55-5),1007099,"TUERCA D/OJO AC GALV P/TORNILLO 5/8""",4.0,0.0
2665,MT-203 (55-5),1006710,GRAPA SUSPENSION AL P/COND 4/0-266 AWG,2.0,0.0
2666,MT-203 (55-5),1006840,"PERNO ROSCA CORRIDA AC GALV 5/8"" X12""",2.0,0.0
2667,MT-203 (55-5),1006841,"PERNO ROSCA CORRIDA AC GALV 5/8""X14'",2.0,0.0
2668,MT-204 (55-5),1007094,"TUERCA CAB HEX AC GALV P/TORNILLO 5/8""",0.0,0.0
2669,MT-204 (55-5),1006696,GRAPA CONEXION DOBLE S/TOR,0.0,0.0
2670,MT-204 (55-5),1006264,"ARANDELA PRESION ACERO GALV P/TORN 5/8""",12.0,0.0
2671,MT-204 (55-5),1006710,GRAPA SUSPENSION AL P/COND 4/0-266 AWG,4.0,0.0
2672,MT-204 (55-5),1007099,"TUERCA D/OJO AC GALV P/TORNILLO 5/8""",8.0,0.0
2673,MT-204 (55-5),1006250,"ARAN PLAN CUA AC GALV 21/4""X21/4"" D 5/8""",8.0,0.0
2674,MT-204 (55-5),1007225,"ABRAZADERA PERNO P/TORNILLO 5/8""",4.0,0.0
2675,MT-204 (55-5),1006234,AISLADOR PORC.TIPO SUSPENSION ANSI 52-1,8.0,0.0
2676,MT-204 (55-5),1006841,"PERNO ROSCA CORRIDA AC GALV 5/8""X14'",4.0,0.0
2677,MT-204 (55-5),1006840,"PERNO ROSCA CORRIDA AC GALV 5/8"" X12""",4.0,0.0
2678,MT-205 (55-5),1006696,GRAPA CONEXION DOBLE S/TOR,0.0,0.0
2679,MT-205 (55-5),1006694,GRAPA RETENCION 2/0 AWG A 4/0 AWG,4.0,0.0
2680,MT-205 (55-5),1006264,"ARANDELA PRESION ACERO GALV P/TORN 5/8""",24.0,0.0
2681,MT-205 (55-5),1007094,"TUERCA CAB HEX AC GALV P/TORNILLO 5/8""",0.0,0.0
2682,MT-205 (55-5),1006262,"ARANDELA PRESION ACERO GALV P/TORN 1/2""",2.0,0.0
2683,MT-205 (55-5),1007052,"TORNILLO HEX PAS AC GALV 3/8"" X 2""",8.0,0.0
2684,MT-205 (55-5),1006840,"PERNO ROSCA CORRIDA AC GALV 5/8"" X12""",6.0,0.0
2685,MT-205 (55-5),1008251,"TORNILLO MAQUINA AC GALV 1/2"" X 12""",2.0,0.0
2686,MT-205 (55-5),1006506,"CRUCETA ACERO GALV 5'-7"" 3"" X 3""",4.0,0.0
2687,MT-205 (55-5),1006601,"FLEJE GALV 1-1/4"" X 1/4"" X 28'ORIF 9/16""",8.0,0.0
2688,MT-205 (55-5),1006265,"ARANDELA PRESION ACERO GALV P/TORN 3/8""",8.0,0.0
2689,MT-205 (55-5),1006579,"ESPIGA ACERO GAL VASTAGO 3/4"" X 7 3/4""",2.0,0.0
2690,MT-205 (55-5),1006238,AISLADOR PORC.TIPO ESPIGA ANSI 55-5,2.0,0.0
2691,MT-205 (55-5),1006234,AISLADOR PORC.TIPO SUSPENSION ANSI 52-1,8.0,0.0
2692,MT-205 (55-5),1005947,ALAMBRE LIGADURAALUMINIO,2.0,0.0
2693,MT-205 (55-5),1007099,"TUERCA D/OJO AC GALV P/TORNILLO 5/8""",4.0,0.0
2694,MT-206 (55-5),1006841,"PERNO ROSCA CORRIDA AC GALV 5/8""X14'",2.0,0.0
2695,MT-206 (55-5),1006840,"PERNO ROSCA CORRIDA AC GALV 5/8"" X12""",2.0,0.0
2696,MT-206 (55-5),1006694,GRAPA RETENCION 2/0 AWG A 4/0 AWG,2.0,0.0
2697,MT-206 (55-5),1006696,GRAPA CONEXION DOBLE S/TOR,0.0,0.0
2698,MT-206 (55-5),1007099,"TUERCA D/OJO AC GALV P/TORNILLO 5/8""",4.0,0.0
2699,MT-206 (55-5),1006264,"ARANDELA PRESION ACERO GALV P/TORN 5/8""",8.0,0.0
2700,MT-206 (55-5),1006250,"ARAN PLAN CUA AC GALV 21/4""X21/4"" D 5/8""",4.0,0.0
2701,MT-206 (55-5),1007225,"ABRAZADERA PERNO P/TORNILLO 5/8""",2.0,0.0
2702,MT-206 (55-5),1006234,AISLADOR PORC.TIPO SUSPENSION ANSI 52-1,4.0,0.0
2703,MT-207 (55-5),1007094,"TUERCA CAB HEX AC GALV P/TORNILLO 5/8""",0.0,0.0
2704,MT-207 (55-5),1006264,"ARANDELA PRESION ACERO GALV P/TORN 5/8""",10.0,0.0
2705,MT-207 (55-5),1006694,GRAPA RETENCION 2/0 AWG A 4/0 AWG,2.0,0.0
2706,MT-207 (55-5),1006696,GRAPA CONEXION DOBLE S/TOR,0.0,0.0
2707,MT-207 (55-5),1007099,"TUERCA D/OJO AC GALV P/TORNILLO 5/8""",2.0,0.0
2708,MT-207 (55-5),1006234,AISLADOR PORC.TIPO SUSPENSION ANSI 52-1,4.0,0.0
2709,MT-207 (55-5),1006265,"ARANDELA PRESION ACERO GALV P/TORN 3/8""",4.0,0.0
2710,MT-207 (55-5),1006262,"ARANDELA PRESION ACERO GALV P/TORN 1/2""",1.0,0.0
2711,MT-207 (55-5),1007052,"TORNILLO HEX PAS AC GALV 3/8"" X 2""",4.0,0.0
2712,MT-207 (55-5),1006840,"PERNO ROSCA CORRIDA AC GALV 5/8"" X12""",3.0,0.0
2713,MT-207 (55-5),1008251,"TORNILLO MAQUINA AC GALV 1/2"" X 12""",1.0,0.0
2714,MT-207 (55-5),1006506,"CRUCETA ACERO GALV 5'-7"" 3"" X 3""",2.0,0.0
2715,MT-207 (55-5),1006601,"FLEJE GALV 1-1/4"" X 1/4"" X 28'ORIF 9/16""",4.0,0.0
2716,MT-212 (55-5),1006238,AISLADOR PORC.TIPO ESPIGA ANSI 55-5,2.0,0.0
2717,MT-212 (55-5),1007099,"TUERCA D/OJO AC GALV P/TORNILLO 5/8""",8.0,0.0
2718,MT-212 (55-5),1006841,"PERNO ROSCA CORRIDA AC GALV 5/8""X14'",4.0,0.0
2719,MT-212 (55-5),1006840,"PERNO ROSCA CORRIDA AC GALV 5/8"" X12""",2.0,0.0
2720,MT-212 (55-5),1006694,GRAPA RETENCION 2/0 AWG A 4/0 AWG,4.0,0.0
2721,MT-212 (55-5),1006583,"ESPIGA C/MANGUITO ADAPT 5/8""X1"" L=51/4""",2.0,0.0
2722,MT-212 (55-5),1007057,"TORNILLO HEX PAS AC GALV 5/8"" X 12""",2.0,0.0
2723,MT-212 (55-5),1006696,GRAPA CONEXION DOBLE S/TOR,0.0,0.0
2724,MT-212 (55-5),1007094,"TUERCA CAB HEX AC GALV P/TORNILLO 5/8""",0.0,0.0
2725,MT-212 (55-5),1006264,"ARANDELA PRESION ACERO GALV P/TORN 5/8""",6.0,0.0
2726,MT-212 (55-5),1006250,"ARAN PLAN CUA AC GALV 21/4""X21/4"" D 5/8""",6.0,0.0
2727,MT-212 (55-5),1007225,"ABRAZADERA PERNO P/TORNILLO 5/8""",4.0,0.0
2728,MT-212 (55-5),1006234,AISLADOR PORC.TIPO SUSPENSION ANSI 52-1,8.0,0.0
2729,MT-213 (55-5),1006234,AISLADOR PORC.TIPO SUSPENSION ANSI 52-1,8.0,0.0
2730,MT-213 (55-5),1006696,GRAPA CONEXION DOBLE S/TOR,0.0,0.0
2731,MT-213 (55-5),1006264,"ARANDELA PRESION ACERO GALV P/TORN 5/8""",14.0,0.0
2732,MT-213 (55-5),1007094,"TUERCA CAB HEX AC GALV P/TORNILLO 5/8""",0.0,0.0
2733,MT-213 (55-5),1006262,"ARANDELA PRESION ACERO GALV P/TORN 1/2""",1.0,0.0
2734,MT-213 (55-5),1007052,"TORNILLO HEX PAS AC GALV 3/8"" X 2""",4.0,0.0
2735,MT-213 (55-5),1006840,"PERNO ROSCA CORRIDA AC GALV 5/8"" X12""",3.0,0.0
2736,MT-213 (55-5),1007099,"TUERCA D/OJO AC GALV P/TORNILLO 5/8""",4.0,0.0
2737,MT-213 (55-5),1006506,"CRUCETA ACERO GALV 5'-7"" 3"" X 3""",2.0,0.0
2738,MT-213 (55-5),1006601,"FLEJE GALV 1-1/4"" X 1/4"" X 28'ORIF 9/16""",4.0,0.0
2739,MT-213 (55-5),1008251,"TORNILLO MAQUINA AC GALV 1/2"" X 12""",1.0,0.0
2740,MT-213 (55-5),1006265,"ARANDELA PRESION ACERO GALV P/TORN 3/8""",4.0,0.0
2741,MT-213 (55-5),1006579,"ESPIGA ACERO GAL VASTAGO 3/4"" X 7 3/4""",2.0,0.0
2742,MT-213 (55-5),1006238,AISLADOR PORC.TIPO ESPIGA ANSI 55-5,2.0,0.0
2743,MT-213 (55-5),1006694,GRAPA RETENCION 2/0 AWG A 4/0 AWG,4.0,0.0
2744,MT-216 (55-5),1006595,"FLEJE AC GALV 1-3/4""X1-3/4""X3/16""X84""",1.0,0.0
2745,MT-216 (55-5),1007057,"TORNILLO HEX PAS AC GALV 5/8"" X 12""",2.0,0.0
2746,MT-216 (55-5),1006579,"ESPIGA ACERO GAL VASTAGO 3/4"" X 7 3/4""",2.0,0.0
2747,MT-216 (55-5),1007200,"TORNILLO MAQUINA 1/2"" X 2""",1.0,0.0
2748,MT-216 (55-5),1006250,"ARAN PLAN CUA AC GALV 21/4""X21/4"" D 5/8""",2.0,0.0
2749,MT-216 (55-5),1006264,"ARANDELA PRESION ACERO GALV P/TORN 5/8""",2.0,0.0
2750,MT-216 (55-5),1006262,"ARANDELA PRESION ACERO GALV P/TORN 1/2""",1.0,0.0
2751,MT-216 (55-5),1006238,AISLADOR PORC.TIPO ESPIGA ANSI 55-5,2.0,0.0
2752,MT-216 (55-5),1006696,GRAPA CONEXION DOBLE S/TOR,0.0,0.0
2753,MT-216 (55-5),1006508,"CRUCETA ACERO GALV 8'-0""3"" X 3""",1.0,0.0
2754,MT-217 (55-5),1006595,"FLEJE AC GALV 1-3/4""X1-3/4""X3/16""X84""",1.0,0.0
2755,MT-217 (55-5),1006508,"CRUCETA ACERO GALV 8'-0""3"" X 3""",2.0,0.0
2756,MT-217 (55-5),1006696,GRAPA CONEXION DOBLE S/TOR,0.0,0.0
2757,MT-217 (55-5),1007026,"TORNILLO CABEZA HEXAGONAL 1/2"" X 2""",0.0,0.0
2758,MT-217 (55-5),1007282,"TORNILLO ESP ROSCA CORRIDA 1/2"" X12""",1.0,0.0
2759,MT-217 (55-5),1007057,"TORNILLO HEX PAS AC GALV 5/8"" X 12""",1.0,0.0
2760,MT-217 (55-5),1006250,"ARAN PLAN CUA AC GALV 21/4""X21/4"" D 5/8""",2.0,0.0
2761,MT-217 (55-5),1006262,"ARANDELA PRESION ACERO GALV P/TORN 1/2""",1.0,0.0
2762,MT-217 (55-5),1006264,"ARANDELA PRESION ACERO GALV P/TORN 5/8""",9.0,0.0
2763,MT-217 (55-5),1006840,"PERNO ROSCA CORRIDA AC GALV 5/8"" X12""",3.0,0.0
2764,MT-217 (55-5),1006238,AISLADOR PORC.TIPO ESPIGA ANSI 55-5,4.0,0.0
2765,MT-217 (55-5),1006579,"ESPIGA ACERO GAL VASTAGO 3/4"" X 7 3/4""",4.0,0.0
2766,MT-217 (55-5),1008251,"TORNILLO MAQUINA AC GALV 1/2"" X 12""",0.0,0.0
2767,MT-201 (57-1),1005947,ALAMBRE LIGADURAALUMINIO,2.0,0.0
2768,MT-201 (57-1),1006696,GRAPA CONEXION DOBLE S/TOR,0.0,0.0
2769,MT-201 (57-1),1007094,"TUERCA CAB HEX AC GALV P/TORNILLO 5/8""",0.0,0.0
2770,MT-201 (57-1),1006241,AISLADOR PORC.TIPO LINE POST ANSI 57-1,2.0,0.0
2771,MT-201 (57-1),1006838,PERNO CORTO GALVANIZADO ANSI 57-1/3,2.0,0.0
2772,MT-201 (57-1),1006264,"ARANDELA PRESION ACERO GALV P/TORN 5/8""",1.0,0.0
2773,MT-201 (57-1),1006262,"ARANDELA PRESION ACERO GALV P/TORN 1/2""",1.0,0.0
2774,MT-201 (57-1),1006265,"ARANDELA PRESION ACERO GALV P/TORN 3/8""",2.0,0.0
2775,MT-201 (57-1),1007279,"ARANDELA CUADRADA 2""X2"" P/TORNILLO 1/2""",1.0,0.0
2776,MT-201 (57-1),1007052,"TORNILLO HEX PAS AC GALV 3/8"" X 2""",2.0,0.0
2777,MT-201 (57-1),1008251,"TORNILLO MAQUINA AC GALV 1/2"" X 12""",1.0,0.0
2778,MT-201 (57-1),1007057,"TORNILLO HEX PAS AC GALV 5/8"" X 12""",1.0,0.0
2779,MT-201 (57-1),1006601,"FLEJE GALV 1-1/4"" X 1/4"" X 28'ORIF 9/16""",2.0,0.0
2780,MT-201 (57-1),1006506,"CRUCETA ACERO GALV 5'-7"" 3"" X 3""",1.0,0.0
2781,MT-201 (57-1),1006250,"ARAN PLAN CUA AC GALV 21/4""X21/4"" D 5/8""",1.0,0.0
2782,MT-202 (57-1),1005947,ALAMBRE LIGADURAALUMINIO,4.0,0.0
2783,MT-202 (57-1),1006696,GRAPA CONEXION DOBLE S/TOR,0.0,0.0
2784,MT-202 (57-1),1007094,"TUERCA CAB HEX AC GALV P/TORNILLO 5/8""",0.0,0.0
2785,MT-202 (57-1),1006241,AISLADOR PORC.TIPO LINE POST ANSI 57-1,4.0,0.0
2786,MT-202 (57-1),1006838,PERNO CORTO GALVANIZADO ANSI 57-1/3,4.0,0.0
2787,MT-202 (57-1),1006264,"ARANDELA PRESION ACERO GALV P/TORN 5/8""",10.0,0.0
2788,MT-202 (57-1),1006262,"ARANDELA PRESION ACERO GALV P/TORN 1/2""",1.0,0.0
2789,MT-202 (57-1),1006265,"ARANDELA PRESION ACERO GALV P/TORN 3/8""",4.0,0.0
2790,MT-202 (57-1),1006508,"CRUCETA ACERO GALV 8'-0""3"" X 3""",2.0,0.0
2791,MT-202 (57-1),1006601,"FLEJE GALV 1-1/4"" X 1/4"" X 28'ORIF 9/16""",4.0,0.0
2792,MT-202 (57-1),1008251,"TORNILLO MAQUINA AC GALV 1/2"" X 12""",1.0,0.0
2793,MT-202 (57-1),1007052,"TORNILLO HEX PAS AC GALV 3/8"" X 2""",4.0,0.0
2794,MT-202 (57-1),1006840,"PERNO ROSCA CORRIDA AC GALV 5/8"" X12""",3.0,0.0
2795,MT-203 (57-1),1006264,"ARANDELA PRESION ACERO GALV P/TORN 5/8""",8.0,0.0
2796,MT-203 (57-1),1006250,"ARAN PLAN CUA AC GALV 21/4""X21/4"" D 5/8""",4.0,0.0
2797,MT-203 (57-1),1007225,"ABRAZADERA PERNO P/TORNILLO 5/8""",2.0,0.0
2798,MT-203 (57-1),1006230,AISLADOR COMPOSITE T/SUSPENSION 13.2KV,2.0,0.0
2799,MT-203 (57-1),1007099,"TUERCA D/OJO AC GALV P/TORNILLO 5/8""",4.0,0.0
2800,MT-203 (57-1),1006710,GRAPA SUSPENSION AL P/COND 4/0-266 AWG,2.0,0.0
2801,MT-203 (57-1),1006840,"PERNO ROSCA CORRIDA AC GALV 5/8"" X12""",2.0,0.0
2802,MT-203 (57-1),1006841,"PERNO ROSCA CORRIDA AC GALV 5/8""X14'",2.0,0.0
2803,MT-204 (57-1),1007094,"TUERCA CAB HEX AC GALV P/TORNILLO 5/8""",0.0,0.0
2804,MT-204 (57-1),1006696,GRAPA CONEXION DOBLE S/TOR,0.0,0.0
2805,MT-204 (57-1),1006264,"ARANDELA PRESION ACERO GALV P/TORN 5/8""",12.0,0.0
2806,MT-204 (57-1),1006710,GRAPA SUSPENSION AL P/COND 4/0-266 AWG,4.0,0.0
2807,MT-204 (57-1),1007099,"TUERCA D/OJO AC GALV P/TORNILLO 5/8""",8.0,0.0
2808,MT-204 (57-1),1006250,"ARAN PLAN CUA AC GALV 21/4""X21/4"" D 5/8""",8.0,0.0
2809,MT-204 (57-1),1007225,"ABRAZADERA PERNO P/TORNILLO 5/8""",4.0,0.0
2810,MT-204 (57-1),1006230,AISLADOR COMPOSITE T/SUSPENSION 13.2KV,4.0,0.0
2811,MT-204 (57-1),1006841,"PERNO ROSCA CORRIDA AC GALV 5/8""X14'",4.0,0.0
2812,MT-204 (57-1),1006840,"PERNO ROSCA CORRIDA AC GALV 5/8"" X12""",4.0,0.0
2813,MT-205 (57-1),1006696,GRAPA CONEXION DOBLE S/TOR,0.0,0.0
2814,MT-205 (57-1),1006694,GRAPA RETENCION 2/0 AWG A 4/0 AWG,4.0,0.0
2815,MT-205 (57-1),1006264,"ARANDELA PRESION ACERO GALV P/TORN 5/8""",24.0,0.0
2816,MT-205 (57-1),1007094,"TUERCA CAB HEX AC GALV P/TORNILLO 5/8""",0.0,0.0
2817,MT-205 (57-1),1006262,"ARANDELA PRESION ACERO GALV P/TORN 1/2""",2.0,0.0
2818,MT-205 (57-1),1007052,"TORNILLO HEX PAS AC GALV 3/8"" X 2""",8.0,0.0
2819,MT-205 (57-1),1006840,"PERNO ROSCA CORRIDA AC GALV 5/8"" X12""",6.0,0.0
2820,MT-205 (57-1),1008251,"TORNILLO MAQUINA AC GALV 1/2"" X 12""",2.0,0.0
2821,MT-205 (57-1),1006506,"CRUCETA ACERO GALV 5'-7"" 3"" X 3""",4.0,0.0
2822,MT-205 (57-1),1006601,"FLEJE GALV 1-1/4"" X 1/4"" X 28'ORIF 9/16""",8.0,0.0
2823,MT-205 (57-1),1006265,"ARANDELA PRESION ACERO GALV P/TORN 3/8""",8.0,0.0
2824,MT-205 (57-1),1006838,PERNO CORTO GALVANIZADO ANSI 57-1/3,2.0,0.0
2825,MT-205 (57-1),1006241,AISLADOR PORC.TIPO LINE POST ANSI 57-1,2.0,0.0
2826,MT-205 (57-1),1006230,AISLADOR COMPOSITE T/SUSPENSION 13.2KV,4.0,0.0
2827,MT-205 (57-1),1005947,ALAMBRE LIGADURAALUMINIO,2.0,0.0
2828,MT-205 (57-1),1007099,"TUERCA D/OJO AC GALV P/TORNILLO 5/8""",4.0,0.0
2829,MT-206 (57-1),1006841,"PERNO ROSCA CORRIDA AC GALV 5/8""X14'",2.0,0.0
2830,MT-206 (57-1),1006840,"PERNO ROSCA CORRIDA AC GALV 5/8"" X12""",2.0,0.0
2831,MT-206 (57-1),1006694,GRAPA RETENCION 2/0 AWG A 4/0 AWG,2.0,0.0
2832,MT-206 (57-1),1006696,GRAPA CONEXION DOBLE S/TOR,0.0,0.0
2833,MT-206 (57-1),1007099,"TUERCA D/OJO AC GALV P/TORNILLO 5/8""",4.0,0.0
2834,MT-206 (57-1),1006264,"ARANDELA PRESION ACERO GALV P/TORN 5/8""",8.0,0.0
2835,MT-206 (57-1),1006250,"ARAN PLAN CUA AC GALV 21/4""X21/4"" D 5/8""",4.0,0.0
2836,MT-206 (57-1),1007225,"ABRAZADERA PERNO P/TORNILLO 5/8""",2.0,0.0
2837,MT-206 (57-1),1006230,AISLADOR COMPOSITE T/SUSPENSION 13.2KV,2.0,0.0
2838,MT-207 (57-1),1007094,"TUERCA CAB HEX AC GALV P/TORNILLO 5/8""",0.0,0.0
2839,MT-207 (57-1),1006264,"ARANDELA PRESION ACERO GALV P/TORN 5/8""",10.0,0.0
2840,MT-207 (57-1),1006694,GRAPA RETENCION 2/0 AWG A 4/0 AWG,2.0,0.0
2841,MT-207 (57-1),1006696,GRAPA CONEXION DOBLE S/TOR,0.0,0.0
2842,MT-207 (57-1),1007099,"TUERCA D/OJO AC GALV P/TORNILLO 5/8""",2.0,0.0
2843,MT-207 (57-1),1006230,AISLADOR COMPOSITE T/SUSPENSION 13.2KV,2.0,0.0
2844,MT-207 (57-1),1006265,"ARANDELA PRESION ACERO GALV P/TORN 3/8""",4.0,0.0
2845,MT-207 (57-1),1006262,"ARANDELA PRESION ACERO GALV P/TORN 1/2""",1.0,0.0
2846,MT-207 (57-1),1007052,"TORNILLO HEX PAS AC GALV 3/8"" X 2""",4.0,0.0
2847,MT-207 (57-1),1006840,"PERNO ROSCA CORRIDA AC GALV 5/8"" X12""",3.0,0.0
2848,MT-207 (57-1),1008251,"TORNILLO MAQUINA AC GALV 1/2"" X 12""",1.0,0.0
2849,MT-207 (57-1),1006506,"CRUCETA ACERO GALV 5'-7"" 3"" X 3""",2.0,0.0
2850,MT-207 (57-1),1006601,"FLEJE GALV 1-1/4"" X 1/4"" X 28'ORIF 9/16""",4.0,0.0
2851,MT-212 (57-1),1006238,AISLADOR PORC.TIPO ESPIGA ANSI 55-5,2.0,0.0
2852,MT-212 (57-1),1007099,"TUERCA D/OJO AC GALV P/TORNILLO 5/8""",8.0,0.0
2853,MT-212 (57-1),1006841,"PERNO ROSCA CORRIDA AC GALV 5/8""X14'",4.0,0.0
2854,MT-212 (57-1),1006840,"PERNO ROSCA CORRIDA AC GALV 5/8"" X12""",2.0,0.0
2855,MT-212 (57-1),1006694,GRAPA RETENCION 2/0 AWG A 4/0 AWG,4.0,0.0
2856,MT-212 (57-1),1006583,"ESPIGA C/MANGUITO ADAPT 5/8""X1"" L=51/4""",2.0,0.0
2857,MT-212 (57-1),1007057,"TORNILLO HEX PAS AC GALV 5/8"" X 12""",2.0,0.0
2858,MT-212 (57-1),1006696,GRAPA CONEXION DOBLE S/TOR,0.0,0.0
2859,MT-212 (57-1),1007094,"TUERCA CAB HEX AC GALV P/TORNILLO 5/8""",0.0,0.0
2860,MT-212 (57-1),1006264,"ARANDELA PRESION ACERO GALV P/TORN 5/8""",6.0,0.0
2861,MT-212 (57-1),1006250,"ARAN PLAN CUA AC GALV 21/4""X21/4"" D 5/8""",6.0,0.0
2862,MT-212 (57-1),1007225,"ABRAZADERA PERNO P/TORNILLO 5/8""",4.0,0.0
2863,MT-212 (57-1),1006230,AISLADOR COMPOSITE T/SUSPENSION 13.2KV,4.0,0.0
2864,MT-213 (57-1),1006230,AISLADOR COMPOSITE T/SUSPENSION 13.2KV,4.0,0.0
2865,MT-213 (57-1),1006696,GRAPA CONEXION DOBLE S/TOR,0.0,0.0
2866,MT-213 (57-1),1006264,"ARANDELA PRESION ACERO GALV P/TORN 5/8""",14.0,0.0
2867,MT-213 (57-1),1007094,"TUERCA CAB HEX AC GALV P/TORNILLO 5/8""",0.0,0.0
2868,MT-213 (57-1),1006262,"ARANDELA PRESION ACERO GALV P/TORN 1/2""",1.0,0.0
2869,MT-213 (57-1),1007052,"TORNILLO HEX PAS AC GALV 3/8"" X 2""",4.0,0.0
2870,MT-213 (57-1),1006840,"PERNO ROSCA CORRIDA AC GALV 5/8"" X12""",3.0,0.0
2871,MT-213 (57-1),1007099,"TUERCA D/OJO AC GALV P/TORNILLO 5/8""",4.0,0.0
2872,MT-213 (57-1),1006506,"CRUCETA ACERO GALV 5'-7"" 3"" X 3""",2.0,0.0
2873,MT-213 (57-1),1006601,"FLEJE GALV 1-1/4"" X 1/4"" X 28'ORIF 9/16""",4.0,0.0
2874,MT-213 (57-1),1008251,"TORNILLO MAQUINA AC GALV 1/2"" X 12""",1.0,0.0
2875,MT-213 (57-1),1006265,"ARANDELA PRESION ACERO GALV P/TORN 3/8""",4.0,0.0
2876,MT-213 (57-1),1006838,PERNO CORTO GALVANIZADO ANSI 57-1/3,2.0,0.0
2877,MT-213 (57-1),1006241,AISLADOR PORC.TIPO LINE POST ANSI 57-1,2.0,0.0
2878,MT-213 (57-1),1006694,GRAPA RETENCION 2/0 AWG A 4/0 AWG,4.0,0.0
2879,MT-216 (57-1),1006595,"FLEJE AC GALV 1-3/4""X1-3/4""X3/16""X84""",1.0,0.0
2880,MT-216 (57-1),1007057,"TORNILLO HEX PAS AC GALV 5/8"" X 12""",2.0,0.0
2881,MT-216 (57-1),1006838,PERNO CORTO GALVANIZADO ANSI 57-1/3,2.0,0.0
2882,MT-216 (57-1),1007200,"TORNILLO MAQUINA 1/2"" X 2""",1.0,0.0
2883,MT-216 (57-1),1006250,"ARAN PLAN CUA AC GALV 21/4""X21/4"" D 5/8""",2.0,0.0
2884,MT-216 (57-1),1006264,"ARANDELA PRESION ACERO GALV P/TORN 5/8""",2.0,0.0
2885,MT-216 (57-1),1006262,"ARANDELA PRESION ACERO GALV P/TORN 1/2""",1.0,0.0
2886,MT-216 (57-1),1006241,AISLADOR PORC.TIPO LINE POST ANSI 57-1,2.0,0.0
2887,MT-216 (57-1),1006696,GRAPA CONEXION DOBLE S/TOR,0.0,0.0
2888,MT-216 (57-1),1006508,"CRUCETA ACERO GALV 8'-0""3"" X 3""",1.0,0.0
2889,MT-217 (57-1),1006595,"FLEJE AC GALV 1-3/4""X1-3/4""X3/16""X84""",1.0,0.0
2890,MT-217 (57-1),1006508,"CRUCETA ACERO GALV 8'-0""3"" X 3""",2.0,0.0
2891,MT-217 (57-1),1006696,GRAPA CONEXION DOBLE S/TOR,0.0,0.0
2892,MT-217 (57-1),1007026,"TORNILLO CABEZA HEXAGONAL 1/2"" X 2""",0.0,0.0
2893,MT-217 (57-1),1007282,"TORNILLO ESP ROSCA CORRIDA 1/2"" X12""",1.0,0.0
2894,MT-217 (57-1),1007057,"TORNILLO HEX PAS AC GALV 5/8"" X 12""",1.0,0.0
2895,MT-217 (57-1),1006250,"ARAN PLAN CUA AC GALV 21/4""X21/4"" D 5/8""",2.0,0.0
2896,MT-217 (57-1),1006262,"ARANDELA PRESION ACERO GALV P/TORN 1/2""",1.0,0.0
2897,MT-217 (57-1),1006264,"ARANDELA PRESION ACERO GALV P/TORN 5/8""",9.0,0.0
2898,MT-217 (57-1),1006840,"PERNO ROSCA CORRIDA AC GALV 5/8"" X12""",3.0,0.0
2899,MT-217 (57-1),1006241,AISLADOR PORC.TIPO LINE POST ANSI 57-1,4.0,0.0
2900,MT-217 (57-1),1006838,PERNO CORTO GALVANIZADO ANSI 57-1/3,4.0,0.0
2901,MT-217 (57-1),1008251,"TORNILLO MAQUINA AC GALV 1/2"" X 12""",0.0,0.0
2902,MT-301 (34.5 KV),1008251,"TORNILLO MAQUINA AC GALV 1/2"" X 12""",1.0,0.0
2903,MT-301 (34.5 KV),1006601,"FLEJE GALV 1-1/4"" X 1/4"" X 28'ORIF 9/16""",2.0,0.0
2904,MT-301 (34.5 KV),1006838,PERNO CORTO GALVANIZADO ANSI 57-1/3,3.0,0.0
2905,MT-301 (34.5 KV),1006940,SOPORTE DE ACERO PARA AISLADOR RIGIDO EN CABEZA DE POSTE,1.0,0.0
2906,MT-301 (34.5 KV),1006508,"CRUCETA ACERO GALV 8'-0""3"" X 3""",1.0,0.0
2907,MT-301 (34.5 KV),1005947,ALAMBRE LIGADURAALUMINIO,3.0,0.0
2908,MT-301 (34.5 KV),1006696,GRAPA CONEXION DOBLE S/TOR,0.0,0.0
2909,MT-301 (34.5 KV),1006265,"ARANDELA PRESION ACERO GALV P/TORN 3/8""",2.0,0.0
2910,MT-301 (34.5 KV),1006262,"ARANDELA PRESION ACERO GALV P/TORN 1/2""",1.0,0.0
2911,MT-301 (34.5 KV),1006264,"ARANDELA PRESION ACERO GALV P/TORN 5/8""",3.0,0.0
2912,MT-301 (34.5 KV),1006250,"ARAN PLAN CUA AC GALV 21/4""X21/4"" D 5/8""",3.0,0.0
2913,MT-301 (34.5 KV),1006242,AISLADOR PORC.TIPO LINE POST ANSI 57-3,3.0,0.0
2914,MT-301 (34.5 KV),1007279,"ARANDELA CUADRADA 2""X2"" P/TORNILLO 1/2""",1.0,0.0
2915,MT-301 (34.5 KV),1007057,"TORNILLO HEX PAS AC GALV 5/8"" X 12""",3.0,0.0
2916,MT-301 (34.5 KV),1007052,"TORNILLO HEX PAS AC GALV 3/8"" X 2""",2.0,0.0
2917,MT-301 (34.5 KV),1007094,"TUERCA CAB HEX AC GALV P/TORNILLO 5/8""",0.0,0.0
2918,MT-302 (34.5 KV),1005947,ALAMBRE LIGADURAALUMINIO,6.0,0.0
2919,MT-302 (34.5 KV),1007052,"TORNILLO HEX PAS AC GALV 3/8"" X 2""",4.0,0.0
2920,MT-302 (34.5 KV),1008251,"TORNILLO MAQUINA AC GALV 1/2"" X 12""",1.0,0.0
2921,MT-302 (34.5 KV),1006840,"PERNO ROSCA CORRIDA AC GALV 5/8"" X12""",3.0,0.0
2922,MT-302 (34.5 KV),1006601,"FLEJE GALV 1-1/4"" X 1/4"" X 28'ORIF 9/16""",4.0,0.0
2923,MT-302 (34.5 KV),1006838,PERNO CORTO GALVANIZADO ANSI 57-1/3,6.0,0.0
2924,MT-302 (34.5 KV),1006508,"CRUCETA ACERO GALV 8'-0""3"" X 3""",2.0,0.0
2925,MT-302 (34.5 KV),1007094,"TUERCA CAB HEX AC GALV P/TORNILLO 5/8""",0.0,0.0
2926,MT-302 (34.5 KV),1006696,GRAPA CONEXION DOBLE S/TOR,0.0,0.0
2927,MT-302 (34.5 KV),1006265,"ARANDELA PRESION ACERO GALV P/TORN 3/8""",4.0,0.0
2928,MT-302 (34.5 KV),1006262,"ARANDELA PRESION ACERO GALV P/TORN 1/2""",1.0,0.0
2929,MT-302 (34.5 KV),1006264,"ARANDELA PRESION ACERO GALV P/TORN 5/8""",10.0,0.0
2930,MT-302 (34.5 KV),1006242,AISLADOR PORC.TIPO LINE POST ANSI 57-3,6.0,0.0
2931,MT-305 (2/0-4/0) C8 (34.5 KV),1006601,"FLEJE GALV 1-1/4"" X 1/4"" X 28'ORIF 9/16""",8.0,0.0
2932,MT-305 (2/0-4/0) C8 (34.5 KV),1006840,"PERNO ROSCA CORRIDA AC GALV 5/8"" X12""",6.0,0.0
2933,MT-305 (2/0-4/0) C8 (34.5 KV),1008251,"TORNILLO MAQUINA AC GALV 1/2"" X 12""",2.0,0.0
2934,MT-305 (2/0-4/0) C8 (34.5 KV),1007052,"TORNILLO HEX PAS AC GALV 3/8"" X 2""",8.0,0.0
2935,MT-305 (2/0-4/0) C8 (34.5 KV),1006696,GRAPA CONEXION DOBLE S/TOR,0.0,0.0
2936,MT-305 (2/0-4/0) C8 (34.5 KV),1007099,"TUERCA D/OJO AC GALV P/TORNILLO 5/8""",7.0,0.0
2937,MT-305 (2/0-4/0) C8 (34.5 KV),1006694,GRAPA RETENCION 2/0 AWG A 4/0 AWG,6.0,0.0
2938,MT-305 (2/0-4/0) C8 (34.5 KV),1005947,ALAMBRE LIGADURAALUMINIO,2.0,0.0
2939,MT-305 (2/0-4/0) C8 (34.5 KV),1006841,"PERNO ROSCA CORRIDA AC GALV 5/8""X14'",1.0,0.0
2940,MT-305 (2/0-4/0) C8 (34.5 KV),1007225,"ABRAZADERA PERNO P/TORNILLO 5/8""",1.0,0.0
2941,MT-305 (2/0-4/0) C8 (34.5 KV),1006242,AISLADOR PORC.TIPO LINE POST ANSI 57-3,2.0,0.0
2942,MT-305 (2/0-4/0) C8 (34.5 KV),1008904,AISLADOR POLIMÉRICO TIPO SUSPENSIÓN 35k,6.0,0.0
2943,MT-305 (2/0-4/0) C8 (34.5 KV),1006264,"ARANDELA PRESION ACERO GALV P/TORN 5/8""",22.0,0.0
2944,MT-305 (2/0-4/0) C8 (34.5 KV),1006262,"ARANDELA PRESION ACERO GALV P/TORN 1/2""",2.0,0.0
2945,MT-305 (2/0-4/0) C8 (34.5 KV),1006265,"ARANDELA PRESION ACERO GALV P/TORN 3/8""",8.0,0.0
2946,MT-305 (2/0-4/0) C8 (34.5 KV),1007094,"TUERCA CAB HEX AC GALV P/TORNILLO 5/8""",0.0,0.0
2947,MT-305 (2/0-4/0) C8 (34.5 KV),1006508,"CRUCETA ACERO GALV 8'-0""3"" X 3""",4.0,0.0
2948,MT-305 (2/0-4/0) C8 (34.5 KV),1006838,PERNO CORTO GALVANIZADO ANSI 57-1/3,2.0,0.0
2949,MT-305 (336-477) C8 (34.5 KV),1006601,"FLEJE GALV 1-1/4"" X 1/4"" X 28'ORIF 9/16""",8.0,0.0
2950,MT-305 (336-477) C8 (34.5 KV),1006840,"PERNO ROSCA CORRIDA AC GALV 5/8"" X12""",6.0,0.0
2951,MT-305 (336-477) C8 (34.5 KV),1008251,"TORNILLO MAQUINA AC GALV 1/2"" X 12""",2.0,0.0
2952,MT-305 (336-477) C8 (34.5 KV),1007052,"TORNILLO HEX PAS AC GALV 3/8"" X 2""",8.0,0.0
2953,MT-305 (336-477) C8 (34.5 KV),1006696,GRAPA CONEXION DOBLE S/TOR,0.0,0.0
2954,MT-305 (336-477) C8 (34.5 KV),1007099,"TUERCA D/OJO AC GALV P/TORNILLO 5/8""",7.0,0.0
2955,MT-305 (336-477) C8 (34.5 KV),1006695,GRAPA RETENCION 336 MCM A 477 MCM,6.0,0.0
2956,MT-305 (336-477) C8 (34.5 KV),1005947,ALAMBRE LIGADURAALUMINIO,2.0,0.0
2957,MT-305 (336-477) C8 (34.5 KV),1006841,"PERNO ROSCA CORRIDA AC GALV 5/8""X14'",1.0,0.0
2958,MT-305 (336-477) C8 (34.5 KV),1007225,"ABRAZADERA PERNO P/TORNILLO 5/8""",1.0,0.0
2959,MT-305 (336-477) C8 (34.5 KV),1006242,AISLADOR PORC.TIPO LINE POST ANSI 57-3,2.0,0.0
2960,MT-305 (336-477) C8 (34.5 KV),1008904,AISLADOR POLIMÉRICO TIPO SUSPENSIÓN 35k,6.0,0.0
2961,MT-305 (336-477) C8 (34.5 KV),1006264,"ARANDELA PRESION ACERO GALV P/TORN 5/8""",22.0,0.0
2962,MT-305 (336-477) C8 (34.5 KV),1006262,"ARANDELA PRESION ACERO GALV P/TORN 1/2""",2.0,0.0
2963,MT-305 (336-477) C8 (34.5 KV),1006265,"ARANDELA PRESION ACERO GALV P/TORN 3/8""",8.0,0.0
2964,MT-305 (336-477) C8 (34.5 KV),1007094,"TUERCA CAB HEX AC GALV P/TORNILLO 5/8""",0.0,0.0
2965,MT-305 (336-477) C8 (34.5 KV),1006508,"CRUCETA ACERO GALV 8'-0""3"" X 3""",4.0,0.0
2966,MT-305 (336-477) C8 (34.5 KV),1006838,PERNO CORTO GALVANIZADO ANSI 57-1/3,2.0,0.0
2967,MT-307 (2/0-4/0) C8 (34.5 KV),1006841,"PERNO ROSCA CORRIDA AC GALV 5/8""X14'",1.0,0.0
2968,MT-307 (2/0-4/0) C8 (34.5 KV),1006694,GRAPA RETENCION 2/0 AWG A 4/0 AWG,3.0,0.0
2969,MT-307 (2/0-4/0) C8 (34.5 KV),1007099,"TUERCA D/OJO AC GALV P/TORNILLO 5/8""",4.0,0.0
2970,MT-307 (2/0-4/0) C8 (34.5 KV),1006696,GRAPA CONEXION DOBLE S/TOR,1.0,0.0
2971,MT-307 (2/0-4/0) C8 (34.5 KV),1007052,"TORNILLO HEX PAS AC GALV 3/8"" X 2""",4.0,0.0
2972,MT-307 (2/0-4/0) C8 (34.5 KV),1008251,"TORNILLO MAQUINA AC GALV 1/2"" X 12""",0.0,0.0
2973,MT-307 (2/0-4/0) C8 (34.5 KV),1006840,"PERNO ROSCA CORRIDA AC GALV 5/8"" X12""",3.0,0.0
2974,MT-307 (2/0-4/0) C8 (34.5 KV),1006601,"FLEJE GALV 1-1/4"" X 1/4"" X 28'ORIF 9/16""",4.0,0.0
2975,MT-307 (2/0-4/0) C8 (34.5 KV),1007225,"ABRAZADERA PERNO P/TORNILLO 5/8""",1.0,0.0
2976,MT-307 (2/0-4/0) C8 (34.5 KV),1008904,AISLADOR POLIMÉRICO TIPO SUSPENSIÓN 35k,3.0,0.0
2977,MT-307 (2/0-4/0) C8 (34.5 KV),1006264,"ARANDELA PRESION ACERO GALV P/TORN 5/8""",11.0,0.0
2978,MT-307 (2/0-4/0) C8 (34.5 KV),1006262,"ARANDELA PRESION ACERO GALV P/TORN 1/2""",1.0,0.0
2979,MT-307 (2/0-4/0) C8 (34.5 KV),1006265,"ARANDELA PRESION ACERO GALV P/TORN 3/8""",4.0,0.0
2980,MT-307 (2/0-4/0) C8 (34.5 KV),1007094,"TUERCA CAB HEX AC GALV P/TORNILLO 5/8""",1.0,0.0
2981,MT-307 (2/0-4/0) C8 (34.5 KV),1006508,"CRUCETA ACERO GALV 8'-0""3"" X 3""",2.0,0.0
2982,MT-307 (336-447) C8 (34.5 KV),1006841,"PERNO ROSCA CORRIDA AC GALV 5/8""X14'",1.0,0.0
2983,MT-307 (336-447) C8 (34.5 KV),1006695,GRAPA RETENCION 336 MCM A 477 MCM,1.0,0.0
2984,MT-307 (336-447) C8 (34.5 KV),1007099,"TUERCA D/OJO AC GALV P/TORNILLO 5/8""",3.0,0.0
2985,MT-307 (336-447) C8 (34.5 KV),1006696,GRAPA CONEXION DOBLE S/TOR,4.0,0.0
2986,MT-307 (336-447) C8 (34.5 KV),1007052,"TORNILLO HEX PAS AC GALV 3/8"" X 2""",1.0,0.0
2987,MT-307 (336-447) C8 (34.5 KV),1008251,"TORNILLO MAQUINA AC GALV 1/2"" X 12""",4.0,0.0
2988,MT-307 (336-447) C8 (34.5 KV),1006840,"PERNO ROSCA CORRIDA AC GALV 5/8"" X12""",0.0,0.0
2989,MT-307 (336-447) C8 (34.5 KV),1006601,"FLEJE GALV 1-1/4"" X 1/4"" X 28'ORIF 9/16""",3.0,0.0
2990,MT-307 (336-447) C8 (34.5 KV),1007225,"ABRAZADERA PERNO P/TORNILLO 5/8""",1.0,0.0
2991,MT-307 (336-447) C8 (34.5 KV),1008904,AISLADOR POLIMÉRICO TIPO SUSPENSIÓN 35k,3.0,0.0
2992,MT-307 (336-447) C8 (34.5 KV),1006264,"ARANDELA PRESION ACERO GALV P/TORN 5/8""",11.0,0.0
2993,MT-307 (336-447) C8 (34.5 KV),1006262,"ARANDELA PRESION ACERO GALV P/TORN 1/2""",1.0,0.0
2994,MT-307 (336-447) C8 (34.5 KV),1006265,"ARANDELA PRESION ACERO GALV P/TORN 3/8""",4.0,0.0
2995,MT-307 (336-447) C8 (34.5 KV),1007094,"TUERCA CAB HEX AC GALV P/TORNILLO 5/8""",2.0,0.0
2996,MT-307 (336-447) C8 (34.5 KV),1006508,"CRUCETA ACERO GALV 8'-0""3"" X 3""",4.0,0.0
2997,MT-316 (2/0-4/0) C8 (34.5 KV),1006940,SOPORTE DE ACERO PARA AISLADOR RIGIDO EN CABEZA DE POSTE,1.0,0.0
2998,MT-316 (2/0-4/0) C8 (34.5 KV),1006601,"FLEJE GALV 1-1/4"" X 1/4"" X 28'ORIF 9/16""",4.0,0.0
2999,MT-316 (2/0-4/0) C8 (34.5 KV),1006840,"PERNO ROSCA CORRIDA AC GALV 5/8"" X12""",3.0,0.0
3000,MT-316 (2/0-4/0) C8 (34.5 KV),1007057,"TORNILLO HEX PAS AC GALV 5/8"" X 12""",2.0,0.0
3001,MT-316 (2/0-4/0) C8 (34.5 KV),1008251,"TORNILLO MAQUINA AC GALV 1/2"" X 12""",1.0,0.0
3002,MT-316 (2/0-4/0) C8 (34.5 KV),1007052,"TORNILLO HEX PAS AC GALV 3/8"" X 2""",4.0,0.0
3003,MT-316 (2/0-4/0) C8 (34.5 KV),1007099,"TUERCA D/OJO AC GALV P/TORNILLO 5/8""",8.0,0.0
3004,MT-316 (2/0-4/0) C8 (34.5 KV),1006694,GRAPA RETENCION 2/0 AWG A 4/0 AWG,6.0,0.0
3005,MT-316 (2/0-4/0) C8 (34.5 KV),1005947,ALAMBRE LIGADURAALUMINIO,3.0,0.0
3006,MT-316 (2/0-4/0) C8 (34.5 KV),1006841,"PERNO ROSCA CORRIDA AC GALV 5/8""X14'",2.0,0.0
3007,MT-316 (2/0-4/0) C8 (34.5 KV),1006838,PERNO CORTO GALVANIZADO ANSI 57-1/3,3.0,0.0
3008,MT-316 (2/0-4/0) C8 (34.5 KV),1007225,"ABRAZADERA PERNO P/TORNILLO 5/8""",2.0,0.0
3009,MT-316 (2/0-4/0) C8 (34.5 KV),1006242,AISLADOR PORC.TIPO LINE POST ANSI 57-3,3.0,0.0
3010,MT-316 (2/0-4/0) C8 (34.5 KV),1008904,AISLADOR POLIMÉRICO TIPO SUSPENSIÓN 35k,6.0,0.0
3011,MT-316 (2/0-4/0) C8 (34.5 KV),1006250,"ARAN PLAN CUA AC GALV 21/4""X21/4"" D 5/8""",2.0,0.0
3012,MT-316 (2/0-4/0) C8 (34.5 KV),1006264,"ARANDELA PRESION ACERO GALV P/TORN 5/8""",16.0,0.0
3013,MT-316 (2/0-4/0) C8 (34.5 KV),1006262,"ARANDELA PRESION ACERO GALV P/TORN 1/2""",1.0,0.0
3014,MT-316 (2/0-4/0) C8 (34.5 KV),1006265,"ARANDELA PRESION ACERO GALV P/TORN 3/8""",4.0,0.0
3015,MT-316 (2/0-4/0) C8 (34.5 KV),1006696,GRAPA CONEXION DOBLE S/TOR,0.0,0.0
3016,MT-316 (2/0-4/0) C8 (34.5 KV),1007094,"TUERCA CAB HEX AC GALV P/TORNILLO 5/8""",0.0,0.0
3017,MT-316 (2/0-4/0) C8 (34.5 KV),1006508,"CRUCETA ACERO GALV 8'-0""3"" X 3""",2.0,0.0
3018,MT-316 (2/0-4/0) C8 (34.5 KV),1007200,"TORNILLO MAQUINA 1/2"" X 2""",0.0,0.0
3019,MT-316 (336-477) C8 (34.5 KV),1006940,SOPORTE DE ACERO PARA AISLADOR RIGIDO EN CABEZA DE POSTE,1.0,0.0
3020,MT-316 (336-477) C8 (34.5 KV),1006601,"FLEJE GALV 1-1/4"" X 1/4"" X 28'ORIF 9/16""",4.0,0.0
3021,MT-316 (336-477) C8 (34.5 KV),1006840,"PERNO ROSCA CORRIDA AC GALV 5/8"" X12""",3.0,0.0
3022,MT-316 (336-477) C8 (34.5 KV),1007057,"TORNILLO HEX PAS AC GALV 5/8"" X 12""",2.0,0.0
3023,MT-316 (336-477) C8 (34.5 KV),1008251,"TORNILLO MAQUINA AC GALV 1/2"" X 12""",1.0,0.0
3024,MT-316 (336-477) C8 (34.5 KV),1007052,"TORNILLO HEX PAS AC GALV 3/8"" X 2""",4.0,0.0
3025,MT-316 (336-477) C8 (34.5 KV),1007099,"TUERCA D/OJO AC GALV P/TORNILLO 5/8""",8.0,0.0
3026,MT-316 (336-477) C8 (34.5 KV),1006695,GRAPA RETENCION 336 MCM A 477 MCM,6.0,0.0
3027,MT-316 (336-477) C8 (34.5 KV),1005947,ALAMBRE LIGADURAALUMINIO,3.0,0.0
3028,MT-316 (336-477) C8 (34.5 KV),1006841,"PERNO ROSCA CORRIDA AC GALV 5/8""X14'",2.0,0.0
3029,MT-316 (336-477) C8 (34.5 KV),1006838,PERNO CORTO GALVANIZADO ANSI 57-1/3,3.0,0.0
3030,MT-316 (336-477) C8 (34.5 KV),1007225,"ABRAZADERA PERNO P/TORNILLO 5/8""",2.0,0.0
3031,MT-316 (336-477) C8 (34.5 KV),1006242,AISLADOR PORC.TIPO LINE POST ANSI 57-3,3.0,0.0
3032,MT-316 (336-477) C8 (34.5 KV),1008904,AISLADOR POLIMÉRICO TIPO SUSPENSIÓN 35k,6.0,0.0
3033,MT-316 (336-477) C8 (34.5 KV),1006250,"ARAN PLAN CUA AC GALV 21/4""X21/4"" D 5/8""",2.0,0.0
3034,MT-316 (336-477) C8 (34.5 KV),1006264,"ARANDELA PRESION ACERO GALV P/TORN 5/8""",16.0,0.0
3035,MT-316 (336-477) C8 (34.5 KV),1006262,"ARANDELA PRESION ACERO GALV P/TORN 1/2""",1.0,0.0
3036,MT-316 (336-477) C8 (34.5 KV),1006265,"ARANDELA PRESION ACERO GALV P/TORN 3/8""",4.0,0.0
3037,MT-316 (336-477) C8 (34.5 KV),1006696,GRAPA CONEXION DOBLE S/TOR,0.0,0.0
3038,MT-316 (336-477) C8 (34.5 KV),1007094,"TUERCA CAB HEX AC GALV P/TORNILLO 5/8""",0.0,0.0
3039,MT-316 (336-477) C8 (34.5 KV),1006508,"CRUCETA ACERO GALV 8'-0""3"" X 3""",2.0,0.0
3040,MT-316 (336-477) C8 (34.5 KV),1007200,"TORNILLO MAQUINA 1/2"" X 2""",0.0,0.0
3041,MT-319 (34.5 KV),1005947,ALAMBRE LIGADURAALUMINIO,3.0,0.0
3042,MT-319 (34.5 KV),1007200,"TORNILLO MAQUINA 1/2"" X 2""",1.0,0.0
3043,MT-319 (34.5 KV),1007057,"TORNILLO HEX PAS AC GALV 5/8"" X 12""",2.0,0.0
3044,MT-319 (34.5 KV),1006595,"FLEJE AC GALV 1-3/4""X1-3/4""X3/16""X84""",1.0,0.0
3045,MT-319 (34.5 KV),1006838,PERNO CORTO GALVANIZADO ANSI 57-1/3,3.0,0.0
3046,MT-319 (34.5 KV),1006508,"CRUCETA ACERO GALV 8'-0""3"" X 3""",1.0,0.0
3047,MT-319 (34.5 KV),1006242,AISLADOR PORC.TIPO LINE POST ANSI 57-3,3.0,0.0
3048,MT-319 (34.5 KV),1006250,"ARAN PLAN CUA AC GALV 21/4""X21/4"" D 5/8""",2.0,0.0
3049,MT-319 (34.5 KV),1006264,"ARANDELA PRESION ACERO GALV P/TORN 5/8""",2.0,0.0
3050,MT-319 (34.5 KV),1006262,"ARANDELA PRESION ACERO GALV P/TORN 1/2""",1.0,0.0
3051,MT-319 (34.5 KV),1007094,"TUERCA CAB HEX AC GALV P/TORNILLO 5/8""",0.0,0.0
3052,MT-319 (34.5 KV),1006696,GRAPA CONEXION DOBLE S/TOR,0.0,0.0
3053,MT-321 (34.5 KV),1006242,AISLADOR PORC.TIPO LINE POST ANSI 57-3,3.0,0.0
3054,MT-321 (34.5 KV),1006940,SOPORTE DE ACERO PARA AISLADOR RIGIDO EN CABEZA DE POSTE,1.0,0.0
3055,MT-321 (34.5 KV),1006838,PERNO CORTO GALVANIZADO ANSI 57-1/3,3.0,0.0
3056,MT-321 (34.5 KV),1005947,ALAMBRE LIGADURAALUMINIO,4.0,0.0
3057,MT-321 (34.5 KV),1006696,GRAPA CONEXION DOBLE S/TOR,0.0,0.0
3058,MT-321 (34.5 KV),1007094,"TUERCA CAB HEX AC GALV P/TORNILLO 5/8""",0.0,0.0
3059,MT-321 (34.5 KV),1007200,"TORNILLO MAQUINA 1/2"" X 2""",1.0,0.0
3060,MT-321 (34.5 KV),1006262,"ARANDELA PRESION ACERO GALV P/TORN 1/2""",1.0,0.0
3061,MT-321 (34.5 KV),1006250,"ARAN PLAN CUA AC GALV 21/4""X21/4"" D 5/8""",4.0,0.0
3062,MT-321 (34.5 KV),1006264,"ARANDELA PRESION ACERO GALV P/TORN 5/8""",4.0,0.0
3063,MT-321 (34.5 KV),1007057,"TORNILLO HEX PAS AC GALV 5/8"" X 12""",4.0,0.0
3064,MT-321 (34.5 KV),1006595,"FLEJE AC GALV 1-3/4""X1-3/4""X3/16""X84""",1.0,0.0
3065,MT-321 (34.5 KV),1006508,"CRUCETA ACERO GALV 8'-0""3"" X 3""",1.0,0.0
3066,MT-322 (34.5 KV),1007057,"TORNILLO HEX PAS AC GALV 5/8"" X 12""",1.0,0.0
3067,MT-322 (34.5 KV),1005947,ALAMBRE LIGADURAALUMINIO,6.0,0.0
3068,MT-322 (34.5 KV),1007097,"TUERCA HEXAGONALACERO GALVANIZADO 1/2""",0.0,0.0
3069,MT-322 (34.5 KV),1006840,"PERNO ROSCA CORRIDA AC GALV 5/8"" X12""",3.0,0.0
3070,MT-322 (34.5 KV),1007282,"TORNILLO ESP ROSCA CORRIDA 1/2"" X12""",1.0,0.0
3071,MT-322 (34.5 KV),1006595,"FLEJE AC GALV 1-3/4""X1-3/4""X3/16""X84""",1.0,0.0
3072,MT-322 (34.5 KV),1006838,PERNO CORTO GALVANIZADO ANSI 57-1/3,6.0,0.0
3073,MT-322 (34.5 KV),1006250,"ARAN PLAN CUA AC GALV 21/4""X21/4"" D 5/8""",1.0,0.0
3074,MT-322 (34.5 KV),1006242,AISLADOR PORC.TIPO LINE POST ANSI 57-3,6.0,0.0
3075,MT-322 (34.5 KV),1006264,"ARANDELA PRESION ACERO GALV P/TORN 5/8""",11.0,0.0
3076,MT-322 (34.5 KV),1006262,"ARANDELA PRESION ACERO GALV P/TORN 1/2""",4.0,0.0
3077,MT-322 (34.5 KV),1006696,GRAPA CONEXION DOBLE S/TOR,0.0,0.0
3078,MT-322 (34.5 KV),1007094,"TUERCA CAB HEX AC GALV P/TORNILLO 5/8""",0.0,0.0
3079,MT-322 (34.5 KV),1006508,"CRUCETA ACERO GALV 8'-0""3"" X 3""",2.0,0.0
3080,LB-608 (34.5 KV),1006241,AISLADOR PORC.TIPO LINE POST ANSI 57-1,3.0,0.0
3081,LB-608 (34.5 KV),1006242,AISLADOR PORC.TIPO LINE POST ANSI 57-3,3.0,0.0
3082,LB-608 (34.5 KV),1006838,PERNO CORTO GALVANIZADO ANSI 57-1/3,6.0,0.0
3083,LB-608 (34.5 KV),1006264,"ARANDELA PRESION ACERO GALV P/TORN 5/8""",3.0,0.0
3084,LB-608 (34.5 KV),1007094,"TUERCA CAB HEX AC GALV P/TORNILLO 5/8""",0.0,0.0
3085,LB-608 (34.5 KV),1006696,GRAPA CONEXION DOBLE S/TOR,0.0,0.0
3086,LB-608 (34.5 KV),1006605,"FLEJE VERTICAL11/2""X11/2""X3/16""X35-1/2""",1.0,0.0
3087,LB-608 (34.5 KV),1006595,"FLEJE AC GALV 1-3/4""X1-3/4""X3/16""X84""",1.0,0.0
3088,LB-608 (34.5 KV),1006262,"ARANDELA PRESION ACERO GALV P/TORN 1/2""",3.0,0.0
3089,LB-608 (34.5 KV),1006250,"ARAN PLAN CUA AC GALV 21/4""X21/4"" D 5/8""",3.0,0.0
3090,LB-608 (34.5 KV),1006508,"CRUCETA ACERO GALV 8'-0""3"" X 3""",2.0,0.0
3091,LB-608 (34.5 KV),1007200,"TORNILLO MAQUINA 1/2"" X 2""",3.0,0.0
3092,LB-608 (34.5 KV),1007057,"TORNILLO HEX PAS AC GALV 5/8"" X 12""",3.0,0.0
3093,LB-608 (34.5 KV),1005947,ALAMBRE LIGADURAALUMINIO,6.0,0.0
3094,LB-610 (34.5 KV),1006696,GRAPA CONEXION DOBLE S/TOR,0.0,0.0
3095,LB-610 (34.5 KV),1007094,"TUERCA CAB HEX AC GALV P/TORNILLO 5/8""",0.0,0.0
3096,LB-610 (34.5 KV),1006241,AISLADOR PORC.TIPO LINE POST ANSI 57-1,6.0,0.0
3097,LB-610 (34.5 KV),1006242,AISLADOR PORC.TIPO LINE POST ANSI 57-3,6.0,0.0
3098,LB-610 (34.5 KV),1006838,PERNO CORTO GALVANIZADO ANSI 57-1/3,12.0,0.0
3099,LB-610 (34.5 KV),1006250,"ARAN PLAN CUA AC GALV 21/4""X21/4"" D 5/8""",1.0,0.0
3100,LB-610 (34.5 KV),1006264,"ARANDELA PRESION ACERO GALV P/TORN 5/8""",21.0,0.0
3101,LB-610 (34.5 KV),1007057,"TORNILLO HEX PAS AC GALV 5/8"" X 12""",1.0,0.0
3102,LB-610 (34.5 KV),1006262,"ARANDELA PRESION ACERO GALV P/TORN 1/2""",8.0,0.0
3103,LB-610 (34.5 KV),1006508,"CRUCETA ACERO GALV 8'-0""3"" X 3""",4.0,0.0
3104,LB-610 (34.5 KV),1006605,"FLEJE VERTICAL11/2""X11/2""X3/16""X35-1/2""",2.0,0.0
3105,LB-610 (34.5 KV),1006595,"FLEJE AC GALV 1-3/4""X1-3/4""X3/16""X84""",1.0,0.0
3106,LB-610 (34.5 KV),1007026,"TORNILLO CABEZA HEXAGONAL 1/2"" X 2""",4.0,0.0
3107,LB-610 (34.5 KV),1006840,"PERNO ROSCA CORRIDA AC GALV 5/8"" X12""",6.0,0.0
3108,LB-610 (34.5 KV),1007282,"TORNILLO ESP ROSCA CORRIDA 1/2"" X12""",1.0,0.0
3109,LB-610 (34.5 KV),1005947,ALAMBRE LIGADURAALUMINIO,12.0,0.0
3110,AP-103,1005306,LUMINARIA APS 240V 150W,1.0,0.0
3111,AP-103,1006336,BRAZO LAMP/ACERO GALVANIZADO 6',1.0,0.0
3112,AP-103,1006366,CELULA FOTOELECTRICA 240V/1000W,1.0,0.0
3113,AP-103,1006323,BOMBILLO SODIO 150W,1.0,0.0
3114,AP-103,1006089,CONDUCTOR CU CONCENTRICO 10/3 AWG.,4.0,0.0
3115,AP-103,1006250,"ARAN PLAN CUA AC GALV 21/4""X21/4"" D 5/8""",2.0,0.0
3116,AP-103,1006264,"ARANDELA PRESION ACERO GALV P/TORN 5/8""",2.0,0.0
3117,AP-103,1007057,"TORNILLO HEX PAS AC GALV 5/8"" X 12""",2.0,0.0
3118,AP-103,1006456,CONECTOR PERFORACION 1/0-4/0 AWG P-35,3.0,0.0
3119,AP-103A,1005306,LUMINARIA APS 240V 150W,1.0,0.0
3120,AP-103A,1006336,BRAZO LAMP/ACERO GALVANIZADO 6',1.0,0.0
3121,AP-103A,1006366,CELULA FOTOELECTRICA 240V/1000W,1.0,0.0
3122,AP-103A,1006323,BOMBILLO SODIO 150W,1.0,0.0
3123,AP-103A,1006089,CONDUCTOR CU CONCENTRICO 10/3 AWG.,4.0,0.0
3124,AP-103A,1006250,"ARAN PLAN CUA AC GALV 21/4""X21/4"" D 5/8""",2.0,0.0
3125,AP-103A,1006264,"ARANDELA PRESION ACERO GALV P/TORN 5/8""",2.0,0.0
3126,AP-103A,1007057,"TORNILLO HEX PAS AC GALV 5/8"" X 12""",2.0,0.0
3127,AP-103A,1006456,CONECTOR PERFORACION 1/0-4/0 AWG P-35,0.0,0.0
3128,AP-104,1006335,BRAZO LAMP/ACERO GALVANIZADO 12',1.0,0.0
3129,AP-104,1006366,CELULA FOTOELECTRICA 240V/1000W,1.0,0.0
3130,AP-104,1005307,LUMINARIA APS 240V 250W,1.0,0.0
3131,AP-104,1006324,BOMBILLO APS 250W,1.0,0.0
3132,AP-104,1006089,CONDUCTOR CU CONCENTRICO 10/3 AWG.,7.0,0.0
3133,AP-104,1006250,"ARAN PLAN CUA AC GALV 21/4""X21/4"" D 5/8""",2.0,0.0
3134,AP-104,1006264,"ARANDELA PRESION ACERO GALV P/TORN 5/8""",2.0,0.0
3135,AP-104,1007057,"TORNILLO HEX PAS AC GALV 5/8"" X 12""",2.0,0.0
3136,AP-104,1006456,CONECTOR PERFORACION 1/0-4/0 AWG P-35,3.0,0.0
3137,AP-104A,1006335,BRAZO LAMP/ACERO GALVANIZADO 12',1.0,0.0
3138,AP-104A,1006366,CELULA FOTOELECTRICA 240V/1000W,1.0,0.0
3139,AP-104A,1005307,LUMINARIA APS 240V 250W,1.0,0.0
3140,AP-104A,1006324,BOMBILLO APS 250W,1.0,0.0
3141,AP-104A,1006089,CONDUCTOR CU CONCENTRICO 10/3 AWG.,4.0,0.0
3142,AP-104A,1006250,"ARAN PLAN CUA AC GALV 21/4""X21/4"" D 5/8""",2.0,0.0
3143,AP-104A,1006264,"ARANDELA PRESION ACERO GALV P/TORN 5/8""",2.0,0.0
3144,AP-104A,1007057,"TORNILLO HEX PAS AC GALV 5/8"" X 12""",2.0,0.0
3145,AP-104A,1006456,CONECTOR PERFORACION 1/0-4/0 AWG P-35,0.0,0.0
3146,LUM 150 W,1006323,BOMBILLO SODIO 150W,1.0,0.0
3147,LUM 150 W,1006366,CELULA FOTOELECTRICA 240V/1000W,1.0,0.0
3148,LUM 150 W,1005306,LUMINARIA APS 240V 150W,1.0,0.0
3149,LUM 150 W,1006089,CONDUCTOR CU CONCENTRICO 10/3 AWG.,4.0,0.0
3150,LUM 250 W,1006324,BOMBILLO APS 250W,1.0,0.0
3151,LUM 250 W,1006366,CELULA FOTOELECTRICA 240V/1000W,1.0,0.0
3152,LUM 250 W,1005307,LUMINARIA APS 240V 250W,1.0,0.0
3153,LUM 250 W,1006089,CONDUCTOR CU CONCENTRICO 10/3 AWG.,7.0,0.0
3154,CT TP 1Ø CSP 7.2 25KVA,1006012,CONDUCTOR CU DESNUDO 7 HILOS #2 AWG,3.0,0.0
3155,CT TP 1Ø CSP 7.2 25KVA,1006696,GRAPA CONEXION DOBLE S/TOR,2.0,0.0
3156,CT TP 1Ø CSP 7.2 25KVA,1006982,TERMINAL COMPRESION TIPO PIN 4/0,2.0,0.0
3157,CT TP 1Ø CSP 7.2 25KVA,1006220,TERMINAL COMPRESION TIPO PIN 2/0,1.0,0.0
3158,CT TP 1Ø CSP 7.2 25KVA,1005997,CONDUCTOR TRIPLEX 4/0 AWG - N2/0,2.0,0.0
3159,CT TP 1Ø CSP 7.2 25KVA,1005499,TRANSF TP 1Ø CSP 7.2KV 25 KVA,1.0,0.0
3160,CT TP 1Ø CSP 7.2 25KVA,1006938,"SOPORTE TIPO L AC GALV ¼""",1.0,0.0
3161,CT TP 1Ø CSP 7.2 25KVA,1007085,TUBO Y BASE CORTACIRCUITO 15KV 100 AMPS,1.0,0.0
3162,CT TP 1Ø CSP 7.2 25KVA,1006250,"ARAN PLAN CUA AC GALV 21/4""X21/4"" D 5/8""",4.0,0.0
3163,CT TP 1Ø CSP 7.2 25KVA,1007057,"TORNILLO HEX PAS AC GALV 5/8"" X 12""",4.0,0.0
3164,CT TP 1Ø CSP 7.2 25KVA,1007094,"TUERCA CAB HEX AC GALV P/TORNILLO 5/8""",2.0,0.0
3165,CT TP 1Ø CSP 7.2 25KVA,1006264,"ARANDELA PRESION ACERO GALV P/TORN 5/8""",4.0,0.0
3166,CT TP 1Ø CSP 7.2 25KVA,1006654,FUSIBLE EXPULSIÓN 3.5 A TIPO D,1.0,0.0
3167,CT TP 1Ø CSP 7.2 37.5KVA,1006012,CONDUCTOR CU DESNUDO 7 HILOS #2 AWG,3.0,0.0
3168,CT TP 1Ø CSP 7.2 37.5KVA,1006696,GRAPA CONEXION DOBLE S/TOR,2.0,0.0
3169,CT TP 1Ø CSP 7.2 37.5KVA,1006982,TERMINAL COMPRESION TIPO PIN 4/0,2.0,0.0
3170,CT TP 1Ø CSP 7.2 37.5KVA,1006220,TERMINAL COMPRESION TIPO PIN 2/0,1.0,0.0
3171,CT TP 1Ø CSP 7.2 37.5KVA,1005997,CONDUCTOR TRIPLEX 4/0 AWG - N2/0,2.0,0.0
3172,CT TP 1Ø CSP 7.2 37.5KVA,1008118,TRANSF TP 1Ø CSP 7.2KV 37 KVA,1.0,0.0
3173,CT TP 1Ø CSP 7.2 37.5KVA,1006938,"SOPORTE TIPO L AC GALV ¼""",1.0,0.0
3174,CT TP 1Ø CSP 7.2 37.5KVA,1007085,TUBO Y BASE CORTACIRCUITO 15KV 100 AMPS,1.0,0.0
3175,CT TP 1Ø CSP 7.2 37.5KVA,1006250,"ARAN PLAN CUA AC GALV 21/4""X21/4"" D 5/8""",4.0,0.0
3176,CT TP 1Ø CSP 7.2 37.5KVA,1007057,"TORNILLO HEX PAS AC GALV 5/8"" X 12""",4.0,0.0
3177,CT TP 1Ø CSP 7.2 37.5KVA,1007094,"TUERCA CAB HEX AC GALV P/TORNILLO 5/8""",2.0,0.0
3178,CT TP 1Ø CSP 7.2 37.5KVA,1006264,"ARANDELA PRESION ACERO GALV P/TORN 5/8""",4.0,0.0
3179,CT TP 1Ø CSP 7.2 37.5KVA,1006659,FUSIBLE EXPULSIÓN 5.2 A TIPO D,1.0,0.0
3180,CT TP 1Ø CSP 7.2 50KVA,1006012,CONDUCTOR CU DESNUDO 7 HILOS #2 AWG,3.0,0.0
3181,CT TP 1Ø CSP 7.2 50KVA,1006696,GRAPA CONEXION DOBLE S/TOR,2.0,0.0
3182,CT TP 1Ø CSP 7.2 50KVA,1006982,TERMINAL COMPRESION TIPO PIN 4/0,2.0,0.0
3183,CT TP 1Ø CSP 7.2 50KVA,1006220,TERMINAL COMPRESION TIPO PIN 2/0,1.0,0.0
3184,CT TP 1Ø CSP 7.2 50KVA,1005997,CONDUCTOR TRIPLEX 4/0 AWG - N2/0,2.0,0.0
3185,CT TP 1Ø CSP 7.2 50KVA,1005502,TRANSF TP 1Ø CSP 7.2KV 50 KVA,1.0,0.0
3186,CT TP 1Ø CSP 7.2 50KVA,1006938,"SOPORTE TIPO L AC GALV ¼""",1.0,0.0
3187,CT TP 1Ø CSP 7.2 50KVA,1007085,TUBO Y BASE CORTACIRCUITO 15KV 100 AMPS,1.0,0.0
3188,CT TP 1Ø CSP 7.2 50KVA,1006250,"ARAN PLAN CUA AC GALV 21/4""X21/4"" D 5/8""",4.0,0.0
3189,CT TP 1Ø CSP 7.2 50KVA,1007057,"TORNILLO HEX PAS AC GALV 5/8"" X 12""",4.0,0.0
3190,CT TP 1Ø CSP 7.2 50KVA,1007094,"TUERCA CAB HEX AC GALV P/TORNILLO 5/8""",2.0,0.0
3191,CT TP 1Ø CSP 7.2 50KVA,1006264,"ARANDELA PRESION ACERO GALV P/TORN 5/8""",4.0,0.0
3192,CT TP 1Ø CSP 7.2 50KVA,1006662,FUSIBLE EXPULSIÓN 7 A TIPO D,1.0,0.0
3193,CT TP 1Ø CSP 7.2 75KVA,1006250,"ARAN PLAN CUA AC GALV 21/4""X21/4"" D 5/8""",4.0,0.0
3194,CT TP 1Ø CSP 7.2 75KVA,1007094,"TUERCA CAB HEX AC GALV P/TORNILLO 5/8""",2.0,0.0
3195,CT TP 1Ø CSP 7.2 75KVA,1005503,"TORNILLO HEX PAS AC GALV 5/8"" X 12""",4.0,0.0
3196,CT TP 1Ø CSP 7.2 75KVA,1006264,"ARANDELA PRESION ACERO GALV P/TORN 5/8""",4.0,0.0
3197,CT TP 1Ø CSP 7.2 75KVA,1006645,FUSIBLE EXPULSIÓN 10.4 A TIPO D,1.0,0.0
3198,CT TP 1Ø CSP 7.2 75KVA,1006938,"SOPORTE TIPO L AC GALV ¼""",1.0,0.0
3199,CT TP 1Ø CSP 7.2 75KVA,1006012,CONDUCTOR CU DESNUDO 7 HILOS #2 AWG,3.0,0.0
3200,CT TP 1Ø CSP 7.2 75KVA,1007085,TUBO Y BASE CORTACIRCUITO 15KV 100 AMPS,1.0,0.0
3201,CT TP 1Ø CSP 7.2 75KVA,1005478,TRANSF TP 1Ø CSP 7.2KV 75 KVA,1.0,0.0
3202,CT TP 1Ø CSP 7.2 75KVA,1006982,TERMINAL COMPRESION TIPO PIN 4/0,1.0,0.0
3203,CT TP 1Ø CSP 7.2 75KVA,1006221,TERMINAL COMPRESION TIPO PIN 477 MCM,2.0,0.0
3204,CT TP 1Ø CSP 7.2 75KVA,1005964,CABLE ALUMINIO 477MCM AISLAMIENTOXLP,4.0,0.0
3205,CT TP 1Ø CSP 7.2 75KVA,1006005,CONDUCTOR AAAC 4/0 AWG ALLIANCE,2.0,0.0
3206,CT TP 1Ø CSP 7.2 75KVA,1006696,GRAPA CONEXION DOBLE S/TOR,2.0,0.0
3207,TR TP 1Ø CSP 7.2  25KVA,1006696,GRAPA CONEXION DOBLE S/TOR,1.0,0.0
3208,TR TP 1Ø CSP 7.2  25KVA,1005499,TRANSF TP 1Ø CSP 7.2KV 25 KVA,1.0,0.0
3209,TR TP 1Ø CSP 7.2  25KVA,1006250,"ARAN PLAN CUA AC GALV 21/4""X21/4"" D 5/8""",2.0,0.0
3210,TR TP 1Ø CSP 7.2  25KVA,1007057,"TORNILLO HEX PAS AC GALV 5/8"" X 12""",2.0,0.0
3211,TR TP 1Ø CSP 7.2  25KVA,1007094,"TUERCA CAB HEX AC GALV P/TORNILLO 5/8""",1.0,0.0
3212,TR TP 1Ø CSP 7.2  25KVA,1006264,"ARANDELA PRESION ACERO GALV P/TORN 5/8""",2.0,0.0
3213,TR TP 1Ø CSP 7.2  25KVA,1006654,FUSIBLE EXPULSIÓN 3.5 A TIPO D,1.0,0.0
3214,TR TP 1Ø CSP 7.2  37.5KVA,1006696,GRAPA CONEXION DOBLE S/TOR,1.0,0.0
3215,TR TP 1Ø CSP 7.2  37.5KVA,1008118,TRANSF TP 1Ø CSP 7.2KV 37 KVA,1.0,0.0
3216,TR TP 1Ø CSP 7.2  37.5KVA,1006250,"ARAN PLAN CUA AC GALV 21/4""X21/4"" D 5/8""",2.0,0.0
3217,TR TP 1Ø CSP 7.2  37.5KVA,1007057,"TORNILLO HEX PAS AC GALV 5/8"" X 12""",2.0,0.0
3218,TR TP 1Ø CSP 7.2  37.5KVA,1007094,"TUERCA CAB HEX AC GALV P/TORNILLO 5/8""",1.0,0.0
3219,TR TP 1Ø CSP 7.2  37.5KVA,1006264,"ARANDELA PRESION ACERO GALV P/TORN 5/8""",2.0,0.0
3220,TR TP 1Ø CSP 7.2  37.5KVA,1006659,FUSIBLE EXPULSIÓN 5.2 A TIPO D,1.0,0.0
3221,TR TP 1Ø CSP 7.2  50KVA,1006696,GRAPA CONEXION DOBLE S/TOR,1.0,0.0
3222,TR TP 1Ø CSP 7.2  50KVA,1005502,TRANSF TP 1Ø CSP 7.2KV 50 KVA,1.0,0.0
3223,TR TP 1Ø CSP 7.2  50KVA,1006250,"ARAN PLAN CUA AC GALV 21/4""X21/4"" D 5/8""",2.0,0.0
3224,TR TP 1Ø CSP 7.2  50KVA,1007057,"TORNILLO HEX PAS AC GALV 5/8"" X 12""",2.0,0.0
3225,TR TP 1Ø CSP 7.2  50KVA,1007094,"TUERCA CAB HEX AC GALV P/TORNILLO 5/8""",1.0,0.0
3226,TR TP 1Ø CSP 7.2  50KVA,1006264,"ARANDELA PRESION ACERO GALV P/TORN 5/8""",2.0,0.0
3227,TR TP 1Ø CSP 7.2  50KVA,1006659,FUSIBLE EXPULSIÓN 5.2 A TIPO D,1.0,0.0
3228,TR TP 1Ø CSP 7.2  75KVA,1006250,"ARAN PLAN CUA AC GALV 21/4""X21/4"" D 5/8""",2.0,2.0
3229,TR TP 1Ø CSP 7.2  75KVA,1007094,"TUERCA CAB HEX AC GALV P/TORNILLO 5/8""",1.0,1.0
3230,TR TP 1Ø CSP 7.2  75KVA,1005503,"TORNILLO HEX PAS AC GALV 5/8"" X 12""",2.0,2.0
3231,TR TP 1Ø CSP 7.2  75KVA,1006264,"ARANDELA PRESION ACERO GALV P/TORN 5/8""",2.0,2.0
3232,TR TP 1Ø CSP 7.2  75KVA,1006645,FUSIBLE EXPULSIÓN 10.4 A TIPO D,1.0,1.0
3233,TR TP 1Ø CSP 7.2  75KVA,1005478,TRANSF TP 1Ø CSP 7.2KV 75 KVA,1.0,1.0
3234,TR TP 1Ø CSP 7.2  75KVA,1006696,GRAPA CONEXION DOBLE S/TOR,1.0,1.0
3235,CT BL TP 1Ø CSP 7.2  25KVA,1005997,CONDUCTOR TRIPLEX 4/0 AWG - N2/0,5.3,0.0
3236,CT BL TP 1Ø CSP 7.2  25KVA,1006045,"TUBERIA FLEX LIQ TIGHT 2""",4.5,0.0
3237,CT BL TP 1Ø CSP 7.2  25KVA,1006982,TERMINAL COMPRESION TIPO PIN 4/0,2.0,0.0
3238,CT BL TP 1Ø CSP 7.2  25KVA,1006022,"CONDULET 2""",1.0,0.0
3239,CT BL TP 1Ø CSP 7.2  25KVA,1008683,TRANSF BL TP 1Ø CSP 7.2KV 25 KVA,1.0,0.0
3240,CT BL TP 1Ø CSP 7.2  25KVA,1006434,"CONECTOR CURVO LIQUIDTAIGHT 2""",1.0,0.0
3241,CT BL TP 1Ø CSP 7.2  25KVA,1006012,CONDUCTOR CU DESNUDO 7 HILOS #2 AWG,3.0,0.0
3242,CT BL TP 1Ø CSP 7.2  25KVA,1006654,FUSIBLE EXPULSIÓN 3.5 A TIPO D,1.0,0.0
3243,CT BL TP 1Ø CSP 7.2  25KVA,1007085,TUBO Y BASE CORTACIRCUITO 15KV 100 AMPS,1.0,0.0
3244,CT BL TP 1Ø CSP 7.2  25KVA,1006220,TERMINAL COMPRESION TIPO PIN 2/0,1.0,0.0
3245,CT BL TP 1Ø CSP 7.2  25KVA,1007094,"TUERCA CAB HEX AC GALV P/TORNILLO 5/8""",2.0,0.0
3246,CT BL TP 1Ø CSP 7.2  25KVA,1006938,"SOPORTE TIPO L AC GALV ¼""",1.0,0.0
3247,CT BL TP 1Ø CSP 7.2  25KVA,1006696,GRAPA CONEXION DOBLE S/TOR,2.0,0.0
3248,CT BL TP 1Ø CSP 7.2  25KVA,1007057,"TORNILLO HEX PAS AC GALV 5/8"" X 12""",4.0,0.0
3249,CT BL TP 1Ø CSP 7.2  25KVA,1006250,"ARAN PLAN CUA AC GALV 21/4""X21/4"" D 5/8""",4.0,0.0
3250,CT BL TP 1Ø CSP 7.2  25KVA,1008249,"FLEJE 10 X 0,4",1.5,0.0
3251,CT BL TP 1Ø CSP 7.2  25KVA,1006721,"HEBILLA P/FLEJE 10MM 1/2""",3.0,0.0
3252,CT BL TP 1Ø CSP 7.2  25KVA,1006264,"ARANDELA PRESION ACERO GALV P/TORN 5/8""",4.0,0.0
3253,CT BL TP 1Ø CSP 7.2  37.5 KVA,1006938,"SOPORTE TIPO L AC GALV ¼""",1.0,0.0
3254,CT BL TP 1Ø CSP 7.2  37.5 KVA,1007094,"TUERCA CAB HEX AC GALV P/TORNILLO 5/8""",2.0,0.0
3255,CT BL TP 1Ø CSP 7.2  37.5 KVA,1006250,"ARAN PLAN CUA AC GALV 21/4""X21/4"" D 5/8""",4.0,0.0
3256,CT BL TP 1Ø CSP 7.2  37.5 KVA,1006264,"ARANDELA PRESION ACERO GALV P/TORN 5/8""",4.0,0.0
3257,CT BL TP 1Ø CSP 7.2  37.5 KVA,1007057,"TORNILLO HEX PAS AC GALV 5/8"" X 12""",4.0,0.0
3258,CT BL TP 1Ø CSP 7.2  37.5 KVA,1006696,GRAPA CONEXION DOBLE S/TOR,2.0,0.0
3259,CT BL TP 1Ø CSP 7.2  37.5 KVA,1008684,TRANSF BL TP 1Ø CSP 7.2KV 37 KVA,1.0,0.0
3260,CT BL TP 1Ø CSP 7.2  37.5 KVA,1006659,FUSIBLE EXPULSIÓN 5.2 A TIPO D,1.0,0.0
3261,CT BL TP 1Ø CSP 7.2  37.5 KVA,1006012,CONDUCTOR CU DESNUDO 7 HILOS #2 AWG,3.0,0.0
3262,CT BL TP 1Ø CSP 7.2  37.5 KVA,1007085,TUBO Y BASE CORTACIRCUITO 15KV 100 AMPS,1.0,0.0
3263,CT BL TP 1Ø CSP 7.2  37.5 KVA,1008249,"FLEJE 10 X 0,4",1.5,0.0
3264,CT BL TP 1Ø CSP 7.2  37.5 KVA,1006721,"HEBILLA P/FLEJE 10MM 1/2""",3.0,0.0
3265,CT BL TP 1Ø CSP 7.2  37.5 KVA,1005997,CONDUCTOR TRIPLEX 4/0 AWG - N2/0,5.3,0.0
3266,CT BL TP 1Ø CSP 7.2  37.5 KVA,1006982,TERMINAL COMPRESION TIPO PIN 4/0,2.0,0.0
3267,CT BL TP 1Ø CSP 7.2  37.5 KVA,1006220,TERMINAL COMPRESION TIPO PIN 2/0,1.0,0.0
3268,CT BL TP 1Ø CSP 7.2  37.5 KVA,1006434,"CONECTOR CURVO LIQUIDTAIGHT 2""",1.0,0.0
3269,CT BL TP 1Ø CSP 7.2  37.5 KVA,1006022,"CONDULET 2""",1.0,0.0
3270,CT BL TP 1Ø CSP 7.2  37.5 KVA,1006045,"TUBERIA FLEX LIQ TIGHT 2""",4.5,0.0
3271,CT BL TP 1Ø CSP 7.2 50 KVA,1006012,CONDUCTOR CU DESNUDO 7 HILOS #2 AWG,3.0,0.0
3272,CT BL TP 1Ø CSP 7.2 50 KVA,1007085,TUBO Y BASE CORTACIRCUITO 15KV 100 AMPS,1.0,0.0
3273,CT BL TP 1Ø CSP 7.2 50 KVA,1006662,FUSIBLE EXPULSIÓN 7 A TIPO D,1.0,0.0
3274,CT BL TP 1Ø CSP 7.2 50 KVA,1008685,TRANSF BL TP 1Ø CSP 7.2KV 50 KVA,1.0,0.0
3275,CT BL TP 1Ø CSP 7.2 50 KVA,1006938,"SOPORTE TIPO L AC GALV ¼""",1.0,0.0
3276,CT BL TP 1Ø CSP 7.2 50 KVA,1006250,"ARAN PLAN CUA AC GALV 21/4""X21/4"" D 5/8""",4.0,0.0
3277,CT BL TP 1Ø CSP 7.2 50 KVA,1006264,"ARANDELA PRESION ACERO GALV P/TORN 5/8""",4.0,0.0
3278,CT BL TP 1Ø CSP 7.2 50 KVA,1007057,"TORNILLO HEX PAS AC GALV 5/8"" X 12""",4.0,0.0
3279,CT BL TP 1Ø CSP 7.2 50 KVA,1006696,GRAPA CONEXION DOBLE S/TOR,2.0,0.0
3280,CT BL TP 1Ø CSP 7.2 50 KVA,1006721,"HEBILLA P/FLEJE 10MM 1/2""",3.0,0.0
3281,CT BL TP 1Ø CSP 7.2 50 KVA,1008249,"FLEJE 10 X 0,4",1.5,0.0
3282,CT BL TP 1Ø CSP 7.2 50 KVA,1007094,"TUERCA CAB HEX AC GALV P/TORNILLO 5/8""",2.0,0.0
3283,CT BL TP 1Ø CSP 7.2 50 KVA,1005997,CONDUCTOR TRIPLEX 4/0 AWG - N2/0,5.3,0.0
3284,CT BL TP 1Ø CSP 7.2 50 KVA,1006982,TERMINAL COMPRESION TIPO PIN 4/0,2.0,0.0
3285,CT BL TP 1Ø CSP 7.2 50 KVA,1006220,TERMINAL COMPRESION TIPO PIN 2/0,1.0,0.0
3286,CT BL TP 1Ø CSP 7.2 50 KVA,1006045,"TUBERIA FLEX LIQ TIGHT 2""",4.5,0.0
3287,CT BL TP 1Ø CSP 7.2 50 KVA,1006022,"CONDULET 2""",1.0,0.0
3288,CT BL TP 1Ø CSP 7.2 50 KVA,1006434,"CONECTOR CURVO LIQUIDTAIGHT 2""",1.0,0.0
3289,CT BL TP 1Ø CSP 7.2 75 KVA,1006012,CONDUCTOR CU DESNUDO 7 HILOS #2 AWG,3.0,0.0
3290,CT BL TP 1Ø CSP 7.2 75 KVA,1007085,TUBO Y BASE CORTACIRCUITO 15KV 100 AMPS,1.0,0.0
3291,CT BL TP 1Ø CSP 7.2 75 KVA,1006221,TERMINAL COMPRESION TIPO PIN 477 MCM,2.0,0.0
3292,CT BL TP 1Ø CSP 7.2 75 KVA,1006982,TERMINAL COMPRESION TIPO PIN 4/0,1.0,0.0
3293,CT BL TP 1Ø CSP 7.2 75 KVA,1006645,FUSIBLE EXPULSIÓN 10.4 A TIPO D,1.0,0.0
3294,CT BL TP 1Ø CSP 7.2 75 KVA,1006696,GRAPA CONEXION DOBLE S/TOR,2.0,0.0
3295,CT BL TP 1Ø CSP 7.2 75 KVA,1005964,CABLE ALUMINIO 477MCM AISLAMIENTOXLP,10.6,0.0
3296,CT BL TP 1Ø CSP 7.2 75 KVA,1006938,"SOPORTE TIPO L AC GALV ¼""",1.0,0.0
3297,CT BL TP 1Ø CSP 7.2 75 KVA,1006062,"TUBERIA FLEX LIQ TIGHT 3""",4.5,0.0
3298,CT BL TP 1Ø CSP 7.2 75 KVA,1006023,"CONDULET 3""",1.0,0.0
3299,CT BL TP 1Ø CSP 7.2 75 KVA,1006250,"ARAN PLAN CUA AC GALV 21/4""X21/4"" D 5/8""",4.0,0.0
3300,CT BL TP 1Ø CSP 7.2 75 KVA,1006264,"ARANDELA PRESION ACERO GALV P/TORN 5/8""",4.0,0.0
3301,CT BL TP 1Ø CSP 7.2 75 KVA,1007057,"TORNILLO HEX PAS AC GALV 5/8"" X 12""",4.0,0.0
3302,CT BL TP 1Ø CSP 7.2 75 KVA,1007635,"CONECTOR CURVO LIQUIDTAIGHT 3""",1.0,0.0
3303,CT BL TP 1Ø CSP 7.2 75 KVA,1008686,TRANSF BL TP 1Ø CSP 7.2KV 75 KVA,1.0,0.0
3304,CT BL TP 1Ø CSP 7.2 75 KVA,1006005,CONDUCTOR AAAC 4/0 AWG ALLIANCE,5.3,0.0
3305,CT BL TP 1Ø CSP 7.2 75 KVA,1007094,"TUERCA CAB HEX AC GALV P/TORNILLO 5/8""",2.0,0.0
3306,CT BL TP 1Ø CSP 7.2 75 KVA,1006721,"HEBILLA P/FLEJE 10MM 1/2""",3.0,0.0
3307,CT BL TP 1Ø CSP 7.2 75 KVA,1008249,"FLEJE 10 X 0,4",1.5,0.0
3308,CT TP 1Ø RCO 2B 7.2  25KVA,1006012,CONDUCTOR CU DESNUDO 7 HILOS #2 AWG,3.0,0.0
3309,CT TP 1Ø RCO 2B 7.2  25KVA,1006696,GRAPA CONEXION DOBLE S/TOR,2.0,0.0
3310,CT TP 1Ø RCO 2B 7.2  25KVA,1006982,TERMINAL COMPRESION TIPO PIN 4/0,2.0,0.0
3311,CT TP 1Ø RCO 2B 7.2  25KVA,1006220,TERMINAL COMPRESION TIPO PIN 2/0,1.0,0.0
3312,CT TP 1Ø RCO 2B 7.2  25KVA,1005997,CONDUCTOR TRIPLEX 4/0 AWG - N2/0,2.0,0.0
3313,CT TP 1Ø RCO 2B 7.2  25KVA,1005473,TRANSF TP 1Ø RCO 7.2KV 25 KVA,1.0,0.0
3314,CT TP 1Ø RCO 2B 7.2  25KVA,1006922,"SOPORTE EN CRUCETA DOB UND AC GALV ¼""",1.0,0.0
3315,CT TP 1Ø RCO 2B 7.2  25KVA,1007276,PARARRAYO 10 KV OXIDO METALICO,1.0,0.0
3316,CT TP 1Ø RCO 2B 7.2  25KVA,1007026,"TORNILLO CABEZA HEXAGONAL 1/2"" X 2""",1.0,0.0
3317,CT TP 1Ø RCO 2B 7.2  25KVA,1006262,"ARANDELA PRESION ACERO GALV P/TORN 1/2""",1.0,0.0
3318,CT TP 1Ø RCO 2B 7.2  25KVA,1006938,"SOPORTE TIPO L AC GALV ¼""",1.0,0.0
3319,CT TP 1Ø RCO 2B 7.2  25KVA,1007085,TUBO Y BASE CORTACIRCUITO 15KV 100 AMPS,1.0,0.0
3320,CT TP 1Ø RCO 2B 7.2  25KVA,1006250,"ARAN PLAN CUA AC GALV 21/4""X21/4"" D 5/8""",4.0,0.0
3321,CT TP 1Ø RCO 2B 7.2  25KVA,1007057,"TORNILLO HEX PAS AC GALV 5/8"" X 12""",5.0,0.0
3322,CT TP 1Ø RCO 2B 7.2  25KVA,1007094,"TUERCA CAB HEX AC GALV P/TORNILLO 5/8""",2.0,0.0
3323,CT TP 1Ø RCO 2B 7.2  25KVA,1006264,"ARANDELA PRESION ACERO GALV P/TORN 5/8""",4.0,0.0
3324,CT TP 1Ø RCO 2B 7.2  25KVA,1006654,FUSIBLE EXPULSIÓN 3.5 A TIPO D,1.0,0.0
3325,CT TP 1Ø RCO 2B  7.2  37.5KVA,1006012,CONDUCTOR CU DESNUDO 7 HILOS #2 AWG,3.0,0.0
3326,CT TP 1Ø RCO 2B  7.2  37.5KVA,1006659,FUSIBLE EXPULSIÓN 5.2 A TIPO D,1.0,0.0
3327,CT TP 1Ø RCO 2B  7.2  37.5KVA,1005997,CONDUCTOR TRIPLEX 4/0 AWG - N2/0,2.0,0.0
3328,CT TP 1Ø RCO 2B  7.2  37.5KVA,1005510,TRANSF TP 1Ø RCO 7.2KV 37 KVA,1.0,0.0
3329,CT TP 1Ø RCO 2B  7.2  37.5KVA,1006982,TERMINAL COMPRESION TIPO PIN 4/0,2.0,0.0
3330,CT TP 1Ø RCO 2B  7.2  37.5KVA,1006220,TERMINAL COMPRESION TIPO PIN 2/0,1.0,0.0
3331,CT TP 1Ø RCO 2B  7.2  37.5KVA,1006922,"SOPORTE EN CRUCETA DOB UND AC GALV ¼""",1.0,0.0
3332,CT TP 1Ø RCO 2B  7.2  37.5KVA,1007276,PARARRAYO 10 KV OXIDO METALICO,1.0,0.0
3333,CT TP 1Ø RCO 2B  7.2  37.5KVA,1007026,"TORNILLO CABEZA HEXAGONAL 1/2"" X 2""",1.0,0.0
3334,CT TP 1Ø RCO 2B  7.2  37.5KVA,1006262,"ARANDELA PRESION ACERO GALV P/TORN 1/2""",1.0,0.0
3335,CT TP 1Ø RCO 2B  7.2  37.5KVA,1006938,"SOPORTE TIPO L AC GALV ¼""",1.0,0.0
3336,CT TP 1Ø RCO 2B  7.2  37.5KVA,1007085,TUBO Y BASE CORTACIRCUITO 15KV 100 AMPS,1.0,0.0
3337,CT TP 1Ø RCO 2B  7.2  37.5KVA,1006250,"ARAN PLAN CUA AC GALV 21/4""X21/4"" D 5/8""",4.0,0.0
3338,CT TP 1Ø RCO 2B  7.2  37.5KVA,1007094,"TUERCA CAB HEX AC GALV P/TORNILLO 5/8""",2.0,0.0
3339,CT TP 1Ø RCO 2B  7.2  37.5KVA,1007057,"TORNILLO HEX PAS AC GALV 5/8"" X 12""",4.0,0.0
3340,CT TP 1Ø RCO 2B  7.2  37.5KVA,1006264,"ARANDELA PRESION ACERO GALV P/TORN 5/8""",4.0,0.0
3341,CT TP 1Ø RCO 2B  7.2  37.5KVA,1006696,GRAPA CONEXION DOBLE S/TOR,2.0,0.0
3342,CT TP  1Ø RCO 2B 7.2  50KVA,1006012,CONDUCTOR CU DESNUDO 7 HILOS #2 AWG,3.0,0.0
3343,CT TP  1Ø RCO 2B 7.2  50KVA,1005511,TRANSF TP 1Ø RCO 7.2KV 50 KVA,1.0,0.0
3344,CT TP  1Ø RCO 2B 7.2  50KVA,1006982,TERMINAL COMPRESION TIPO PIN 4/0,2.0,0.0
3345,CT TP  1Ø RCO 2B 7.2  50KVA,1006220,TERMINAL COMPRESION TIPO PIN 2/0,1.0,0.0
3346,CT TP  1Ø RCO 2B 7.2  50KVA,1005997,CONDUCTOR TRIPLEX 4/0 AWG - N2/0,2.0,0.0
3347,CT TP  1Ø RCO 2B 7.2  50KVA,1006922,"SOPORTE EN CRUCETA DOB UND AC GALV ¼""",1.0,0.0
3348,CT TP  1Ø RCO 2B 7.2  50KVA,1007276,PARARRAYO 10 KV OXIDO METALICO,1.0,0.0
3349,CT TP  1Ø RCO 2B 7.2  50KVA,1007026,"TORNILLO CABEZA HEXAGONAL 1/2"" X 2""",1.0,0.0
3350,CT TP  1Ø RCO 2B 7.2  50KVA,1006262,"ARANDELA PRESION ACERO GALV P/TORN 1/2""",1.0,0.0
3351,CT TP  1Ø RCO 2B 7.2  50KVA,1006938,"SOPORTE TIPO L AC GALV ¼""",1.0,0.0
3352,CT TP  1Ø RCO 2B 7.2  50KVA,1006662,FUSIBLE EXPULSIÓN 7 A TIPO D,1.0,0.0
3353,CT TP  1Ø RCO 2B 7.2  50KVA,1007094,"TUERCA CAB HEX AC GALV P/TORNILLO 5/8""",2.0,0.0
3354,CT TP  1Ø RCO 2B 7.2  50KVA,1006696,GRAPA CONEXION DOBLE S/TOR,2.0,0.0
3355,CT TP  1Ø RCO 2B 7.2  50KVA,1006264,"ARANDELA PRESION ACERO GALV P/TORN 5/8""",4.0,0.0
3356,CT TP  1Ø RCO 2B 7.2  50KVA,1007057,"TORNILLO HEX PAS AC GALV 5/8"" X 12""",4.0,0.0
3357,CT TP  1Ø RCO 2B 7.2  50KVA,1006250,"ARAN PLAN CUA AC GALV 21/4""X21/4"" D 5/8""",4.0,0.0
3358,CT TP  1Ø RCO 2B 7.2  50KVA,1007085,TUBO Y BASE CORTACIRCUITO 15KV 100 AMPS,1.0,0.0
3359,CT TP  1Ø RCO 2B 7.2  75KVA,1006250,"ARAN PLAN CUA AC GALV 21/4""X21/4"" D 5/8""",4.0,0.0
3360,CT TP  1Ø RCO 2B 7.2  75KVA,1007094,"TUERCA CAB HEX AC GALV P/TORNILLO 5/8""",2.0,0.0
3361,CT TP  1Ø RCO 2B 7.2  75KVA,1007057,"TORNILLO HEX PAS AC GALV 5/8"" X 12""",4.0,0.0
3362,CT TP  1Ø RCO 2B 7.2  75KVA,1006264,"ARANDELA PRESION ACERO GALV P/TORN 5/8""",4.0,0.0
3363,CT TP  1Ø RCO 2B 7.2  75KVA,1006645,FUSIBLE EXPULSIÓN 10.4 A TIPO D,1.0,0.0
3364,CT TP  1Ø RCO 2B 7.2  75KVA,1006922,"SOPORTE EN CRUCETA DOB UND AC GALV ¼""",1.0,0.0
3365,CT TP  1Ø RCO 2B 7.2  75KVA,1007276,PARARRAYO 10 KV OXIDO METALICO,1.0,0.0
3366,CT TP  1Ø RCO 2B 7.2  75KVA,1007026,"TORNILLO CABEZA HEXAGONAL 1/2"" X 2""",1.0,0.0
3367,CT TP  1Ø RCO 2B 7.2  75KVA,1006262,"ARANDELA PRESION ACERO GALV P/TORN 1/2""",1.0,0.0
3368,CT TP  1Ø RCO 2B 7.2  75KVA,1006938,"SOPORTE TIPO L AC GALV ¼""",1.0,0.0
3369,CT TP  1Ø RCO 2B 7.2  75KVA,1006012,CONDUCTOR CU DESNUDO 7 HILOS #2 AWG,3.0,0.0
3370,CT TP  1Ø RCO 2B 7.2  75KVA,1007085,TUBO Y BASE CORTACIRCUITO 15KV 100 AMPS,1.0,0.0
3371,CT TP  1Ø RCO 2B 7.2  75KVA,1005516,TRANSF TP 1Ø RCO 7.2KV 75 KVA,1.0,0.0
3372,CT TP  1Ø RCO 2B 7.2  75KVA,1006982,TERMINAL COMPRESION TIPO PIN 4/0,1.0,0.0
3373,CT TP  1Ø RCO 2B 7.2  75KVA,1006221,TERMINAL COMPRESION TIPO PIN 477 MCM,2.0,0.0
3374,CT TP  1Ø RCO 2B 7.2  75KVA,1005964,CABLE ALUMINIO 477MCM AISLAMIENTOXLP,4.0,0.0
3375,CT TP  1Ø RCO 2B 7.2  75KVA,1006005,CONDUCTOR AAAC 4/0 AWG ALLIANCE,2.0,0.0
3376,CT TP  1Ø RCO 2B 7.2  75KVA,1006696,GRAPA CONEXION DOBLE S/TOR,2.0,0.0
3377,TR TP 1Ø RCO 2B 7.2  25KVA,1006696,GRAPA CONEXION DOBLE S/TOR,1.0,0.0
3378,TR TP 1Ø RCO 2B 7.2  25KVA,1005473,TRANSF TP 1Ø RCO 7.2KV 25 KVA,1.0,0.0
3379,TR TP 1Ø RCO 2B 7.2  25KVA,1006250,"ARAN PLAN CUA AC GALV 21/4""X21/4"" D 5/8""",2.0,0.0
3380,TR TP 1Ø RCO 2B 7.2  25KVA,1007057,"TORNILLO HEX PAS AC GALV 5/8"" X 12""",2.0,0.0
3381,TR TP 1Ø RCO 2B 7.2  25KVA,1007094,"TUERCA CAB HEX AC GALV P/TORNILLO 5/8""",1.0,0.0
3382,TR TP 1Ø RCO 2B 7.2  25KVA,1006264,"ARANDELA PRESION ACERO GALV P/TORN 5/8""",2.0,0.0
3383,TR TP 1Ø RCO 2B 7.2  25KVA,1006654,FUSIBLE EXPULSIÓN 3.5 A TIPO D,1.0,0.0
3384,TR TP 1Ø RCO 2B  7.2  37.5KVA,1006659,FUSIBLE EXPULSIÓN 5.2 A TIPO D,1.0,0.0
3385,TR TP 1Ø RCO 2B  7.2  37.5KVA,1005510,TRANSF TP 1Ø RCO 7.2KV 37 KVA,1.0,0.0
3386,TR TP 1Ø RCO 2B  7.2  37.5KVA,1006250,"ARAN PLAN CUA AC GALV 21/4""X21/4"" D 5/8""",2.0,0.0
3387,TR TP 1Ø RCO 2B  7.2  37.5KVA,1007094,"TUERCA CAB HEX AC GALV P/TORNILLO 5/8""",1.0,0.0
3388,TR TP 1Ø RCO 2B  7.2  37.5KVA,1007057,"TORNILLO HEX PAS AC GALV 5/8"" X 12""",2.0,0.0
3389,TR TP 1Ø RCO 2B  7.2  37.5KVA,1006264,"ARANDELA PRESION ACERO GALV P/TORN 5/8""",2.0,0.0
3390,TR TP 1Ø RCO 2B  7.2  37.5KVA,1006696,GRAPA CONEXION DOBLE S/TOR,1.0,0.0
3391,TR TP  1Ø RCO 2B 7.2  50KVA,1005511,TRANSF TP 1Ø RCO 7.2KV 50 KVA,1.0,0.0
3392,TR TP  1Ø RCO 2B 7.2  50KVA,1006662,FUSIBLE EXPULSIÓN 7 A TIPO D,1.0,0.0
3393,TR TP  1Ø RCO 2B 7.2  50KVA,1007094,"TUERCA CAB HEX AC GALV P/TORNILLO 5/8""",1.0,0.0
3394,TR TP  1Ø RCO 2B 7.2  50KVA,1006696,GRAPA CONEXION DOBLE S/TOR,1.0,0.0
3395,TR TP  1Ø RCO 2B 7.2  50KVA,1006264,"ARANDELA PRESION ACERO GALV P/TORN 5/8""",2.0,0.0
3396,TR TP  1Ø RCO 2B 7.2  50KVA,1007057,"TORNILLO HEX PAS AC GALV 5/8"" X 12""",2.0,0.0
3397,TR TP  1Ø RCO 2B 7.2  50KVA,1006250,"ARAN PLAN CUA AC GALV 21/4""X21/4"" D 5/8""",2.0,0.0
3398,TR TP  1Ø RCO 2B 7.2  75KVA,1006250,"ARAN PLAN CUA AC GALV 21/4""X21/4"" D 5/8""",2.0,0.0
3399,TR TP  1Ø RCO 2B 7.2  75KVA,1007094,"TUERCA CAB HEX AC GALV P/TORNILLO 5/8""",1.0,0.0
3400,TR TP  1Ø RCO 2B 7.2  75KVA,1007057,"TORNILLO HEX PAS AC GALV 5/8"" X 12""",2.0,0.0
3401,TR TP  1Ø RCO 2B 7.2  75KVA,1006264,"ARANDELA PRESION ACERO GALV P/TORN 5/8""",2.0,0.0
3402,TR TP  1Ø RCO 2B 7.2  75KVA,1006645,FUSIBLE EXPULSIÓN 10.4 A TIPO D,1.0,0.0
3403,TR TP  1Ø RCO 2B 7.2  75KVA,1005516,TRANSF TP 1Ø RCO 7.2KV 75 KVA,1.0,0.0
3404,TR TP  1Ø RCO 2B 7.2  75KVA,1006696,GRAPA CONEXION DOBLE S/TOR,1.0,0.0
3405,CT BL TP 1Ø RCO 2B 7.2  25KVA,1005997,CONDUCTOR TRIPLEX 4/0 AWG - N2/0,5.3,0.0
3406,CT BL TP 1Ø RCO 2B 7.2  25KVA,1006045,"TUBERIA FLEX LIQ TIGHT 2""",4.5,0.0
3407,CT BL TP 1Ø RCO 2B 7.2  25KVA,1006982,TERMINAL COMPRESION TIPO PIN 4/0,2.0,0.0
3408,CT BL TP 1Ø RCO 2B 7.2  25KVA,1006022,"CONDULET 2""",1.0,0.0
3409,CT BL TP 1Ø RCO 2B 7.2  25KVA,1005481,TRANSF 1F BL TP 2B 25KVA 7200/120-240V,1.0,0.0
3410,CT BL TP 1Ø RCO 2B 7.2  25KVA,1006434,"CONECTOR CURVO LIQUIDTAIGHT 2""",1.0,0.0
3411,CT BL TP 1Ø RCO 2B 7.2  25KVA,1006012,CONDUCTOR CU DESNUDO 7 HILOS #2 AWG,3.0,0.0
3412,CT BL TP 1Ø RCO 2B 7.2  25KVA,1006654,FUSIBLE EXPULSIÓN 3.5 A TIPO D,1.0,0.0
3413,CT BL TP 1Ø RCO 2B 7.2  25KVA,1007085,TUBO Y BASE CORTACIRCUITO 15KV 100 AMPS,1.0,0.0
3414,CT BL TP 1Ø RCO 2B 7.2  25KVA,1006220,TERMINAL COMPRESION TIPO PIN 2/0,1.0,0.0
3415,CT BL TP 1Ø RCO 2B 7.2  25KVA,1007094,"TUERCA CAB HEX AC GALV P/TORNILLO 5/8""",2.0,0.0
3416,CT BL TP 1Ø RCO 2B 7.2  25KVA,1006922,"SOPORTE EN CRUCETA DOB UND AC GALV ¼""",1.0,0.0
3417,CT BL TP 1Ø RCO 2B 7.2  25KVA,1007276,PARARRAYO 10 KV OXIDO METALICO,1.0,0.0
3418,CT BL TP 1Ø RCO 2B 7.2  25KVA,1006938,"SOPORTE TIPO L AC GALV ¼""",1.0,0.0
3419,CT BL TP 1Ø RCO 2B 7.2  25KVA,1007026,"TORNILLO CABEZA HEXAGONAL 1/2"" X 2""",1.0,0.0
3420,CT BL TP 1Ø RCO 2B 7.2  25KVA,1006262,"ARANDELA PRESION ACERO GALV P/TORN 1/2""",1.0,0.0
3421,CT BL TP 1Ø RCO 2B 7.2  25KVA,1006696,GRAPA CONEXION DOBLE S/TOR,2.0,0.0
3422,CT BL TP 1Ø RCO 2B 7.2  25KVA,1007057,"TORNILLO HEX PAS AC GALV 5/8"" X 12""",4.0,0.0
3423,CT BL TP 1Ø RCO 2B 7.2  25KVA,1006250,"ARAN PLAN CUA AC GALV 21/4""X21/4"" D 5/8""",4.0,0.0
3424,CT BL TP 1Ø RCO 2B 7.2  25KVA,1008249,"FLEJE 10 X 0,4",1.5,0.0
3425,CT BL TP 1Ø RCO 2B 7.2  25KVA,1006721,"HEBILLA P/FLEJE 10MM 1/2""",3.0,0.0
3426,CT BL TP 1Ø RCO 2B 7.2  25KVA,1006264,"ARANDELA PRESION ACERO GALV P/TORN 5/8""",4.0,0.0
3427,CT BL TP 1Ø RCO 2B 7.2  37.5 KVA,1006938,"SOPORTE TIPO L AC GALV ¼""",1.0,0.0
3428,CT BL TP 1Ø RCO 2B 7.2  37.5 KVA,1006922,"SOPORTE EN CRUCETA DOB UND AC GALV ¼""",1.0,0.0
3429,CT BL TP 1Ø RCO 2B 7.2  37.5 KVA,1007276,PARARRAYO 10 KV OXIDO METALICO,1.0,0.0
3430,CT BL TP 1Ø RCO 2B 7.2  37.5 KVA,1007026,"TORNILLO CABEZA HEXAGONAL 1/2"" X 2""",1.0,0.0
3431,CT BL TP 1Ø RCO 2B 7.2  37.5 KVA,1006262,"ARANDELA PRESION ACERO GALV P/TORN 1/2""",1.0,0.0
3432,CT BL TP 1Ø RCO 2B 7.2  37.5 KVA,1007094,"TUERCA CAB HEX AC GALV P/TORNILLO 5/8""",2.0,0.0
3433,CT BL TP 1Ø RCO 2B 7.2  37.5 KVA,1006250,"ARAN PLAN CUA AC GALV 21/4""X21/4"" D 5/8""",4.0,0.0
3434,CT BL TP 1Ø RCO 2B 7.2  37.5 KVA,1006264,"ARANDELA PRESION ACERO GALV P/TORN 5/8""",4.0,0.0
3435,CT BL TP 1Ø RCO 2B 7.2  37.5 KVA,1007057,"TORNILLO HEX PAS AC GALV 5/8"" X 12""",4.0,0.0
3436,CT BL TP 1Ø RCO 2B 7.2  37.5 KVA,1006696,GRAPA CONEXION DOBLE S/TOR,2.0,0.0
3437,CT BL TP 1Ø RCO 2B 7.2  37.5 KVA,1005482,TRANSF 1F BL TP 2B 37.5KVA 7200/120-240V,1.0,0.0
3438,CT BL TP 1Ø RCO 2B 7.2  37.5 KVA,1006659,FUSIBLE EXPULSIÓN 5.2 A TIPO D,1.0,0.0
3439,CT BL TP 1Ø RCO 2B 7.2  37.5 KVA,1006012,CONDUCTOR CU DESNUDO 7 HILOS #2 AWG,3.0,0.0
3440,CT BL TP 1Ø RCO 2B 7.2  37.5 KVA,1007085,TUBO Y BASE CORTACIRCUITO 15KV 100 AMPS,1.0,0.0
3441,CT BL TP 1Ø RCO 2B 7.2  37.5 KVA,1008249,"FLEJE 10 X 0,4",1.5,0.0
3442,CT BL TP 1Ø RCO 2B 7.2  37.5 KVA,1006721,"HEBILLA P/FLEJE 10MM 1/2""",3.0,0.0
3443,CT BL TP 1Ø RCO 2B 7.2  37.5 KVA,1005997,CONDUCTOR TRIPLEX 4/0 AWG - N2/0,5.3,0.0
3444,CT BL TP 1Ø RCO 2B 7.2  37.5 KVA,1006982,TERMINAL COMPRESION TIPO PIN 4/0,2.0,0.0
3445,CT BL TP 1Ø RCO 2B 7.2  37.5 KVA,1006220,TERMINAL COMPRESION TIPO PIN 2/0,1.0,0.0
3446,CT BL TP 1Ø RCO 2B 7.2  37.5 KVA,1006434,"CONECTOR CURVO LIQUIDTAIGHT 2""",1.0,0.0
3447,CT BL TP 1Ø RCO 2B 7.2  37.5 KVA,1006022,"CONDULET 2""",1.0,0.0
3448,CT BL TP 1Ø RCO 2B 7.2  37.5 KVA,1006045,"TUBERIA FLEX LIQ TIGHT 2""",4.5,0.0
3449,CT BL TP 1Ø RCO 2B 7.2 50 KVA,1006012,CONDUCTOR CU DESNUDO 7 HILOS #2 AWG,3.0,0.0
3450,CT BL TP 1Ø RCO 2B 7.2 50 KVA,1007085,TUBO Y BASE CORTACIRCUITO 15KV 100 AMPS,1.0,0.0
3451,CT BL TP 1Ø RCO 2B 7.2 50 KVA,1006662,FUSIBLE EXPULSIÓN 7 A TIPO D,1.0,0.0
3452,CT BL TP 1Ø RCO 2B 7.2 50 KVA,1006922,"SOPORTE EN CRUCETA DOB UND AC GALV ¼""",1.0,0.0
3453,CT BL TP 1Ø RCO 2B 7.2 50 KVA,1007276,PARARRAYO 10 KV OXIDO METALICO,1.0,0.0
3454,CT BL TP 1Ø RCO 2B 7.2 50 KVA,1007026,"TORNILLO CABEZA HEXAGONAL 1/2"" X 2""",1.0,0.0
3455,CT BL TP 1Ø RCO 2B 7.2 50 KVA,1006262,"ARANDELA PRESION ACERO GALV P/TORN 1/2""",1.0,0.0
3456,CT BL TP 1Ø RCO 2B 7.2 50 KVA,1005483,TRANSF 1F BL TP 2B 50KVA 7200/120-240V,1.0,0.0
3457,CT BL TP 1Ø RCO 2B 7.2 50 KVA,1006938,"SOPORTE TIPO L AC GALV ¼""",1.0,0.0
3458,CT BL TP 1Ø RCO 2B 7.2 50 KVA,1006250,"ARAN PLAN CUA AC GALV 21/4""X21/4"" D 5/8""",4.0,0.0
3459,CT BL TP 1Ø RCO 2B 7.2 50 KVA,1006264,"ARANDELA PRESION ACERO GALV P/TORN 5/8""",4.0,0.0
3460,CT BL TP 1Ø RCO 2B 7.2 50 KVA,1007057,"TORNILLO HEX PAS AC GALV 5/8"" X 12""",4.0,0.0
3461,CT BL TP 1Ø RCO 2B 7.2 50 KVA,1006696,GRAPA CONEXION DOBLE S/TOR,2.0,0.0
3462,CT BL TP 1Ø RCO 2B 7.2 50 KVA,1006721,"HEBILLA P/FLEJE 10MM 1/2""",3.0,0.0
3463,CT BL TP 1Ø RCO 2B 7.2 50 KVA,1008249,"FLEJE 10 X 0,4",1.5,0.0
3464,CT BL TP 1Ø RCO 2B 7.2 50 KVA,1007094,"TUERCA CAB HEX AC GALV P/TORNILLO 5/8""",2.0,0.0
3465,CT BL TP 1Ø RCO 2B 7.2 50 KVA,1005997,CONDUCTOR TRIPLEX 4/0 AWG - N2/0,5.3,0.0
3466,CT BL TP 1Ø RCO 2B 7.2 50 KVA,1006982,TERMINAL COMPRESION TIPO PIN 4/0,2.0,0.0
3467,CT BL TP 1Ø RCO 2B 7.2 50 KVA,1006220,TERMINAL COMPRESION TIPO PIN 2/0,1.0,0.0
3468,CT BL TP 1Ø RCO 2B 7.2 50 KVA,1006045,"TUBERIA FLEX LIQ TIGHT 2""",4.5,0.0
3469,CT BL TP 1Ø RCO 2B 7.2 50 KVA,1006022,"CONDULET 2""",1.0,0.0
3470,CT BL TP 1Ø RCO 2B 7.2 50 KVA,1006434,"CONECTOR CURVO LIQUIDTAIGHT 2""",1.0,0.0
3471,CT BL TP 1Ø RCO 2B 7.2 75 KVA,1006012,CONDUCTOR CU DESNUDO 7 HILOS #2 AWG,3.0,0.0
3472,CT BL TP 1Ø RCO 2B 7.2 75 KVA,1007085,TUBO Y BASE CORTACIRCUITO 15KV 100 AMPS,1.0,0.0
3473,CT BL TP 1Ø RCO 2B 7.2 75 KVA,1006221,TERMINAL COMPRESION TIPO PIN 477 MCM,2.0,0.0
3474,CT BL TP 1Ø RCO 2B 7.2 75 KVA,1006982,TERMINAL COMPRESION TIPO PIN 4/0,1.0,0.0
3475,CT BL TP 1Ø RCO 2B 7.2 75 KVA,1006645,FUSIBLE EXPULSIÓN 10.4 A TIPO D,1.0,0.0
3476,CT BL TP 1Ø RCO 2B 7.2 75 KVA,1006696,GRAPA CONEXION DOBLE S/TOR,2.0,0.0
3477,CT BL TP 1Ø RCO 2B 7.2 75 KVA,1005964,CABLE ALUMINIO 477MCM AISLAMIENTOXLP,10.6,0.0
3478,CT BL TP 1Ø RCO 2B 7.2 75 KVA,1006922,"SOPORTE EN CRUCETA DOB UND AC GALV ¼""",1.0,0.0
3479,CT BL TP 1Ø RCO 2B 7.2 75 KVA,1007276,PARARRAYO 10 KV OXIDO METALICO,1.0,0.0
3480,CT BL TP 1Ø RCO 2B 7.2 75 KVA,1007026,"TORNILLO CABEZA HEXAGONAL 1/2"" X 2""",1.0,0.0
3481,CT BL TP 1Ø RCO 2B 7.2 75 KVA,1006262,"ARANDELA PRESION ACERO GALV P/TORN 1/2""",1.0,0.0
3482,CT BL TP 1Ø RCO 2B 7.2 75 KVA,1006938,"SOPORTE TIPO L AC GALV ¼""",1.0,0.0
3483,CT BL TP 1Ø RCO 2B 7.2 75 KVA,1006062,"TUBERIA FLEX LIQ TIGHT 3""",4.5,0.0
3484,CT BL TP 1Ø RCO 2B 7.2 75 KVA,1006023,"CONDULET 3""",1.0,0.0
3485,CT BL TP 1Ø RCO 2B 7.2 75 KVA,1006250,"ARAN PLAN CUA AC GALV 21/4""X21/4"" D 5/8""",4.0,0.0
3486,CT BL TP 1Ø RCO 2B 7.2 75 KVA,1006264,"ARANDELA PRESION ACERO GALV P/TORN 5/8""",4.0,0.0
3487,CT BL TP 1Ø RCO 2B 7.2 75 KVA,1007057,"TORNILLO HEX PAS AC GALV 5/8"" X 12""",4.0,0.0
3488,CT BL TP 1Ø RCO 2B 7.2 75 KVA,1007635,"CONECTOR CURVO LIQUIDTAIGHT 3""",1.0,0.0
3489,CT BL TP 1Ø RCO 2B 7.2 75 KVA,1005484,TRANSF 1F BL TP 2B 75KVA 7200/120-240V,1.0,0.0
3490,CT BL TP 1Ø RCO 2B 7.2 75 KVA,1006005,CONDUCTOR AAAC 4/0 AWG ALLIANCE,5.3,0.0
3491,CT BL TP 1Ø RCO 2B 7.2 75 KVA,1007094,"TUERCA CAB HEX AC GALV P/TORNILLO 5/8""",2.0,0.0
3492,CT BL TP 1Ø RCO 2B 7.2 75 KVA,1006721,"HEBILLA P/FLEJE 10MM 1/2""",3.0,0.0
3493,CT BL TP 1Ø RCO 2B 7.2 75 KVA,1008249,"FLEJE 10 X 0,4",1.5,0.0
3494,ETIQUETA POSTE,1006592,ETIQUETA P/CT TP,1.0,0.0
3495,ETIQUETA POSTE,1008249,"FLEJE 10 X 0,4",1.0,0.0
3496,ETIQUETA POSTE,1006721,"HEBILLA P/FLEJE 10MM 1/2""",1.0,0.0
3497,CONEX AMOV COMP477,1006012,CONDUCTOR CU DESNUDO 7 HILOS #2 AWG,1.0,0.0
3498,CONEX AMOV COMP477,1006398,CONECTOR AMOVIBLE P/ESTRIBO,1.0,0.0
3499,CONEX AMOV COMP477,1006433,CONECTOR CUÑA C/ESTRIBO (465.4#477) MCM,1.0,0.0
3500,CONEX AMOV COMP4/0,1006398,CONECTOR AMOVIBLE P/ESTRIBO,1.0,0.0
3501,CONEX AMOV COMP4/0,1006432,CONECTOR CUÑA PRESION CON ESTRIBO 4/0AWG,1.0,0.0
3502,CONEX AMOV COMP4/0,1006012,CONDUCTOR CU DESNUDO 7 HILOS #2 AWG,1.0,0.0
3503,CONEX AMOV COMP2/0,1006398,CONECTOR AMOVIBLE P/ESTRIBO,1.0,0.0
3504,CONEX AMOV COMP2/0,1006430,CONECTOR CUÑA C/ESTRIBO (1/0 # 2/0) AWG,1.0,0.0
3505,CONEX AMOV COMP2/0,1006012,CONDUCTOR CU DESNUDO 7 HILOS #2 AWG,1.0,0.0
3506,BAJANTE BL <=50,1006434,"CONECTOR CURVO LIQUIDTAIGHT 2""",1.0,0.0
3507,BAJANTE BL <=50,1006022,"CONDULET 2""",1.0,0.0
3508,BAJANTE BL <=50,1006721,"HEBILLA P/FLEJE 10MM 1/2""",3.0,0.0
3509,BAJANTE BL <=50,1008249,"FLEJE 10 X 0,4",1.5,0.0
3510,BAJANTE BL <=50,1006045,"TUBERIA FLEX LIQ TIGHT 2""",4.5,0.0
3511,BAJANTE BL <=50,1005997,CONDUCTOR TRIPLEX 4/0 AWG - N2/0,5.3,0.0
3512,BAJANTE BL <=50,1006220,TERMINAL COMPRESION TIPO PIN 2/0,1.0,0.0
3513,BAJANTE BL <=50,1006982,TERMINAL COMPRESION TIPO PIN 4/0,2.0,0.0
3514,BAJANTE BL >50 KVA,1006435,"CONECTOR CURVO LIQUIDTAIGHT 3""",1.0,0.0
3515,BAJANTE BL >50 KVA,1006023,"CONDULET 3""",1.0,0.0
3516,BAJANTE BL >50 KVA,1006721,"HEBILLA P/FLEJE 10MM 1/2""",3.0,0.0
3517,BAJANTE BL >50 KVA,1008249,"FLEJE 10 X 0,4",1.5,0.0
3518,BAJANTE BL >50 KVA,1006982,TERMINAL COMPRESION TIPO PIN 4/0,1.0,0.0
3519,BAJANTE BL >50 KVA,1006221,TERMINAL COMPRESION TIPO PIN 477 MCM,2.0,0.0
3520,BAJANTE BL >50 KVA,1006062,"TUBERIA FLEX LIQ TIGHT 3""",4.5,0.0
3521,BAJANTE BL >50 KVA,1006005,CONDUCTOR AAAC 4/0 AWG ALLIANCE,5.3,0.0
3522,BAJANTE BL >50 KVA,1005964,CABLE ALUMINIO 477MCM AISLAMIENTOXLP,10.6,0.0
3523,BAJANTE 4/0,1005997,CONDUCTOR TRIPLEX 4/0 AWG - N2/0,2.0,0.0
3524,BAJANTE 4/0,1006220,TERMINAL COMPRESION TIPO PIN 2/0,1.0,0.0
3525,BAJANTE 4/0,1006982,TERMINAL COMPRESION TIPO PIN 4/0,2.0,0.0
3526,BAJANTE 477 MCM,1006982,TERMINAL COMPRESION TIPO PIN 4/0,1.0,0.0
3527,BAJANTE 477 MCM,1006221,TERMINAL COMPRESION TIPO PIN 477 MCM,2.0,0.0
3528,BAJANTE 477 MCM,1005964,CABLE ALUMINIO 477MCM AISLAMIENTOXLP,4.0,0.0
3529,BAJANTE 477 MCM,1006005,CONDUCTOR AAAC 4/0 AWG ALLIANCE,2.0,0.0
3530,CONEX A RED BT 477-4/0,1006352,CAJA AISLANTECONECTOR CUÑA HASTA 556MCM,2.0,0.0
3531,CONEX A RED BT 477-4/0,1006428,CONECTOR CUÑA PRESION 477MCM - 4/0AWG,2.0,0.0
3532,CONEX A RED BT 477-4/0,1006424,CONECTOR CUÑA PRESION 4/0AWG - 4/0AWG,1.0,0.0
3533,CONEX A RED BT 477-2/0,1007320,CONECTOR CUÑA PRESION 477 MCM - 2/0 AWG,2.0,0.0
3534,CONEX A RED BT 477-2/0,1006352,CAJA AISLANTECONECTOR CUÑA HASTA 556MCM,2.0,0.0
3535,CONEX A RED BT 477-2/0,1007306,CONECTOR CUÑA PRESION 4/0 AWG # 2/0 AWG,1.0,0.0
3536,CONEX A RED BT 4/0-4/0,1006351,CAJA AISLANTECONECTOR CUÑA HASTA 300MCM,2.0,0.0
3537,CONEX A RED BT 4/0-4/0,1006424,CONECTOR CUÑA PRESION 4/0AWG - 4/0AWG,2.0,0.0
3538,CONEX A RED BT 4/0-4/0,1007306,CONECTOR CUÑA PRESION 4/0 AWG # 2/0 AWG,1.0,0.0
3539,CONEX A RED BT 4/0-2/0,1006351,CAJA AISLANTECONECTOR CUÑA HASTA 300MCM,2.0,0.0
3540,CONEX A RED BT 4/0-2/0,1007306,CONECTOR CUÑA PRESION 4/0 AWG # 2/0 AWG,2.0,0.0
3541,CONEX A RED BT 4/0-2/0,1007309,CONECTOR CUÑA PRESION 2/0 AWG # 2/0 AWG,1.0,0.0
3542,SOPORTE TIPO L,1006938,"SOPORTE TIPO L AC GALV ¼""",1.0,0.0
3543,SOPORTE TIPO L,1006264,"ARANDELA PRESION ACERO GALV P/TORN 5/8""",2.0,0.0
3544,SOPORTE TIPO L,1006250,"ARAN PLAN CUA AC GALV 21/4""X21/4"" D 5/8""",2.0,0.0
3545,SOPORTE TIPO L,1007057,"TORNILLO HEX PAS AC GALV 5/8"" X 12""",2.0,0.0
3546,FUSIBLE 3.5 A TIPO D,1006654,FUSIBLE EXPULSIÓN 3.5 A TIPO D,1.0,0.0
3547,FUSIBLE 5.2 A TIPO D,1006659,FUSIBLE EXPULSIÓN 5.2 A TIPO D,1.0,0.0
3548,FUSIBLE 7 A TIPO D,1006662,FUSIBLE EXPULSIÓN 7 A TIPO D,1.0,0.0
3549,FUSIBLE 10.4 A TIPO D,1006645,FUSIBLE EXPULSIÓN 10.4 A TIPO D,1.0,0.0
3550,CONEX COND. CONCENTRICO 4/3,1006456,CONECTOR PERFORACION 1/0-4/0 AWG P-35,3.0,0.0
3551,CONEX COND. CONCENTRICO 4/3,1006861,PINZA RETENCION DOBLE 6/3AWG - 8/2AWG,1.0,0.0
3552,PR - 201,1007085,TUBO Y BASE CORTACIRCUITO 15KV 100 AMPS,1.0,0.0
3553,PR - 201,1006922,"SOPORTE EN CRUCETA DOB UND AC GALV ¼""",1.0,0.0
3554,PR - 201,1006938,"SOPORTE TIPO L AC GALV ¼""",1.0,0.0
3555,PR - 201,1007276,PARARRAYO 10 KV OXIDO METALICO,1.0,0.0
3556,PR - 201,1006012,CONDUCTOR CU DESNUDO 7 HILOS #2 AWG,3.0,0.0
3557,PR - 201,1006264,"ARANDELA PRESION ACERO GALV P/TORN 5/8""",2.0,0.0
3558,PR - 201,1006250,"ARAN PLAN CUA AC GALV 21/4""X21/4"" D 5/8""",2.0,0.0
3559,PR - 201,1007200,"TORNILLO MAQUINA 1/2"" X 2""",3.0,0.0
3560,PR - 201,1007057,"TORNILLO HEX PAS AC GALV 5/8"" X 12""",2.0,0.0
3561,PR - 202 CRUCETA DE 6',1006262,"ARANDELA PRESION ACERO GALV P/TORN 1/2""",1.0,0.0
3562,PR - 202 CRUCETA DE 6',1006265,"ARANDELA PRESION ACERO GALV P/TORN 3/8""",2.0,0.0
3563,PR - 202 CRUCETA DE 6',1007052,"TORNILLO HEX PAS AC GALV 3/8"" X 2""",2.0,0.0
3564,PR - 202 CRUCETA DE 6',1008251,"TORNILLO MAQUINA AC GALV 1/2"" X 12""",1.0,0.0
3565,PR - 202 CRUCETA DE 6',1006601,"FLEJE GALV 1-1/4"" X 1/4"" X 28'ORIF 9/16""",2.0,0.0
3566,PR - 202 CRUCETA DE 6',1006264,"ARANDELA PRESION ACERO GALV P/TORN 5/8""",1.0,0.0
3567,PR - 202 CRUCETA DE 6',1006506,"CRUCETA ACERO GALV 5'-7"" 3"" X 3""",1.0,0.0
3568,PR - 202 CRUCETA DE 6',1007094,"TUERCA CAB HEX AC GALV P/TORNILLO 5/8""",1.0,0.0
3569,PR - 202 CRUCETA DE 6',1007276,PARARRAYO 10 KV OXIDO METALICO,3.0,0.0
3570,PR - 202 CRUCETA DE 6',1006922,"SOPORTE EN CRUCETA DOB UND AC GALV ¼""",3.0,0.0
3571,PR - 202 CRUCETA DE 6',1007085,TUBO Y BASE CORTACIRCUITO 15KV 100 AMPS,3.0,0.0
3572,PR - 202 CRUCETA DE 6',1007200,"TORNILLO MAQUINA 1/2"" X 2""",3.0,0.0
3573,PR - 202 CRUCETA DE 6',1006696,GRAPA CONEXION DOBLE S/TOR,1.0,0.0
3574,PR - 202 CRUCETA DE 6',1007279,"ARANDELA CUADRADA 2""X2"" P/TORNILLO 1/2""",1.0,0.0
3575,PR - 202 CRUCETA DE 6',1007057,"TORNILLO HEX PAS AC GALV 5/8"" X 12""",1.0,0.0
3576,PR - 202 CRUCETA DE 6',1006250,"ARAN PLAN CUA AC GALV 21/4""X21/4"" D 5/8""",1.0,0.0
3577,PR - 202 CRUCETA DE 8',1006262,"ARANDELA PRESION ACERO GALV P/TORN 1/2""",1.0,0.0
3578,PR - 202 CRUCETA DE 8',1006265,"ARANDELA PRESION ACERO GALV P/TORN 3/8""",2.0,0.0
3579,PR - 202 CRUCETA DE 8',1007052,"TORNILLO HEX PAS AC GALV 3/8"" X 2""",2.0,0.0
3580,PR - 202 CRUCETA DE 8',1008251,"TORNILLO MAQUINA AC GALV 1/2"" X 12""",1.0,0.0
3581,PR - 202 CRUCETA DE 8',1006601,"FLEJE GALV 1-1/4"" X 1/4"" X 28'ORIF 9/16""",2.0,0.0
3582,PR - 202 CRUCETA DE 8',1006264,"ARANDELA PRESION ACERO GALV P/TORN 5/8""",1.0,0.0
3583,PR - 202 CRUCETA DE 8',1006508,"CRUCETA ACERO GALV 8'-0""3"" X 3""",1.0,0.0
3584,PR - 202 CRUCETA DE 8',1007094,"TUERCA CAB HEX AC GALV P/TORNILLO 5/8""",1.0,0.0
3585,PR - 202 CRUCETA DE 8',1007276,PARARRAYO 10 KV OXIDO METALICO,3.0,0.0
3586,PR - 202 CRUCETA DE 8',1006922,"SOPORTE EN CRUCETA DOB UND AC GALV ¼""",3.0,0.0
3587,PR - 202 CRUCETA DE 8',1007085,TUBO Y BASE CORTACIRCUITO 15KV 100 AMPS,3.0,0.0
3588,PR - 202 CRUCETA DE 8',1007200,"TORNILLO MAQUINA 1/2"" X 2""",3.0,0.0
3589,PR - 202 CRUCETA DE 8',1006696,GRAPA CONEXION DOBLE S/TOR,1.0,0.0
3590,PR - 202 CRUCETA DE 8',1007279,"ARANDELA CUADRADA 2""X2"" P/TORNILLO 1/2""",1.0,0.0
3591,PR - 202 CRUCETA DE 8',1007057,"TORNILLO HEX PAS AC GALV 5/8"" X 12""",1.0,0.0
3592,PR - 202 CRUCETA DE 8',1006250,"ARAN PLAN CUA AC GALV 21/4""X21/4"" D 5/8""",1.0,0.0
3593,PARR EN POST,1006938,"SOPORTE TIPO L AC GALV ¼""",1.0,0.0
3594,PARR EN POST,1007276,PARARRAYO 10 KV OXIDO METALICO,1.0,0.0
3595,PARR EN POST,1006264,"ARANDELA PRESION ACERO GALV P/TORN 5/8""",2.0,0.0
3596,PARR EN POST,1006250,"ARAN PLAN CUA AC GALV 21/4""X21/4"" D 5/8""",2.0,0.0
3597,PARR EN POST,1007057,"TORNILLO HEX PAS AC GALV 5/8"" X 12""",2.0,0.0
3598,PARR EN CRUC,1007026,"TORNILLO CABEZA HEXAGONAL 1/2"" X 2""",1.0,0.0
3599,PARR EN CRUC,1006262,"ARANDELA PRESION ACERO GALV P/TORN 1/2""",1.0,0.0
3600,PARR EN CRUC,1007276,PARARRAYO 10 KV OXIDO METALICO,1.0,0.0
3601,PARR EN CRUC,1006922,"SOPORTE EN CRUCETA DOB UND AC GALV ¼""",1.0,0.0
3602,SO1-MT,1006933,SOPORTE P/CAB AISL 1F AC INOX 2 COLLARES,1.0,0.0
3603,SO1-MT,1007057,"TORNILLO HEX PAS AC GALV 5/8"" X 12""",2.0,0.0
3604,SO1-MT,1006264,"ARANDELA PRESION ACERO GALV P/TORN 5/8""",2.0,0.0
3605,SO1-MT,1006250,"ARAN PLAN CUA AC GALV 21/4""X21/4"" D 5/8""",2.0,0.0
3606,SO2-MT,1006250,"ARAN PLAN CUA AC GALV 21/4""X21/4"" D 5/8""",2.0,0.0
3607,SO2-MT,1006264,"ARANDELA PRESION ACERO GALV P/TORN 5/8""",2.0,0.0
3608,SO2-MT,1007057,"TORNILLO HEX PAS AC GALV 5/8"" X 12""",2.0,0.0
3609,SO2-MT,1006934,SOPORTE P/CAB AISL 3F AC INOX 3 COLLARES,1.0,0.0
3610,PR - 208 CRUCETA DE 6',1006262,"ARANDELA PRESION ACERO GALV P/TORN 1/2""",1.0,0.0
3611,PR - 208 CRUCETA DE 6',1006265,"ARANDELA PRESION ACERO GALV P/TORN 3/8""",2.0,0.0
3612,PR - 208 CRUCETA DE 6',1007052,"TORNILLO HEX PAS AC GALV 3/8"" X 2""",2.0,0.0
3613,PR - 208 CRUCETA DE 6',1008251,"TORNILLO MAQUINA AC GALV 1/2"" X 12""",1.0,0.0
3614,PR - 208 CRUCETA DE 6',1006601,"FLEJE GALV 1-1/4"" X 1/4"" X 28'ORIF 9/16""",2.0,0.0
3615,PR - 208 CRUCETA DE 6',1006264,"ARANDELA PRESION ACERO GALV P/TORN 5/8""",1.0,0.0
3616,PR - 208 CRUCETA DE 6',1006506,"CRUCETA ACERO GALV 5'-7"" 3"" X 3""",1.0,0.0
3617,PR - 208 CRUCETA DE 6',1007094,"TUERCA CAB HEX AC GALV P/TORNILLO 5/8""",1.0,0.0
3618,PR - 208 CRUCETA DE 6',1006922,"SOPORTE EN CRUCETA DOB UND AC GALV ¼""",3.0,0.0
3619,PR - 208 CRUCETA DE 6',1007318,TUBO Y BASE CORTACIRCUITO 15KV 200 AMPS,3.0,0.0
3620,PR - 208 CRUCETA DE 6',1007200,"TORNILLO MAQUINA 1/2"" X 2""",3.0,0.0
3621,PR - 208 CRUCETA DE 6',1006696,GRAPA CONEXION DOBLE S/TOR,1.0,0.0
3622,PR - 208 CRUCETA DE 6',1007279,"ARANDELA CUADRADA 2""X2"" P/TORNILLO 1/2""",1.0,0.0
3623,PR - 208 CRUCETA DE 6',1007057,"TORNILLO HEX PAS AC GALV 5/8"" X 12""",1.0,0.0
3624,PR - 208 CRUCETA DE 6',1006250,"ARAN PLAN CUA AC GALV 21/4""X21/4"" D 5/8""",1.0,0.0
3625,PR - 208 CRUCETA DE 6',1006012,CONDUCTOR CU DESNUDO 7 HILOS #2 AWG,6.0,0.0
3626,PR - 208 CRUCETA DE 8',1006262,"ARANDELA PRESION ACERO GALV P/TORN 1/2""",1.0,0.0
3627,PR - 208 CRUCETA DE 8',1006265,"ARANDELA PRESION ACERO GALV P/TORN 3/8""",2.0,0.0
3628,PR - 208 CRUCETA DE 8',1007052,"TORNILLO HEX PAS AC GALV 3/8"" X 2""",2.0,0.0
3629,PR - 208 CRUCETA DE 8',1008251,"TORNILLO MAQUINA AC GALV 1/2"" X 12""",1.0,0.0
3630,PR - 208 CRUCETA DE 8',1006601,"FLEJE GALV 1-1/4"" X 1/4"" X 28'ORIF 9/16""",2.0,0.0
3631,PR - 208 CRUCETA DE 8',1006264,"ARANDELA PRESION ACERO GALV P/TORN 5/8""",1.0,0.0
3632,PR - 208 CRUCETA DE 8',1006508,"CRUCETA ACERO GALV 8'-0""3"" X 3""",1.0,0.0
3633,PR - 208 CRUCETA DE 8',1007094,"TUERCA CAB HEX AC GALV P/TORNILLO 5/8""",1.0,0.0
3634,PR - 208 CRUCETA DE 8',1006922,"SOPORTE EN CRUCETA DOB UND AC GALV ¼""",3.0,0.0
3635,PR - 208 CRUCETA DE 8',1007318,TUBO Y BASE CORTACIRCUITO 15KV 200 AMPS,3.0,0.0
3636,PR - 208 CRUCETA DE 8',1007200,"TORNILLO MAQUINA 1/2"" X 2""",3.0,0.0
3637,PR - 208 CRUCETA DE 8',1006696,GRAPA CONEXION DOBLE S/TOR,1.0,0.0
3638,PR - 208 CRUCETA DE 8',1007279,"ARANDELA CUADRADA 2""X2"" P/TORNILLO 1/2""",1.0,0.0
3639,PR - 208 CRUCETA DE 8',1007057,"TORNILLO HEX PAS AC GALV 5/8"" X 12""",1.0,0.0
3640,PR - 208 CRUCETA DE 8',1006250,"ARAN PLAN CUA AC GALV 21/4""X21/4"" D 5/8""",1.0,0.0
3641,PR - 208 CRUCETA DE 8',1006012,CONDUCTOR CU DESNUDO 7 HILOS #2 AWG,6.0,0.0
3642,JUMPER 477-477,1006429,CONECTOR CUÑA PRESION 477MCM - 477MCM,2.0,0.0
3643,JUMPER 477-477,1006104,CONDUCTOR AAAC 465 MCM CAIRO,1.0,0.0
3644,JUMPER 477-4/0,1006424,CONECTOR CUÑA PRESION 4/0AWG - 4/0AWG,1.0,0.0
3645,JUMPER 477-4/0,1006428,CONECTOR CUÑA PRESION 477MCM - 4/0AWG,1.0,0.0
3646,JUMPER 477-4/0,1006005,CONDUCTOR AAAC 4/0 AWG ALLIANCE,1.0,0.0
3647,JUMPER 477-2/0,1006004,CONDUCTOR AAAC 2/0 AWG ANAHEIM,1.0,0.0
3648,JUMPER 477-2/0,1007320,CONECTOR CUÑA PRESION 477 MCM - 2/0 AWG,1.0,0.0
3649,JUMPER 477-2/0,1007309,CONECTOR CUÑA PRESION 2/0 AWG # 2/0 AWG,1.0,0.0
3650,JUMPER 4/0-4/0,1006424,CONECTOR CUÑA PRESION 4/0AWG - 4/0AWG,2.0,0.0
3651,JUMPER 4/0-4/0,1006005,CONDUCTOR AAAC 4/0 AWG ALLIANCE,1.0,0.0
3652,JUMPER 4/0-2/0,1007309,CONECTOR CUÑA PRESION 2/0 AWG # 2/0 AWG,1.0,0.0
3653,JUMPER 4/0-2/0,1006004,CONDUCTOR AAAC 2/0 AWG ANAHEIM,1.0,0.0
3654,JUMPER 4/0-2/0,1007306,CONECTOR CUÑA PRESION 4/0 AWG # 2/0 AWG,1.0,0.0
3655,JUMPER 2/0-2/0,1006004,CONDUCTOR AAAC 2/0 AWG ANAHEIM,1.0,0.0
3656,JUMPER 2/0-2/0,1007309,CONECTOR CUÑA PRESION 2/0 AWG # 2/0 AWG,1.0,0.0
3657,JUMPER 2/0-#2,1007309,CONECTOR CUÑA PRESION 2/0 AWG # 2/0 AWG,1.0,0.0
3658,JUMPER 2/0-#2,1006004,CONDUCTOR AAAC 2/0 AWG ANAHEIM,1.0,0.0
3659,JUMPER 2/0-#2,1007311,CONECTOR CUÑA PRESION 2/0 AWG # 2,1.0,0.0
3660,JUMPER 4/0-#2,1006004,CONDUCTOR AAAC 2/0 AWG ANAHEIM,1.0,0.0
3661,JUMPER 4/0-#2,1007306,CONECTOR CUÑA PRESION 4/0 AWG # 2/0 AWG,1.0,0.0
3662,JUMPER 4/0-#2,1007311,CONECTOR CUÑA PRESION 2/0 AWG # 2,1.0,0.0
3663,JUMPER 477-#2,1007320,CONECTOR CUÑA PRESION 477 MCM - 2/0 AWG,1.0,0.0
3664,JUMPER 477-#2,1007311,CONECTOR CUÑA PRESION 2/0 AWG # 2,1.0,0.0
3665,JUMPER 477-#2,1006004,CONDUCTOR AAAC 2/0 AWG ANAHEIM,1.0,0.0
3666,CONEX 477-477,1006429,CONECTOR CUÑA PRESION 477MCM - 477MCM,1.0,0.0
3667,CONEX 477-477,1006104,CONDUCTOR AAAC 465 MCM CAIRO,0.0,0.0
3668,CONEX 477-4/0,1006424,CONECTOR CUÑA PRESION 4/0AWG - 4/0AWG,0.0,0.0
3669,CONEX 477-4/0,1006428,CONECTOR CUÑA PRESION 477MCM - 4/0AWG,1.0,0.0
3670,CONEX 477-4/0,1006005,CONDUCTOR AAAC 4/0 AWG ALLIANCE,0.0,0.0
3671,CONEX 477-2/0,1006004,CONDUCTOR AAAC 2/0 AWG ANAHEIM,0.0,0.0
3672,CONEX 477-2/0,1007320,CONECTOR CUÑA PRESION 477 MCM - 2/0 AWG,1.0,0.0
3673,CONEX 477-2/0,1007309,CONECTOR CUÑA PRESION 2/0 AWG # 2/0 AWG,0.0,0.0
3674,CONEX 4/0-4/0,1006424,CONECTOR CUÑA PRESION 4/0AWG - 4/0AWG,1.0,0.0
3675,CONEX 4/0-4/0,1006005,CONDUCTOR AAAC 4/0 AWG ALLIANCE,0.0,0.0
3676,CONEX 4/0-2/0,1007309,CONECTOR CUÑA PRESION 2/0 AWG # 2/0 AWG,0.0,0.0
3677,CONEX 4/0-2/0,1006004,CONDUCTOR AAAC 2/0 AWG ANAHEIM,0.0,0.0
3678,CONEX 4/0-2/0,1007306,CONECTOR CUÑA PRESION 4/0 AWG # 2/0 AWG,1.0,0.0
3679,CONEX 2/0-2/0,1006004,CONDUCTOR AAAC 2/0 AWG ANAHEIM,0.0,0.0
3680,CONEX 2/0-2/0,1007309,CONECTOR CUÑA PRESION 2/0 AWG # 2/0 AWG,1.0,0.0
3681,CONEX 2/0-#2,1007309,CONECTOR CUÑA PRESION 2/0 AWG # 2/0 AWG,0.0,0.0
3682,CONEX 2/0-#2,1006004,CONDUCTOR AAAC 2/0 AWG ANAHEIM,0.0,0.0
3683,CONEX 2/0-#2,1007311,CONECTOR CUÑA PRESION 2/0 AWG # 2,1.0,0.0
3684,CONEX 4/0-#2,1006004,CONDUCTOR AAAC 2/0 AWG ANAHEIM,0.0,0.0
3685,CONEX 4/0-#2,1006423,CONECTOR CUÑA PRESION 4/0AWG - #2CU,1.0,0.0
3686,CONEX 4/0-#2,1007311,CONECTOR CUÑA PRESION 2/0 AWG # 2,0.0,0.0
3687,CONEX 477-#2,1007320,CONECTOR CUÑA PRESION 477 MCM - 2/0 AWG,1.0,0.0
3688,CONEX 477-#2,1007311,CONECTOR CUÑA PRESION 2/0 AWG # 2,0.0,0.0
3689,CONEX 477-#2,1006004,CONDUCTOR AAAC 2/0 AWG ANAHEIM,0.0,0.0
3690,EA-MT (55-5),1006579,"ESPIGA ACERO GAL VASTAGO 3/4"" X 7 3/4""",1.0,0.0
3691,EA-MT (55-5),1006238,AISLADOR PORC.TIPO ESPIGA ANSI 55-5,1.0,0.0
3692,EC-MT (55-5),1007094,"TUERCA CAB HEX AC GALV P/TORNILLO 5/8""",0.0,0.0
3693,EC-MT (55-5),1006696,GRAPA CONEXION DOBLE S/TOR,0.0,0.0
3694,EC-MT (55-5),1006264,"ARANDELA PRESION ACERO GALV P/TORN 5/8""",3.0,0.0
3695,EC-MT (55-5),1006250,"ARAN PLAN CUA AC GALV 21/4""X21/4"" D 5/8""",2.0,0.0
3696,EC-MT (55-5),1007057,"TORNILLO HEX PAS AC GALV 5/8"" X 12""",2.0,0.0
3697,EC-MT (55-5),1006580,"ESPIGA ACERO GALV 20"" P/INST CZA POSTE",1.0,0.0
3698,EC-MT (55-5),1006238,AISLADOR PORC.TIPO ESPIGA ANSI 55-5,1.0,0.0
3699,EA-MT (34 Kv),1006242,AISLADOR PORC.TIPO LINE POST ANSI 57-3,1.0,0.0
3700,EA-MT (34 Kv),1006838,PERNO CORTO GALVANIZADO ANSI 57-1/3,1.0,0.0
3701,EC-MT (34Kv),1007094,"TUERCA CAB HEX AC GALV P/TORNILLO 5/8""",0.0,0.0
3702,EC-MT (34Kv),1006696,GRAPA CONEXION DOBLE S/TOR,0.0,0.0
3703,EC-MT (34Kv),1006838,PERNO CORTO GALVANIZADO ANSI 57-1/3,1.0,0.0
3704,EC-MT (34Kv),1006940,SOPORTE DE ACERO PARA AISLADOR RIGIDO EN CABEZA DE POSTE,1.0,0.0
3705,EC-MT (34Kv),1006264,"ARANDELA PRESION ACERO GALV P/TORN 5/8""",2.0,0.0
3706,EC-MT (34Kv),1006250,"ARAN PLAN CUA AC GALV 21/4""X21/4"" D 5/8""",2.0,0.0
3707,EC-MT (34Kv),1007057,"TORNILLO HEX PAS AC GALV 5/8"" X 12""",2.0,0.0
3708,EC-MT (34Kv),1006242,AISLADOR PORC.TIPO LINE POST ANSI 57-3,1.0,0.0
3709,EA-MT (57-1),1006241,AISLADOR PORC.TIPO LINE POST ANSI 57-1,1.0,0.0
3710,EA-MT (57-1),1006838,PERNO CORTO GALVANIZADO ANSI 57-1/3,1.0,0.0
3711,EC-MT (57-1),1007094,"TUERCA CAB HEX AC GALV P/TORNILLO 5/8""",0.0,0.0
3712,EC-MT (57-1),1006696,GRAPA CONEXION DOBLE S/TOR,0.0,0.0
3713,EC-MT (57-1),1006838,PERNO CORTO GALVANIZADO ANSI 57-1/3,1.0,0.0
3714,EC-MT (57-1),1006940,SOPORTE DE ACERO PARA AISLADOR RIGIDO EN CABEZA DE POSTE,1.0,0.0
3715,EC-MT (57-1),1006264,"ARANDELA PRESION ACERO GALV P/TORN 5/8""",2.0,0.0
3716,EC-MT (57-1),1006250,"ARAN PLAN CUA AC GALV 21/4""X21/4"" D 5/8""",2.0,0.0
3717,EC-MT (57-1),1007057,"TORNILLO HEX PAS AC GALV 5/8"" X 12""",2.0,0.0
3718,EC-MT (57-1),1006241,AISLADOR PORC.TIPO LINE POST ANSI 57-1,1.0,0.0
3719,ET-MT (57-1),1006241,AISLADOR PORC.TIPO LINE POST ANSI 57-1,1.0,0.0
3720,ET-MT (57-1),1006842,"PERNO ROSCA CORRIDA AC GALV 5/8"" X16""",1.0,0.0
3721,ET-MT (57-1),1006264,"ARANDELA PRESION ACERO GALV P/TORN 5/8""",1.0,0.0
3722,ET-MT (57-1),1006250,"ARAN PLAN CUA AC GALV 21/4""X21/4"" D 5/8""",1.0,0.0
3723,EMP PLEN TRACC #2,1006802,MANGA EMPALME PLENA TRACCIÓN # 2 AWG,1.0,0.0
3724,EMP PLEN TRACC 1/0,1006807,MANGA EMPALME PLENA TRACCIÓN 1/0 AWG,1.0,0.0
3725,EMP PLEN TRACC 2/0,1006804,MANGA EMPALME PLENA TRACCIÓN  2/0 AWG,1.0,0.0
3726,EMP PLEN TRACC 4/0,1006559,MANGA EMPALME PLENA TRACCIÓN 4/0 AWG,1.0,0.0
3727,EMP PLEN TRACC 266,1006805,MANGA EMPALME PLENA TRACCIÓN 266MCM,1.0,0.0
3728,EMP PLEN TRACC 477,1006806,MANGA EMPALME PLENA TRACCIÓN 477MCM,1.0,0.0
3729,SF1 - MT,1007057,"TORNILLO HEX PAS AC GALV 5/8"" X 12""",2.0,0.0
3730,SFI - MT,1006250,"ARAN PLAN CUA AC GALV 21/4""X21/4"" D 5/8""",2.0,0.0
3731,SFI - MT,1006264,"ARANDELA PRESION ACERO GALV P/TORN 5/8""",2.0,0.0
3732,SFI - MT,1006012,CONDUCTOR CU DESNUDO 7 HILOS #2 AWG,2.0,0.0
3733,SFI - MT,1006938,"SOPORTE TIPO L AC GALV ¼""",1.0,0.0
3734,SFI - MT,1007085,TUBO Y BASE CORTACIRCUITO 15KV 100 AMPS,1.0,0.0
3735,SFI - MT,1006696,GRAPA CONEXION DOBLE S/TOR,1.0,0.0
3736,SF2 - MT,1006012,CONDUCTOR CU DESNUDO 7 HILOS #2 AWG,2.0,0.0
3737,SF2 - MT,1007200,"TORNILLO MAQUINA 1/2"" X 2""",1.0,0.0
3738,SF2 - MT,1007085,TUBO Y BASE CORTACIRCUITO 15KV 100 AMPS,1.0,0.0
3739,SF2 - MT,1006922,"SOPORTE EN CRUCETA DOB UND AC GALV ¼""",1.0,0.0
3740,SF2 - MT,1006262,"ARANDELA PRESION ACERO GALV P/TORN 1/2""",1.0,0.0
3741,SF1 - MT (200 A),1007057,"TORNILLO HEX PAS AC GALV 5/8"" X 12""",2.0,0.0
3742,SF1 - MT (200 A),1006250,"ARAN PLAN CUA AC GALV 21/4""X21/4"" D 5/8""",2.0,0.0
3743,SF1 - MT (200 A),1006264,"ARANDELA PRESION ACERO GALV P/TORN 5/8""",2.0,0.0
3744,SF1 - MT (200 A),1006012,CONDUCTOR CU DESNUDO 7 HILOS #2 AWG,2.0,0.0
3745,SF1 - MT (200 A),1006938,"SOPORTE TIPO L AC GALV ¼""",1.0,0.0
3746,SF1 - MT (200 A),1007318,TUBO Y BASE CORTACIRCUITO 15KV 200 AMPS,1.0,0.0
3747,SF1 - MT (200 A),1006696,GRAPA CONEXION DOBLE S/TOR,1.0,0.0
3748,SF2 - MT (200 A),1006012,CONDUCTOR CU DESNUDO 7 HILOS #2 AWG,2.0,0.0
3749,SF2 - MT (200 A),1007200,"TORNILLO MAQUINA 1/2"" X 2""",1.0,0.0
3750,SF2 - MT (200 A),1007318,TUBO Y BASE CORTACIRCUITO 15KV 200 AMPS,1.0,0.0
3751,SF2 - MT (200 A),1006922,"SOPORTE EN CRUCETA DOB UND AC GALV ¼""",1.0,0.0
3752,SF2 - MT (200 A),1006262,"ARANDELA PRESION ACERO GALV P/TORN 1/2""",1.0,0.0
3753,SP2 - MT,1006012,CONDUCTOR CU DESNUDO 7 HILOS #2 AWG,2.0,0.0
3754,SP2 - MT,1007200,"TORNILLO MAQUINA 1/2"" X 2""",1.0,0.0
3755,SP2 - MT,1007276,PARARRAYO 10 KV OXIDO METALICO,1.0,0.0
3756,SP2 - MT,1007085,TUBO Y BASE CORTACIRCUITO 15KV 100 AMPS,1.0,0.0
3757,SP2 - MT,1006922,"SOPORTE EN CRUCETA DOB UND AC GALV ¼""",1.0,0.0
3758,SP2 - MT,1006262,"ARANDELA PRESION ACERO GALV P/TORN 1/2""",1.0,0.0
3759,M 1Ø AAAC 2/0,1006004,CONDUCTOR AAAC 2/0 AWG ANAHEIM,1.03,0.0
3760,M 3Ø AAAC 2/0,1006004,CONDUCTOR AAAC 2/0 AWG ANAHEIM,3.09,0.0
3761,M 3Ø AAAC 4/0,1006005,CONDUCTOR AAAC 4/0 AWG ALLIANCE,3.09,0.0
3762,M 3Ø AAAC 465 MCM,1006104,CONDUCTOR AAAC 465 MCM CAIRO,3.09,0.0
3763,M  N AAAC 2/0,1006004,CONDUCTOR AAAC 2/0 AWG ANAHEIM,1.03,0.0
3764,M  N AAAC 4/0,1006005,CONDUCTOR AAAC 4/0 AWG ALLIANCE,1.03,0.0
3765,M TRIPLEX 2/0 N 2/0,1006020,CONDUCTOR TRIPLEX 2/0 AWG - N2/0,1.03,0.0
3766,M TRIPLEX 4/0 N 2/0,1005997,CONDUCTOR TRIPLEX 4/0 AWG - N2/0,1.03,0.0
3767,M TRIPLEX 4/0 N 4/0,1005996,CONDUCTOR TRIPLEX 4/0 AWG - N4/0,1.03,0.0
3768,M TEND. 8/3,1006202,CONDUCTOR CU CONCENTRICO 8/3 AWG,1.03,0.0
3769,M TEND. 6/3,1006015,CONDUCTOR CONCENTRICO 3XN§6 COBRE,1.03,0.0
3770,M TEND. 4/3,1006014,CONDUCTOR CU CONCENTRICO 4/3 AWG,1.03,0.0
3771,M TEND. 6/3 ALUMINIO,1009443,CONDUCTOR CONCENTRICO DE AL 6 X 3 AWG,1.03,0.0
3772,M TEND. 4/3 ALUMINIO,1005966,"CABLE CONCENTRICO AL 0,6KV 4/3 HILOS",1.03,0.0
3773,INST CAJA D  POSTE FLEJADA (4/3),1006456,CONECTOR PERFORACION 1/0-4/0 AWG P-35,3.0,0.0
3774,INST CAJA D  POSTE FLEJADA (4/3),1006014,CONDUCTOR CU CONCENTRICO 4/3 AWG,1.0,0.0
3775,INST CAJA D  POSTE FLEJADA (4/3),1006721,"HEBILLA P/FLEJE 10MM 1/2""",2.0,0.0
3776,INST CAJA D  POSTE FLEJADA (4/3),1008249,"FLEJE 10 X 0,4",2.0,0.0
3777,INST CAJA D  POSTE FLEJADA (4/3),1007451,CAJA DERIVACION 12 ACOMETIDAS,1.0,0.0
3778,INST CAJA D  POSTE FLEJADA (6/3),1006456,CONECTOR PERFORACION 1/0-4/0 AWG P-35,3.0,0.0
3779,INST CAJA D  POSTE FLEJADA (6/3),1006015,CONDUCTOR CONCENTRICO 3XN§6 COBRE,1.0,0.0
3780,INST CAJA D  POSTE FLEJADA (6/3),1006721,"HEBILLA P/FLEJE 10MM 1/2""",2.0,0.0
3781,INST CAJA D  POSTE FLEJADA (6/3),1008249,"FLEJE 10 X 0,4",2.0,0.0
3782,INST CAJA D  POSTE FLEJADA (6/3),1007451,CAJA DERIVACION 12 ACOMETIDAS,1.0,0.0
3783,INST CAJA D  POSTE ATORNILLADA (4/3),1006456,CONECTOR PERFORACION 1/0-4/0 AWG P-35,3.0,0.0
3784,INST CAJA D  POSTE ATORNILLADA (4/3),1006014,CONDUCTOR CU CONCENTRICO 4/3 AWG,1.0,0.0
3785,INST CAJA D  POSTE ATORNILLADA (4/3),1007451,CAJA DERIVACION 12 ACOMETIDAS,1.0,0.0
3786,INST CAJA D  POSTE ATORNILLADA (4/3),1007057,"TORNILLO HEX PAS AC GALV 5/8"" X 12""",2.0,0.0
3787,INST CAJA D  POSTE ATORNILLADA (4/3),1006250,"ARAN PLAN CUA AC GALV 21/4""X21/4"" D 5/8""",2.0,0.0
3788,INST CAJA D  POSTE ATORNILLADA (4/3),1006264,"ARANDELA PRESION ACERO GALV P/TORN 5/8""",2.0,0.0
3789,INST CAJA D  POSTE ATORNILLADA (6/3),1006456,CONECTOR PERFORACION 1/0-4/0 AWG P-35,3.0,0.0
3790,INST CAJA D  POSTE ATORNILLADA (6/3),1006014,CONDUCTOR CU CONCENTRICO 4/3 AWG,1.0,0.0
3791,INST CAJA D  POSTE ATORNILLADA (6/3),1007451,CAJA DERIVACION 12 ACOMETIDAS,1.0,0.0
3792,INST CAJA D  POSTE ATORNILLADA (6/3),1007057,"TORNILLO HEX PAS AC GALV 5/8"" X 12""",2.0,0.0
3793,INST CAJA D  POSTE ATORNILLADA (6/3),1006250,"ARAN PLAN CUA AC GALV 21/4""X21/4"" D 5/8""",2.0,0.0
3794,INST CAJA D  POSTE ATORNILLADA (6/3),1006264,"ARANDELA PRESION ACERO GALV P/TORN 5/8""",2.0,0.0
3795,INST CAJA D ANTIF  CRUC (4/3),1006456,CONECTOR PERFORACION 1/0-4/0 AWG P-35,3.0,0.0
3796,INST CAJA D ANTIF  CRUC (4/3),1006014,CONDUCTOR CU CONCENTRICO 4/3 AWG,1.0,0.0
3797,INST CAJA D ANTIF  CRUC (4/3),1006262,"ARANDELA PRESION ACERO GALV P/TORN 1/2""",2.0,0.0
3798,INST CAJA D ANTIF  CRUC (4/3),1007279,"ARANDELA CUADRADA 2""X2"" P/TORNILLO 1/2""",0.0,0.0
3799,INST CAJA D ANTIF  CRUC (4/3),1007026,"TORNILLO CABEZA HEXAGONAL 1/2"" X 2""",2.0,0.0
3800,INST CAJA D ANTIF  CRUC (4/3),1007451,CAJA DERIVACION 12 ACOMETIDAS,1.0,0.0
3801,INST CAJA D ANTIF  CRUC (4/3),1007841,SOPORTE CAJA DERIVACION,1.0,0.0
3802,INST CAJA D ANTIF  CRUC (6/3),1006456,CONECTOR PERFORACION 1/0-4/0 AWG P-35,3.0,0.0
3803,INST CAJA D ANTIF  CRUC (6/3),1006015,CONDUCTOR CONCENTRICO 3XN§6 COBRE,1.0,0.0
3804,INST CAJA D ANTIF  CRUC (6/3),1006262,"ARANDELA PRESION ACERO GALV P/TORN 1/2""",2.0,0.0
3805,INST CAJA D ANTIF  CRUC (6/3),1007279,"ARANDELA CUADRADA 2""X2"" P/TORNILLO 1/2""",0.0,0.0
3806,INST CAJA D ANTIF  CRUC (6/3),1007026,"TORNILLO CABEZA HEXAGONAL 1/2"" X 2""",2.0,0.0
3807,INST CAJA D ANTIF  CRUC (6/3),1007451,CAJA DERIVACION 12 ACOMETIDAS,1.0,0.0
3808,INST CAJA D ANTIF  CRUC (6/3),1007841,SOPORTE CAJA DERIVACION,1.0,0.0
3809,KIT BT SOCKET ANTI-FRAUDE 120V(8/2 de AL),1006926,SOPORTE DE ANCLAJE EN FACHADA,1.0,0.0
3810,KIT BT SOCKET ANTI-FRAUDE 120V(8/2 de AL),1006035,TAPE DE VINILO,0.02,0.0
3811,KIT BT SOCKET ANTI-FRAUDE 120V(8/2 de AL),1006036,"TARUGO PLASTICO 1/4"" X 1""",2.0,0.0
3812,KIT BT SOCKET ANTI-FRAUDE 120V(8/2 de AL),1007077,TORNILLO TIRAFONDO 1 ½” X 3/16” No 10,2.0,0.0
3813,KIT BT SOCKET ANTI-FRAUDE 120V(8/2 de AL),1006345,BRIDA DE SUJECCION HASTA 50 MM,3.0,0.0
3814,KIT BT SOCKET ANTI-FRAUDE 120V(8/2 de AL),1009444,CONDUCTOR CONCENTRICO DE AL 8 X 2 AWG,20.0,0.0
3815,KIT BT SOCKET ANTI-FRAUDE 120V(8/2 de AL),1006396,"CONECT A PRUEBA D/AGUA P/C. 8,2 ROSC 1""",2.0,0.0
3816,KIT BT SOCKET ANTI-FRAUDE 120V(8/2 de AL),1006289,"BASE CIRCULAR DE 1""",1.0,0.0
3817,KIT BT SOCKET ANTI-FRAUDE 120V(8/2 de AL),1006861,PINZA RETENCION DOBLE 6/3AWG - 8/2AWG,2.0,0.0
3818,KIT BT SOCKET ANTI-FRAUDE 120V(8/2 de AL),1006382,COLLAR AMARRE EN FACHADA,3.0,0.0
3819,KIT BT SOCKET ANTI-FRAUDE 240V(6/3 de AL),1006926,SOPORTE DE ANCLAJE EN FACHADA,1.0,0.0
3820,KIT BT SOCKET ANTI-FRAUDE 240V(6/3 de AL),1006035,TAPE DE VINILO,0.02,0.0
3821,KIT BT SOCKET ANTI-FRAUDE 240V(6/3 de AL),1006036,"TARUGO PLASTICO 1/4"" X 1""",2.0,0.0
3822,KIT BT SOCKET ANTI-FRAUDE 240V(6/3 de AL),1007077,TORNILLO TIRAFONDO 1 ½” X 3/16” No 10,2.0,0.0
3823,KIT BT SOCKET ANTI-FRAUDE 240V(6/3 de AL),1006345,BRIDA DE SUJECCION HASTA 50 MM,3.0,0.0
3824,KIT BT SOCKET ANTI-FRAUDE 240V(6/3 de AL),1009443,CONDUCTOR CONCENTRICO DE AL 6 X 3 AWG,20.0,0.0
3825,KIT BT SOCKET ANTI-FRAUDE 240V(6/3 de AL),1006395,"CONECT A PRUEBA D/AGUA P/C. 6,3 ROSC 1""",2.0,0.0
3826,KIT BT SOCKET ANTI-FRAUDE 240V(6/3 de AL),1006289,"BASE CIRCULAR DE 1""",1.0,0.0
3827,KIT BT SOCKET ANTI-FRAUDE 240V(6/3 de AL),1006861,PINZA RETENCION DOBLE 6/3AWG - 8/2AWG,2.0,0.0
3828,KIT BT SOCKET ANTI-FRAUDE 240V(6/3 de AL),1006382,COLLAR AMARRE EN FACHADA,3.0,0.0
3829,KIT BT SOCKET NORMAL 120V (8/2 de AL),1006926,SOPORTE DE ANCLAJE EN FACHADA,1.0,0.0
3830,KIT BT SOCKET NORMAL 120V (8/2 de AL),1006035,TAPE DE VINILO,0.02,0.0
3831,KIT BT SOCKET NORMAL 120V (8/2 de AL),1006036,"TARUGO PLASTICO 1/4"" X 1""",2.0,0.0
3832,KIT BT SOCKET NORMAL 120V (8/2 de AL),1007077,TORNILLO TIRAFONDO 1 ½” X 3/16” No 10,2.0,0.0
3833,KIT BT SOCKET NORMAL 120V (8/2 de AL),1006345,BRIDA DE SUJECCION HASTA 50 MM,3.0,0.0
3834,KIT BT SOCKET NORMAL 120V (8/2 de AL),1009444,CONDUCTOR CONCENTRICO DE AL 8 X 2 AWG,20.0,0.0
3835,KIT BT SOCKET NORMAL 120V (8/2 de AL),1006396,"CONECT A PRUEBA D/AGUA P/C. 8,2 ROSC 1""",2.0,0.0
3836,KIT BT SOCKET NORMAL 120V (8/2 de AL),1006289,"BASE CIRCULAR DE 1""",1.0,0.0
3837,KIT BT SOCKET NORMAL 120V (8/2 de AL),1006861,PINZA RETENCION DOBLE 6/3AWG - 8/2AWG,2.0,0.0
3838,KIT BT SOCKET NORMAL 120V (8/2 de AL),1006456,CONECTOR PERFORACION 1/0-4/0 AWG P-35,2.0,0.0
3839,KIT BT SOCKET NORMAL 120V (8/2 de AL),1006382,COLLAR AMARRE EN FACHADA,3.0,0.0
3840,KIT BT SOCKET NORMAL 240 V (6/3 de AL),1006926,SOPORTE DE ANCLAJE EN FACHADA,1.0,0.0
3841,KIT BT SOCKET NORMAL 240 V (6/3 de AL),1006035,TAPE DE VINILO,0.02,0.0
3842,KIT BT SOCKET NORMAL 240 V (6/3 de AL),1006036,"TARUGO PLASTICO 1/4"" X 1""",2.0,0.0
3843,KIT BT SOCKET NORMAL 240 V (6/3 de AL),1007077,TORNILLO TIRAFONDO 1 ½” X 3/16” No 10,2.0,0.0
3844,KIT BT SOCKET NORMAL 240 V (6/3 de AL),1006345,BRIDA DE SUJECCION HASTA 50 MM,3.0,0.0
3845,KIT BT SOCKET NORMAL 240 V (6/3 de AL),1009443,CONDUCTOR CONCENTRICO DE AL 6 X 3 AWG,20.0,0.0
3846,KIT BT SOCKET NORMAL 240 V (6/3 de AL),1006395,"CONECT A PRUEBA D/AGUA P/C. 6,3 ROSC 1""",2.0,0.0
3847,KIT BT SOCKET NORMAL 240 V (6/3 de AL),1006289,"BASE CIRCULAR DE 1""",1.0,0.0
3848,KIT BT SOCKET NORMAL 240 V (6/3 de AL),1006861,PINZA RETENCION DOBLE 6/3AWG - 8/2AWG,2.0,0.0
3849,KIT BT SOCKET NORMAL 240 V (6/3 de AL),1006456,CONECTOR PERFORACION 1/0-4/0 AWG P-35,3.0,0.0
3850,KIT BT SOCKET NORMAL 240 V (6/3 de AL),1006382,COLLAR AMARRE EN FACHADA,3.0,0.0
3851,KIT BT SOCKET ANTI-FRAUDE 120V(10/2 de CU),1006926,SOPORTE DE ANCLAJE EN FACHADA,1.0,0.0
3852,KIT BT SOCKET ANTI-FRAUDE 120V(10/2 de CU),1006035,TAPE DE VINILO,0.02,0.0
3853,KIT BT SOCKET ANTI-FRAUDE 120V(10/2 de CU),1006036,"TARUGO PLASTICO 1/4"" X 1""",2.0,0.0
3854,KIT BT SOCKET ANTI-FRAUDE 120V(10/2 de CU),1007077,TORNILLO TIRAFONDO 1 ½” X 3/16” No 10,2.0,0.0
3855,KIT BT SOCKET ANTI-FRAUDE 120V(10/2 de CU),1006345,BRIDA DE SUJECCION HASTA 50 MM,3.0,0.0
3856,KIT BT SOCKET ANTI-FRAUDE 120V(10/2 de CU),1006191,CONDUCTOR CU CONCENTRICO 10/2 AWG,20.0,0.0
3857,KIT BT SOCKET ANTI-FRAUDE 120V(10/2 de CU),1006396,"CONECT A PRUEBA D/AGUA P/C. 8,2 ROSC 1""",2.0,0.0
3858,KIT BT SOCKET ANTI-FRAUDE 120V(10/2 de CU),1006289,"BASE CIRCULAR DE 1""",1.0,0.0
3859,KIT BT SOCKET ANTI-FRAUDE 120V(10/2 de CU),1006861,PINZA RETENCION DOBLE 6/3AWG - 8/2AWG,2.0,0.0
3860,KIT BT SOCKET ANTI-FRAUDE 120V(10/2 de CU),1006382,COLLAR AMARRE EN FACHADA,3.0,0.0
3861,KIT BT SOCKET ANTI-FRAUDE 240V(8/3 de CU),1006926,SOPORTE DE ANCLAJE EN FACHADA,1.0,0.0
3862,KIT BT SOCKET ANTI-FRAUDE 240V(8/3 de CU),1006035,TAPE DE VINILO,0.02,0.0
3863,KIT BT SOCKET ANTI-FRAUDE 240V(8/3 de CU),1006036,"TARUGO PLASTICO 1/4"" X 1""",2.0,0.0
3864,KIT BT SOCKET ANTI-FRAUDE 240V(8/3 de CU),1007077,TORNILLO TIRAFONDO 1 ½” X 3/16” No 10,2.0,0.0
3865,KIT BT SOCKET ANTI-FRAUDE 240V(8/3 de CU),1006345,BRIDA DE SUJECCION HASTA 50 MM,3.0,0.0
3866,KIT BT SOCKET ANTI-FRAUDE 240V(8/3 de CU),1006202,CONDUCTOR CU CONCENTRICO 8/3 AWG,20.0,0.0
3867,KIT BT SOCKET ANTI-FRAUDE 240V(8/3 de CU),1006395,"CONECT A PRUEBA D/AGUA P/C. 6,3 ROSC 1""",2.0,0.0
3868,KIT BT SOCKET ANTI-FRAUDE 240V(8/3 de CU),1006289,"BASE CIRCULAR DE 1""",1.0,0.0
3869,KIT BT SOCKET ANTI-FRAUDE 240V(8/3 de CU),1006861,PINZA RETENCION DOBLE 6/3AWG - 8/2AWG,2.0,0.0
3870,KIT BT SOCKET ANTI-FRAUDE 240V(8/3 de CU),1006382,COLLAR AMARRE EN FACHADA,3.0,0.0
3871,KIT BT SOCKET NORMAL 120V (10/2 de CU),1006926,SOPORTE DE ANCLAJE EN FACHADA,1.0,0.0
3872,KIT BT SOCKET NORMAL 120V (10/2 de CU),1006035,TAPE DE VINILO,0.02,0.0
3873,KIT BT SOCKET NORMAL 120V (10/2 de CU),1006036,"TARUGO PLASTICO 1/4"" X 1""",2.0,0.0
3874,KIT BT SOCKET NORMAL 120V (10/2 de CU),1007077,TORNILLO TIRAFONDO 1 ½” X 3/16” No 10,2.0,0.0
3875,KIT BT SOCKET NORMAL 120V (10/2 de CU),1006345,BRIDA DE SUJECCION HASTA 50 MM,3.0,0.0
3876,KIT BT SOCKET NORMAL 120V (10/2 de CU),1006191,CONDUCTOR CU CONCENTRICO 10/2 AWG,20.0,0.0
3877,KIT BT SOCKET NORMAL 120V (10/2 de CU),1006396,"CONECT A PRUEBA D/AGUA P/C. 8,2 ROSC 1""",2.0,0.0
3878,KIT BT SOCKET NORMAL 120V (10/2 de CU),1006289,"BASE CIRCULAR DE 1""",1.0,0.0
3879,KIT BT SOCKET NORMAL 120V (10/2 de CU),1006861,PINZA RETENCION DOBLE 6/3AWG - 8/2AWG,2.0,0.0
3880,KIT BT SOCKET NORMAL 120V (10/2 de CU),1006456,CONECTOR PERFORACION 1/0-4/0 AWG P-35,2.0,0.0
3881,KIT BT SOCKET NORMAL 120V (10/2 de CU),1006382,COLLAR AMARRE EN FACHADA,3.0,0.0
3882,KIT BT SOCKET NORMAL 240 V (8/3 de CU),1006926,SOPORTE DE ANCLAJE EN FACHADA,1.0,0.0
3883,KIT BT SOCKET NORMAL 240 V (8/3 de CU),1006035,TAPE DE VINILO,0.02,0.0
3884,KIT BT SOCKET NORMAL 240 V (8/3 de CU),1006036,"TARUGO PLASTICO 1/4"" X 1""",2.0,0.0
3885,KIT BT SOCKET NORMAL 240 V (8/3 de CU),1007077,TORNILLO TIRAFONDO 1 ½” X 3/16” No 10,2.0,0.0
3886,KIT BT SOCKET NORMAL 240 V (8/3 de CU),1006345,BRIDA DE SUJECCION HASTA 50 MM,3.0,0.0
3887,KIT BT SOCKET NORMAL 240 V (8/3 de CU),1006202,CONDUCTOR CU CONCENTRICO 8/3 AWG,20.0,0.0
3888,KIT BT SOCKET NORMAL 240 V (8/3 de CU),1006395,"CONECT A PRUEBA D/AGUA P/C. 6,3 ROSC 1""",2.0,0.0
3889,KIT BT SOCKET NORMAL 240 V (8/3 de CU),1006289,"BASE CIRCULAR DE 1""",1.0,0.0
3890,KIT BT SOCKET NORMAL 240 V (8/3 de CU),1006861,PINZA RETENCION DOBLE 6/3AWG - 8/2AWG,2.0,0.0
3891,KIT BT SOCKET NORMAL 240 V (8/3 de CU),1006456,CONECTOR PERFORACION 1/0-4/0 AWG P-35,3.0,0.0
3892,KIT BT SOCKET NORMAL 240 V (8/3 de CU),1006382,COLLAR AMARRE EN FACHADA,3.0,0.0
3893,(CSA-MT) 6',1006696,GRAPA CONEXION DOBLE S/TOR,0.0,0.0
3894,(CSA-MT) 6',1006506,"CRUCETA ACERO GALV 5'-7"" 3"" X 3""",1.0,0.0
3895,(CSA-MT) 6',1007279,"ARANDELA CUADRADA 2""X2"" P/TORNILLO 1/2""",1.0,0.0
3896,(CSA-MT) 6',1006264,"ARANDELA PRESION ACERO GALV P/TORN 5/8""",1.0,0.0
3897,(CSA-MT) 6',1006265,"ARANDELA PRESION ACERO GALV P/TORN 3/8""",2.0,0.0
3898,(CSA-MT) 6',1006262,"ARANDELA PRESION ACERO GALV P/TORN 1/2""",1.0,0.0
3899,(CSA-MT) 6',1006250,"ARAN PLAN CUA AC GALV 21/4""X21/4"" D 5/8""",1.0,0.0
3900,(CSA-MT) 6',1007052,"TORNILLO HEX PAS AC GALV 3/8"" X 2""",2.0,0.0
3901,(CSA-MT) 6',1008251,"TORNILLO MAQUINA AC GALV 1/2"" X 12""",1.0,0.0
3902,(CSA-MT) 6',1006601,"FLEJE GALV 1-1/4"" X 1/4"" X 28'ORIF 9/16""",2.0,0.0
3903,(CSA-MT) 6',1007094,"TUERCA CAB HEX AC GALV P/TORNILLO 5/8""",0.0,0.0
3904,(CSA-MT) 6',1007057,"TORNILLO HEX PAS AC GALV 5/8"" X 12""",1.0,0.0
3905,(CDA-MT) 6',1006696,GRAPA CONEXION DOBLE S/TOR,0.0,0.0
3906,(CDA-MT) 6',1006840,"PERNO ROSCA CORRIDA AC GALV 5/8"" X12""",3.0,0.0
3907,(CDA-MT) 6',1006506,"CRUCETA ACERO GALV 5'-7"" 3"" X 3""",2.0,0.0
3908,(CDA-MT) 6',1007052,"TORNILLO HEX PAS AC GALV 3/8"" X 2""",4.0,0.0
3909,(CDA-MT) 6',1006264,"ARANDELA PRESION ACERO GALV P/TORN 5/8""",10.0,0.0
3910,(CDA-MT) 6',1006265,"ARANDELA PRESION ACERO GALV P/TORN 3/8""",4.0,0.0
3911,(CDA-MT) 6',1006262,"ARANDELA PRESION ACERO GALV P/TORN 1/2""",1.0,0.0
3912,(CDA-MT) 6',1008251,"TORNILLO MAQUINA AC GALV 1/2"" X 12""",1.0,0.0
3913,(CDA-MT) 6',1006601,"FLEJE GALV 1-1/4"" X 1/4"" X 28'ORIF 9/16""",4.0,0.0
3914,(CDA-MT) 6',1007094,"TUERCA CAB HEX AC GALV P/TORNILLO 5/8""",0.0,0.0
3915,(CSA-MT1) 8',1006696,GRAPA CONEXION DOBLE S/TOR,0.0,0.0
3916,(CSA-MT1) 8',1007279,"ARANDELA CUADRADA 2""X2"" P/TORNILLO 1/2""",1.0,0.0
3917,(CSA-MT1) 8',1006264,"ARANDELA PRESION ACERO GALV P/TORN 5/8""",1.0,0.0
3918,(CSA-MT1) 8',1006265,"ARANDELA PRESION ACERO GALV P/TORN 3/8""",2.0,0.0
3919,(CSA-MT1) 8',1006262,"ARANDELA PRESION ACERO GALV P/TORN 1/2""",1.0,0.0
3920,(CSA-MT1) 8',1006250,"ARAN PLAN CUA AC GALV 21/4""X21/4"" D 5/8""",1.0,0.0
3921,(CSA-MT1) 8',1007052,"TORNILLO HEX PAS AC GALV 3/8"" X 2""",2.0,0.0
3922,(CSA-MT1) 8',1008251,"TORNILLO MAQUINA AC GALV 1/2"" X 12""",1.0,0.0
3923,(CSA-MT1) 8',1007057,"TORNILLO HEX PAS AC GALV 5/8"" X 12""",1.0,0.0
3924,(CSA-MT1) 8',1006601,"FLEJE GALV 1-1/4"" X 1/4"" X 28'ORIF 9/16""",2.0,0.0
3925,(CSA-MT1) 8',1006508,"CRUCETA ACERO GALV 8'-0""3"" X 3""",1.0,0.0
3926,(CSA-MT1) 8',1007094,"TUERCA CAB HEX AC GALV P/TORNILLO 5/8""",0.0,0.0
3927,(CDA-MT1) 8',1006696,GRAPA CONEXION DOBLE S/TOR,0.0,0.0
3928,(CDA-MT1) 8',1006840,"PERNO ROSCA CORRIDA AC GALV 5/8"" X12""",3.0,0.0
3929,(CDA-MT1) 8',1006508,"CRUCETA ACERO GALV 8'-0""3"" X 3""",2.0,0.0
3930,(CDA-MT1) 8',1006601,"FLEJE GALV 1-1/4"" X 1/4"" X 28'ORIF 9/16""",4.0,0.0
3931,(CDA-MT1) 8',1006264,"ARANDELA PRESION ACERO GALV P/TORN 5/8""",10.0,0.0
3932,(CDA-MT1) 8',1006265,"ARANDELA PRESION ACERO GALV P/TORN 3/8""",4.0,0.0
3933,(CDA-MT1) 8',1006262,"ARANDELA PRESION ACERO GALV P/TORN 1/2""",1.0,0.0
3934,(CDA-MT1) 8',1007052,"TORNILLO HEX PAS AC GALV 3/8"" X 2""",4.0,0.0
3935,(CDA-MT1) 8',1008251,"TORNILLO MAQUINA AC GALV 1/2"" X 12""",1.0,0.0
3936,(CDA-MT1) 8',1007094,"TUERCA CAB HEX AC GALV P/TORNILLO 5/8""",0.0,0.0
3937,(C45-MT) 45° 6',1006696,GRAPA CONEXION DOBLE S/TOR,0.0,0.0
3938,(C45-MT) 45° 6',1006841,"PERNO ROSCA CORRIDA AC GALV 5/8""X14'",4.0,0.0
3939,(C45-MT) 45° 6',1006507,"CRUCETA ACERO GALV 5'-7"" 3""X3""X1/4"" 45°",2.0,0.0
3940,(C45-MT) 45° 6',1006264,"ARANDELA PRESION ACERO GALV P/TORN 5/8""",8.0,0.0
3941,(C45-MT) 45° 6',1007094,"TUERCA CAB HEX AC GALV P/TORNILLO 5/8""",1.0,0.0
3942,(C45-MT1) 45° 8',1007094,"TUERCA CAB HEX AC GALV P/TORNILLO 5/8""",0.0,0.0
3943,(C45-MT1) 45° 8',1006509,"CRUCETA ACERO GALV 8-0"" 3""X3""X1/4"" 45°",2.0,0.0
3944,(C45-MT1) 45° 8',1006264,"ARANDELA PRESION ACERO GALV P/TORN 5/8""",16.0,0.0
3945,(C45-MT1) 45° 8',1006841,"PERNO ROSCA CORRIDA AC GALV 5/8""X14'",4.0,0.0
3946,(C45-MT1) 45° 8',1006696,GRAPA CONEXION DOBLE S/TOR,0.0,0.0
3947,CV2 - MT Cruc. 6,1006264,"ARANDELA PRESION ACERO GALV P/TORN 5/8""",3.0,0.0
3948,CV2 - MT Cruc. 6,1007094,"TUERCA CAB HEX AC GALV P/TORNILLO 5/8""",0.0,0.0
3949,CV2 - MT Cruc. 6,1006696,GRAPA CONEXION DOBLE S/TOR,0.0,0.0
3950,CV2 - MT Cruc. 6,1006605,"FLEJE VERTICAL11/2""X11/2""X3/16""X35-1/2""",1.0,0.0
3951,CV2 - MT Cruc. 6,1006602,"FLEJE GALV 13/4""X13/4""X3/16""X60""ORF9/16""",1.0,0.0
3952,CV2 - MT Cruc. 6,1006262,"ARANDELA PRESION ACERO GALV P/TORN 1/2""",3.0,0.0
3953,CV2 - MT Cruc. 6,1006250,"ARAN PLAN CUA AC GALV 21/4""X21/4"" D 5/8""",3.0,0.0
3954,CV2 - MT Cruc. 6,1006506,"CRUCETA ACERO GALV 5'-7"" 3"" X 3""",2.0,0.0
3955,CV2 - MT Cruc. 6,1007200,"TORNILLO MAQUINA 1/2"" X 2""",3.0,0.0
3956,CV2 - MT Cruc. 6,1007057,"TORNILLO HEX PAS AC GALV 5/8"" X 12""",3.0,0.0
3957,CV2 - MT Cruc. 8,1006264,"ARANDELA PRESION ACERO GALV P/TORN 5/8""",3.0,0.0
3958,CV2 - MT Cruc. 8,1007094,"TUERCA CAB HEX AC GALV P/TORNILLO 5/8""",0.0,0.0
3959,CV2 - MT Cruc. 8,1006696,GRAPA CONEXION DOBLE S/TOR,0.0,0.0
3960,CV2 - MT Cruc. 8,1006605,"FLEJE VERTICAL11/2""X11/2""X3/16""X35-1/2""",1.0,0.0
3961,CV2 - MT Cruc. 8,1006595,"FLEJE AC GALV 1-3/4""X1-3/4""X3/16""X84""",1.0,0.0
3962,CV2 - MT Cruc. 8,1006262,"ARANDELA PRESION ACERO GALV P/TORN 1/2""",3.0,0.0
3963,CV2 - MT Cruc. 8,1006250,"ARAN PLAN CUA AC GALV 21/4""X21/4"" D 5/8""",3.0,0.0
3964,CV2 - MT Cruc. 8,1006508,"CRUCETA ACERO GALV 8'-0""3"" X 3""",2.0,0.0
3965,CV2 - MT Cruc. 8,1007200,"TORNILLO MAQUINA 1/2"" X 2""",3.0,0.0
3966,CV2 - MT Cruc. 8,1007057,"TORNILLO HEX PAS AC GALV 5/8"" X 12""",3.0,0.0
3967,CV3 - MT Cruc. 6,1006264,"ARANDELA PRESION ACERO GALV P/TORN 5/8""",3.0,0.0
3968,CV3 - MT Cruc. 6,1007094,"TUERCA CAB HEX AC GALV P/TORNILLO 5/8""",0.0,0.0
3969,CV3 - MT Cruc. 6,1006696,GRAPA CONEXION DOBLE S/TOR,0.0,0.0
3970,CV3 - MT Cruc. 6,1006605,"FLEJE VERTICAL11/2""X11/2""X3/16""X35-1/2""",2.0,0.0
3971,CV3 - MT Cruc. 6,1006602,"FLEJE GALV 13/4""X13/4""X3/16""X60""ORF9/16""",1.0,0.0
3972,CV3 - MT Cruc. 6,1006262,"ARANDELA PRESION ACERO GALV P/TORN 1/2""",4.0,0.0
3973,CV3 - MT Cruc. 6,1006250,"ARAN PLAN CUA AC GALV 21/4""X21/4"" D 5/8""",4.0,0.0
3974,CV3 - MT Cruc. 6,1006506,"CRUCETA ACERO GALV 5'-7"" 3"" X 3""",3.0,0.0
3975,CV3 - MT Cruc. 6,1007200,"TORNILLO MAQUINA 1/2"" X 2""",4.0,0.0
3976,CV3 - MT Cruc. 6,1007057,"TORNILLO HEX PAS AC GALV 5/8"" X 12""",4.0,0.0
3977,CV3 - MT Cruc. 8,1006264,"ARANDELA PRESION ACERO GALV P/TORN 5/8""",3.0,0.0
3978,CV3 - MT Cruc. 8,1007094,"TUERCA CAB HEX AC GALV P/TORNILLO 5/8""",0.0,0.0
3979,CV3 - MT Cruc. 8,1006696,GRAPA CONEXION DOBLE S/TOR,0.0,0.0
3980,CV3 - MT Cruc. 8,1006605,"FLEJE VERTICAL11/2""X11/2""X3/16""X35-1/2""",2.0,0.0
3981,CV3 - MT Cruc. 8,1006595,"FLEJE AC GALV 1-3/4""X1-3/4""X3/16""X84""",1.0,0.0
3982,CV3 - MT Cruc. 8,1006262,"ARANDELA PRESION ACERO GALV P/TORN 1/2""",4.0,0.0
3983,CV3 - MT Cruc. 8,1006250,"ARAN PLAN CUA AC GALV 21/4""X21/4"" D 5/8""",4.0,0.0
3984,CV3 - MT Cruc. 8,1006508,"CRUCETA ACERO GALV 8'-0""3"" X 3""",3.0,0.0
3985,CV3 - MT Cruc. 8,1007200,"TORNILLO MAQUINA 1/2"" X 2""",4.0,0.0
3986,CV3 - MT Cruc. 8,1007057,"TORNILLO HEX PAS AC GALV 5/8"" X 12""",4.0,0.0
3987,CV4 - MT Cruc. 6,1006840,"PERNO ROSCA CORRIDA AC GALV 5/8"" X12""",2.0,0.0
3988,CV4 - MT Cruc. 6,1006262,"ARANDELA PRESION ACERO GALV P/TORN 1/2""",6.0,0.0
3989,CV4 - MT Cruc. 6,1006264,"ARANDELA PRESION ACERO GALV P/TORN 5/8""",7.0,0.0
3990,CV4 - MT Cruc. 6,1006602,"FLEJE GALV 13/4""X13/4""X3/16""X60""ORF9/16""",1.0,0.0
3991,CV4 - MT Cruc. 6,1006506,"CRUCETA ACERO GALV 5'-7"" 3"" X 3""",2.0,0.0
3992,CV4 - MT Cruc. 6,1007282,"TORNILLO ESP ROSCA CORRIDA 1/2"" X12""",1.0,0.0
3993,CV4 - MT Cruc. 6,1006250,"ARAN PLAN CUA AC GALV 21/4""X21/4"" D 5/8""",1.0,0.0
3994,CV4 - MT Cruc. 8,1007057,"TORNILLO HEX PAS AC GALV 5/8"" X 12""",1.0,0.0
3995,CV4 - MT Cruc. 8,1006840,"PERNO ROSCA CORRIDA AC GALV 5/8"" X12""",3.0,0.0
3996,CV4 - MT Cruc. 8,1007282,"TORNILLO ESP ROSCA CORRIDA 1/2"" X12""",1.0,0.0
3997,CV4 - MT Cruc. 8,1006595,"FLEJE AC GALV 1-3/4""X1-3/4""X3/16""X84""",1.0,0.0
3998,CV4 - MT Cruc. 8,1006250,"ARAN PLAN CUA AC GALV 21/4""X21/4"" D 5/8""",1.0,0.0
3999,CV4 - MT Cruc. 8,1006264,"ARANDELA PRESION ACERO GALV P/TORN 5/8""",10.0,0.0
4000,CV4 - MT Cruc. 8,1006262,"ARANDELA PRESION ACERO GALV P/TORN 1/2""",4.0,0.0
4001,CV4 - MT Cruc. 8,1006508,"CRUCETA ACERO GALV 8'-0""3"" X 3""",2.0,0.0
4002,CV5 - MT Cruc. 6,1006696,GRAPA CONEXION DOBLE S/TOR,0.0,0.0
4003,CV5 - MT Cruc. 6,1007094,"TUERCA CAB HEX AC GALV P/TORNILLO 5/8""",0.0,0.0
4004,CV5 - MT Cruc. 6,1006264,"ARANDELA PRESION ACERO GALV P/TORN 5/8""",21.0,0.0
4005,CV5 - MT Cruc. 6,1006262,"ARANDELA PRESION ACERO GALV P/TORN 1/2""",8.0,0.0
4006,CV5 - MT Cruc. 6,1007057,"TORNILLO HEX PAS AC GALV 5/8"" X 12""",1.0,0.0
4007,CV5 - MT Cruc. 6,1006506,"CRUCETA ACERO GALV 5'-7"" 3"" X 3""",4.0,0.0
4008,CV5 - MT Cruc. 6,1006605,"FLEJE VERTICAL11/2""X11/2""X3/16""X35-1/2""",2.0,0.0
4009,CV5 - MT Cruc. 6,1006602,"FLEJE GALV 13/4""X13/4""X3/16""X60""ORF9/16""",1.0,0.0
4010,CV5 - MT Cruc. 6,1007026,"TORNILLO CABEZA HEXAGONAL 1/2"" X 2""",4.0,0.0
4011,CV5 - MT Cruc. 6,1006840,"PERNO ROSCA CORRIDA AC GALV 5/8"" X12""",4.0,0.0
4012,CV5 - MT Cruc. 6,1007282,"TORNILLO ESP ROSCA CORRIDA 1/2"" X12""",1.0,0.0
4013,CV5 - MT Cruc. 8,1006250,"ARAN PLAN CUA AC GALV 21/4""X21/4"" D 5/8""",1.0,0.0
4014,CV5 - MT Cruc. 8,1006264,"ARANDELA PRESION ACERO GALV P/TORN 5/8""",21.0,0.0
4015,CV5 - MT Cruc. 8,1007057,"TORNILLO HEX PAS AC GALV 5/8"" X 12""",1.0,0.0
4016,CV5 - MT Cruc. 8,1006262,"ARANDELA PRESION ACERO GALV P/TORN 1/2""",8.0,0.0
4017,CV5 - MT Cruc. 8,1006508,"CRUCETA ACERO GALV 8'-0""3"" X 3""",4.0,0.0
4018,CV5 - MT Cruc. 8,1006605,"FLEJE VERTICAL11/2""X11/2""X3/16""X35-1/2""",2.0,0.0
4019,CV5 - MT Cruc. 8,1006595,"FLEJE AC GALV 1-3/4""X1-3/4""X3/16""X84""",1.0,0.0
4020,CV5 - MT Cruc. 8,1007026,"TORNILLO CABEZA HEXAGONAL 1/2"" X 2""",4.0,0.0
4021,CV5 - MT Cruc. 8,1006840,"PERNO ROSCA CORRIDA AC GALV 5/8"" X12""",6.0,0.0
4022,CV5 - MT Cruc. 8,1007282,"TORNILLO ESP ROSCA CORRIDA 1/2"" X12""",1.0,0.0
4023,"TOTALIZADOR INDIRECTO, NO TELEMEDIDO, RED NRMAL",1009465,"Medidor Res. tipo Socket, Básico, 240V, CL 20, FORMA 4S",1.0,0.0
4024,"TOTALIZADOR INDIRECTO, NO TELEMEDIDO, RED NRMAL",1005533,CT De Baja Tensión,2.0,0.0
4025,"TOTALIZADOR INDIRECTO, NO TELEMEDIDO, RED NRMAL",1008812,Base Circular Para Medidor 4s,1.0,0.0
4026,"TOTALIZADOR INDIRECTO, NO TELEMEDIDO, RED NRMAL",1006046,Tubería Liquid Tight de 1”,2.0,0.0
4027,"TOTALIZADOR INDIRECTO, NO TELEMEDIDO, RED NRMAL",1006483,Conector recto para tubería liquid tight 1”,1.0,0.0
4028,"TOTALIZADOR INDIRECTO, NO TELEMEDIDO, RED NRMAL",1006436,Conector curvo para tubería liquid tight 1”,1.0,0.0
4029,"TOTALIZADOR INDIRECTO, NO TELEMEDIDO, RED NRMAL",1006036,"TARUGO PLASTICO 1/4"" X 1""",2.0,0.0
4030,"TOTALIZADOR INDIRECTO, NO TELEMEDIDO, RED NRMAL",1007077,TORNILLO TIRAFONDO 1 ½” X 3/16” No 10,2.0,0.0
4031,"TOTALIZADOR INDIRECTO, NO TELEMEDIDO, RED NRMAL",1006266,ARO DE SEGURIDAD P/ MEDIDOR TIPO SOCKET,1.0,0.0
4032,"TOTALIZADOR INDIRECTO, NO TELEMEDIDO, RED NRMAL",1006075,Cable De Control De 6 Hilos De # 12 AWG,10.0,0.0
4033,"TOTALIZADOR INDIRECTO, NO TELEMEDIDO, RED NRMAL",1006345,BRIDA DE SUJECCION HASTA 50 MM,3.0,0.0
4034,"TOTALIZADOR INDIRECTO, NO TELEMEDIDO, RED NRMAL",1008100,Sello De Seguridad Tipo Pin,1.0,0.0
4035,"TOTALIZADOR INDIRECTO, NO TELEMEDIDO, RED NRMAL",1008249,"FLEJE 10 X 0,4",2.0,0.0
4036,"TOTALIZADOR INDIRECTO, NO TELEMEDIDO, RED NRMAL",1006721,"HEBILLA P/FLEJE 10MM 1/2""",3.0,0.0
4037,"TOTALIZADOR INDIRECTO, NO TELEMEDIDO, RED NRMAL",1007009,Terminal De Ojo cerrado 10-12 AWG,6.0,0.0
4038,"TOTALIZADOR INDIRECTO, NO TELEMEDIDO, RED ANF",1009465,"Medidor Res. tipo Socket, Básico, 240V, CL 20, FORMA 4S",1.0,0.0
4039,"TOTALIZADOR INDIRECTO, NO TELEMEDIDO, RED ANF",1005533,CT De Baja Tensión,2.0,0.0
4040,"TOTALIZADOR INDIRECTO, NO TELEMEDIDO, RED ANF",1008812,Base Circular Para Medidor 4s,1.0,0.0
4041,"TOTALIZADOR INDIRECTO, NO TELEMEDIDO, RED ANF",1006046,Tubería Liquid Tight de 1”,2.0,0.0
4042,"TOTALIZADOR INDIRECTO, NO TELEMEDIDO, RED ANF",1006483,Conector recto para tubería liquid tight 1”,1.0,0.0
4043,"TOTALIZADOR INDIRECTO, NO TELEMEDIDO, RED ANF",1006436,Conector curvo para tubería liquid tight 1”,1.0,0.0
4044,"TOTALIZADOR INDIRECTO, NO TELEMEDIDO, RED ANF",1006036,"TARUGO PLASTICO 1/4"" X 1""",2.0,0.0
4045,"TOTALIZADOR INDIRECTO, NO TELEMEDIDO, RED ANF",1007077,TORNILLO TIRAFONDO 1 ½” X 3/16” No 10,2.0,0.0
4046,"TOTALIZADOR INDIRECTO, NO TELEMEDIDO, RED ANF",1006266,ARO DE SEGURIDAD P/ MEDIDOR TIPO SOCKET,1.0,0.0
4047,"TOTALIZADOR INDIRECTO, NO TELEMEDIDO, RED ANF",1006075,Cable De Control De 6 Hilos De # 12 AWG,10.0,0.0
4048,"TOTALIZADOR INDIRECTO, NO TELEMEDIDO, RED ANF",1006345,BRIDA DE SUJECCION HASTA 50 MM,3.0,0.0
4049,"TOTALIZADOR INDIRECTO, NO TELEMEDIDO, RED ANF",1008100,Sello De Seguridad Tipo Pin,1.0,0.0
4050,"TOTALIZADOR INDIRECTO, NO TELEMEDIDO, RED ANF",1008249,"FLEJE 10 X 0,4",2.0,0.0
4051,"TOTALIZADOR INDIRECTO, NO TELEMEDIDO, RED ANF",1006721,"HEBILLA P/FLEJE 10MM 1/2""",3.0,0.0
4052,"TOTALIZADOR INDIRECTO, NO TELEMEDIDO, RED ANF",1007009,Terminal De Ojo cerrado 10-12 AWG,6.0,0.0
4053,"TOTALIZADOR INDIRECTO, NO TELEMEDIDO, RED ANF",1006225,"Adaptador macho PVC de 1""",1.0,0.0
4054,"TOTALIZADOR INDIRECTO, NO TELEMEDIDO, RED ANF",1005990,Cemento para tuberia PVC,1.0,0.0
4055,"TOTALIZADOR INDIRECTO, NO TELEMEDIDO, RED ANF",1007090,"Tubo PVC DE 1""X 19'",1.0,0.0
